:020000040800F2
:1000000070EB002489040008B1780008CD6F000867
:1000100049780008310F0008D5940008000000005E
:10002000000000000000000000000000C9030008FC
:10003000851700080000000025040008417C000826
:10004000A3040008A3040008A3040008A3040008F4
:10005000A3040008A3040008A3040008A3040008E4
:10006000A3040008A3040008A3040008AD100008BE
:10007000B9100008C5100008D1100008DD100008F4
:10008000E9100008F5100008A30400088D17000807
:1000900099170008A3040008A3040008A30400089B
:1000A000A3040008B17D0008A3040008A30400080D
:1000B000A3040008A3040008A3040008A304000884
:1000C000A3040008A3040008A3040008A304000874
:1000D000A304000891920008A3040008B992000844
:1000E000A3040008A304000800000000A304000803
:1000F000A3040008A3040008A304000801110008D9
:10010000A3040008A3040008A3040008A304000833
:1001100031830008A3040008A3040008A304000816
:100120000D1100081911000825110008A30400088A
:10013000A3040008A3040008A3040008A304000803
:1001400000000000000000000000000000000000AF
:10015000A3040008A3040008A3040008A3040008E3
:10016000A3040008A3040008A3040008A3040008D3
:10017000A3040008A3040008A30400080000000072
:10018000A3040008A3040008598300088183000821
:10019000A3040008A3040008A3040008A3040008A3
:1001A000A3040008A3040008A30400080000000042
:1001B000A3040008A3040008A3040008A304000883
:1001C000A3040008A30400080000000000000000D1
:1001D0000000000000000000A30400080000000070
:1001E000000000000000000000000000000000000F
:1001F0000000000000000000A3040008A3040008A1
:10020000A3040008A304000800000000A3040008E1
:10021000A3040008A3040008A3040008A304000822
:10022000A304000800000000A30400080000000070
:10023000A3040008A304000800000000A3040008B1
:10024000A3040008A3040008A3040008A3040008F2
:10025000A3040008A3040008A3040008A3040008E2
:10026000A3040008A3040008A3040008A3040008D2
:10027000A3040008A3040008A30400080000000071
:10028000A3040008A3040008A3040008A3040008B2
:1002900000000000A3040008A30400080000000000
:1002A00000000000A3040008A3040008A304000841
:1002B000A3040008A3040008A3040008A51700086D
:1002C000A3040008A3040008A304000800F002F837
:1002D00000F06AF80AA090E8000C82448344AAF176
:1002E0000107DA4501D100F05FF8AFF2090EBAE874
:1002F0000F0013F0010F18BFFB1A43F0010318475A
:10030000442B0100642B01000A444FF0000C10F84C
:10031000013B13F0070408BF10F8014B1D1108BF83
:1003200010F8015B641E05D010F8016B641E01F823
:10033000016BF9D113F0080F1EBF10F8014BAD1C73
:100340000C1B09D16D1E58BF01F801CBFAD505E091
:1003500014F8016B01F8016B6D1EF9D59142D6D3EB
:10036000704700000023002400250026103A28BF13
:1003700078C1FBD8520728BF30C148BF0B60704717
:10038000642900F02D82002070471FB511F000FD98
:100390009DE8030000F0C4FB00F08CFB1FBD10B50E
:1003A000002000F074FC10BD00F0CBFC1146FFF7FC
:1003B000ECFF0FF0EFFE00F0E9FC03B4FFF7EFFFF6
:1003C00003BC00F04DFD00002C4B19680868B0E834
:1003D000F04F80F30988BFF36F8F4FF0000080F378
:1003E000118870470000000008480068006880F32A
:1003F00008884FF0000080F3148862B661B6BFF33E
:100400004F8FBFF36F8F00DF00BF00BF08ED00E02C
:10041000DFF80C00016841F470010160704700BF13
:1004200088ED00E0EFF30980BFF36F8F134B1A687C
:100430001EF0100F08BF20ED108A20E9F04F106069
:1004400009B44FF0500080F31188BFF34F8FBFF312
:100450006F8F10F0F5FE4FF0000080F3118809BC9B
:1004600019680868B0E8F04F1EF0100F08BFB0EC34
:10047000108A80F30988BFF36F8F70476C000024E7
:10048000EFF305807047000009488047094800479E
:10049000FEE7FEE7FEE7FEE7FEE7FEE7FEE7FEE734
:1004A000FEE7FEE704480549054A064B7047000091
:1004B000F17C0008CD02000870D7002470EB002406
:1004C00070E7002470E700249FED1A1AF5EE000A89
:1004D00040EE010ABDEEE00AF5EEC00A10EE100A89
:1004E000F1EE10FA38BF401E00EE100A1349F7EE85
:1004F000001AB8EEC00A30EEC00ADFED0F0A20EE97
:10050000200AFCEEC00A10EE900AC0F3080000EECC
:10051000900A01EB8000F8EE600A90ED011A70EE8F
:10052000600A90ED000A71EEE01A21EE800A00EEFA
:10053000810A704783F9223E0000004430230108FD
:10054000DFED190AB5EEC00A60EE200ABDEEE01A32
:1005500011EE100AF1EE10FA38BF401E00EE100A3C
:100560001349F7EE001AB8EEC00A30EEC00ADFED0C
:100570000F0A60EE200ABCEEE00A10EE100AC0F38B
:10058000080000EE100A01EB8000B8EE400A90ED82
:10059000011A70EEC00A90ED000A71EEE01A21EE29
:1005A000800A00EE810A704783F9223E0000004471
:1005B0003023010870B5064600F08EFA056806F192
:1005C0000B0020F00704B4429CBF002070BD2B46F6
:1005D0006A68BAB11068A04210D304F108018842D9
:1005E0003CBF5068586007D35168101941601168CA
:1005F000091B016058601460101D70BD13465268DD
:10060000002AE7D12146284600F076FA0028DED1FC
:1006100070BD70B50446051F00F05EFA0068002C3E
:1006200014BF446870BD002C18BFAC423CBF2046CC
:100630006468F8D301680A18AA4218BF456003D15C
:100640002A6805461144016028684119A1421CBF6F
:100650006C6070BD6168696021680844286070BD85
:1006600053EA020C00F069802DE9F04B4FF00006D0
:10067000002B1FBFB3FA83F503FA05F424FA05F63D
:100680005E4012BF1643B2FA82F502FA05F4C5F1D4
:1006900020051EBF22FA05FC44EA0C04203556EA68
:1006A000044C4FEA144418BF641C4FF000084FF08C
:1006B0000009904271EB030C39D3002919BFB1FA3C
:1006C00081F701FA07F6B0FA80F700FA07F6C7F1EA
:1006D00020071EBF20FA07FC46EA0C062037B6FBAF
:1006E000F4FCA7EB0507103F07F01F0BCBF120062A
:1006F0000CFA0BFB2CFA06F644BFB3460026202F5B
:10070000A4BF5E464FF0000B5BEA060C08BF4FF03B
:10071000010B19EB0B09ABFB027C48EB0608C01B75
:1007200006FB02CC0BFB03CC71EB0C01C1E70B46C3
:10073000024641464846BDE8F08B13B54FF0000035
:100740004FF00001AFF30080BDE81C40704700008F
:100750000FB41CB5074B06AA7B4469460090059868
:1007600000F07DFA0020694600F08CFA1CBC5DF8B0
:1007700014FB0000290500002DE9F0410E46044657
:10078000002020622046E168884730B3252805D044
:10079000D4E901219047206A401CF2E7E168204635
:1007A00000278847050018D0A5F14100192802D874
:1007B00020354FF400673246294620462760FFF770
:1007C000DFFD40B1012804D0F61D26F007060836EB
:1007D000D8E7361DD6E72846DAE7206ABDE8F0817B
:1007E0002DE9F0410646002410687529314616A50A
:1007F00010D0AFF30080002802DA404213A507E0D2
:1008000031688A0701D512A502E0490704D511A570
:10081000012401E0AFF3008000210A2206F1240741
:1008200009E0B0FBF2FCB0FBF2F302FB1C0030303D
:1008300078541846491C0028F3D123462A463046EE
:10084000BDE8F04100F0ADB9000000002D0000004F
:100850002B000000200000002DE9F041074615465E
:100860000E461020FFF7A6FE04000AD06760C4E918
:10087000026500F039F90168216004600020BDE8DC
:10088000F0810120FBE740EA010310B59B070FD17F
:10089000042A0DD310C808C9121F9C42F8D020BAF0
:1008A00019BA884201D9012010BD4FF0FF3010BDA8
:1008B0001AB1D30703D0521C07E0002010BD10F876
:1008C000013B11F8014B1B1B07D110F8013B11F83C
:1008D000014B1B1B01D1921EF1D1184610BD10B562
:1008E000431C02E010F8011B71B18107FAD14FF0EF
:1008F000013202C88C1A8C4314EAC211F9D0C01A12
:100900000A0603D0C01E10BDC01A10BD0A0401D0D3
:10091000801E10BD0902FCD0401E10BD032A40F20B
:10092000308010F0030C00F0158011F8013BBCF191
:10093000020F624498BF11F801CB00F8013B38BFA9
:1009400011F8013BA2F1040298BF00F801CB38BFB7
:1009500000F8013B11F0030300F02580083AC0F0D5
:10096000088051F8043B083A51F804CBA0E808107D
:10097000F5E7121D5CBF51F8043B40F8043BAFF3B0
:100980000080D20724BF11F8013B11F801CB48BF0A
:1009900011F8012B24BF00F8013B00F801CB48BF40
:1009A00000F8012B704710B5203AC0F00B80B1E879
:1009B0001850203AA0E81850B1E81850A0E8185094
:1009C000BFF4F5AF5FEA027C24BFB1E81850A0E89D
:1009D000185044BF18C918C0BDE810405FEA827CB7
:1009E00024BF51F8043B40F8043B08BF7047D207CE
:1009F00028BF31F8023B48BF11F8012B28BF20F86F
:100A0000023B48BF00F8012B704702F0FF0343EAA6
:100A1000032242EA024200F002B84FF00002042929
:100A2000C0F0128010F0030C00F01B80CCF1040C1D
:100A3000BCF1020F18BF00F8012BA8BF20F8022B51
:100A4000A1EB0C0100F00DB85FEAC17C24BF00F8F7
:100A5000012B00F8012B48BF00F8012B70474FF025
:100A6000000200B5134694469646203922BFA0E8FE
:100A70000C50A0E80C50B1F12001BFF4F7AF09070A
:100A800028BFA0E80C5048BF0CC05DF804EB8900FB
:100A900028BF40F8042B08BF704748BF20F8022B3E
:100AA00011F0804F18BF00F8012B70477047704756
:100AB0007047000070B5064C7C44064D7D4403E051
:100AC000206820448047241DAC42F9D170BD00004D
:100AD000A8230100C42301000048704718D7002450
:100AE0000048704744D700240048704748D7002486
:100AF000704770477047704738B504460A46002073
:100B00006946AFF30080002808BF38BD024600994F
:100B1000204600F0E7F8012038BD012000F0FCB8C5
:100B2000F8B5AFF30080054600200C46102000BF4A
:100B30000646A819A0420DD9324669460020AFF3F7
:100B40000080070008BF00F0E7F80098A04218BF37
:100B50000546C419FFF7C0FF05600746F01D20F0E9
:100B600007004619284600F00AF8B44208BFF8BD4D
:100B7000A21B31463868BDE8F84000F0B3B8002148
:100B80000160C0E9011070471020704710B500F0F7
:100B9000A5F8006810BD10B5044600F09FF8046089
:100BA00010BD2DE9F0470D4699469246044600F1E6
:100BB00024080168880604D5E06921F0100121604D
:100BC00000E00120A84201DD471B00E00027A169E9
:100BD0007A1902EB0900081AA0612078C00602D435
:100BE0002046AFF30080002608E0D4E901211AF87E
:100BF00006009047206A401C761C20624E45F4DBBC
:100C00002078C0060AD52046AFF3008006E0D4E97C
:100C1000012130209047206A401C2062381EA7F135
:100C20000107F4DC07E0D4E9012118F8050090473A
:100C3000206A401C2062281EA5F10105F3DC204635
:100C4000AFF300802078000602D50220BDE8F087CF
:100C50000120FBE701694A1C02610878704700B572
:100C60008FB0CDE901310021059105497944CDE9E5
:100C7000031011466846FFF77FFD0FB000BD00006E
:100C8000E5FFFFFF0A6802F8010B0A6070472DE9D3
:100C9000F0410646FFF728FF8046454613E016B1AF
:100CA000E068B0420ED120682860D4E90101D8F88C
:100CB000007088472046FFF7ACFCD8F80000B84227
:100CC000EBD100E025462C68002CE8D1BDE8F0818E
:100CD00000F029B80048704710D70024004870473A
:100CE00010D70024034640688C46002818BF88426D
:100CF0003CBF03464068F8D318681844884207D0C0
:100D00000CF1030020F00700001D411A521A0146A1
:100D1000081D0A60FFF77DBC10B500F051F8BDE872
:100D2000104000F047B810B500F075F8016919B12E
:100D300000220261884701E08068804700F02FF8B8
:100D400070477546FFF7C6FFAE4605006946534635
:100D500020F00700854618B020B5FFF7A3FBBDE8DB
:100D600020404FF000064FF000074FF000084FF012
:100D7000000B21F00701AC46ACE8C009ACE8C009A3
:100D8000ACE8C009ACE8C0098D46704710B5044610
:100D9000AFF300802046BDE81040FFF70EBB10B552
:100DA000002000F080F8FFF7FAFABDE810400120BB
:100DB00000F056B8002801D000F052B8704700008B
:100DC00010B5012805D0002103A000F053F8012040
:100DD00010BD09A1F8E7000053494752544D454D55
:100DE0003A204F7574206F662068656170206D65CC
:100DF0006D6F7279000000003A2048656170206DC7
:100E0000656D6F727920636F7272757074656400BE
:100E100010B5FFF7C4FF70B500F028F80468054668
:100E2000A4B92020FFF7C6FB040011D00949002017
:100E30002C60C4E900010849A16020732061606151
:100E40000649A06109B100F035F8E061204670BDA7
:100E5000FFF7A5FF00000000110E000800000000D1
:100E600001491820ABBEFEE726000200004870478B
:100E70004CD7002470B505460C460A2000E06D1CD6
:100E800000F036F835B128780028F8D102E0641C6B
:100E900000F02EF814B120780028F8D1BDE8704099
:100EA0000A2000F025B810B500F02AF8BDE810407F
:100EB000FFF780BF10B58820FFF77CFB002801D02A
:100EC0000021017010BD802902D808B1017809B154
:100ED00000207047012100F8081B704718B100F18D
:100EE0000802914201D00020704700210170704734
:100EF00008B569468DF800000320ABBE08BD0000B0
:100F000010B5002102A0FFF7B5FF012010BD0000C1
:100F1000534947414252543A2041626E6F726D61AB
:100F20006C207465726D696E6174696F6E0000008B
:100F3000FEE70000094C4FF0FF36094D32460849E4
:100F4000206810F0FBFB0028F8D0064869680CF018
:100F500063FD054801210AF021F8EFE73C00002479
:100F6000F4000024E45E002488850024094C4FF03E
:100F7000FF36094D32460849206810F0DFFB002893
:100F8000F8D0064869680CF077FE054802210AF09F
:100F900005F8EFE740000024FC000024E45E002494
:100FA00088850024094C4FF0FF36094D3246084928
:100FB000206810F0C3FB0028F8D0064869680CF0E0
:100FC0003DFF0548032109F0E9FFEFE74400002455
:100FD00004010024E45E0024888500241CB5204818
:100FE0000BF0DEFF1E4C1F4E1F4F204D1C480CF017
:100FF000FDF91B480CF0B2FA94F8FA0428B318482B
:101000000CF068FC16480CF05FF87C34B4F93C0036
:10101000B4F92810CDE9001012483146B4F9143063
:1010200034F97C290C380DF0E7FC002328681A46B7
:10103000394610F071FA10F0CBFC014608480DF06B
:101040001DFF01200FF03AF9D0E700200090019039
:1010500003460246034831460C380DF0CDFCE4E768
:10106000006000241C8800248489002438000024A7
:101070000B480DF095F90B4D0B4C09480DF0F8F9A4
:1010800007480DF0B9F906480DF058F9002320681B
:101090001A46294610F040FA01200FF00FF9ECE74C
:1010A000606500249489002438000024014801F080
:1010B00089B80000E4130024014801F083B800005F
:1010C0005C140024014801F07DB8000014110024D4
:1010D000014801F077B800008C110024014801F0AC
:1010E00071B8000004120024014801F06BB8000040
:1010F0007C120024014801F065B80000B80D0024FE
:10110000014801F05FB80000F4120024014801F02A
:1011100059B800006C130024014801F053B80000D6
:10112000D4140024014801F04DB800004C150024EF
:1011300010B52C4A016891423AD02A4A183291429D
:1011400036D0284A3032914232D0264A4832914233
:101150002ED0244A603291422AD0224A78329142DB
:1011600026D0204A9032914222D01E4AA832914283
:101170001ED01D4A91421BD01B4A1832914217D0F3
:10118000194A3032914213D0174A483291420FD057
:10119000154A603291420BD0134A7832914207D0FF
:1011A000114A9032914203D00F4AA832914214D191
:1011B000CAB2103A1823B2FBF3F20C4C02F0070348
:1011C000E35CC365032A04D96FF30901091D816536
:1011D00006E06FF30901816502E021F0FF018165FE
:1011E000806D10BD1000024010040240941F0108E1
:1011F00010B501680123224CCAB2A1421BD0204C79
:101200001434A14217D01E4C2834A14213D01C4CD8
:101210003C34A1420FD01A4C5034A1420BD0184C90
:101220006434A14207D0164C7834A14203D0144C48
:101230008C34A1420FD1083A1421B2FBF1F1114ACA
:1012400002EB810202660F4A8032426601F01F0102
:101250008B40836610BD103A1824B2FBF4F20A4C9E
:101260002144A82900D80832084901EB820101660F
:1012700006498031416602F01F018B40836610BD34
:101280000854025800580258F0FBFDBF0008024005
:101290000279521E072A31D8194B016899421BD096
:1012A000174B1433994217D0154B2833994213D05A
:1012B000134B3C3399420FD0114B503399420BD012
:1012C0000F4B6433994207D00D4B7833994203D0CA
:1012D0000B4B8C33994207D10A4901EB8201C1665D
:1012E00008494031016706E0074901EB8201C16608
:1012F0000549403101670121914041677047000075
:10130000085402580059025800090240014610B51D
:1013100000208B694FF0C0748A6A002B0ED0B3F5A1
:10132000005F1AD062B3012A2AD0022A28D0032AE9
:1013300003D1C96AC90100D5012010BD1AB1012A23
:1013400006D0022AF9D1C96AC901F6D5012010BD1B
:10135000C96AA142FBD1012010BD52B1012A0AD0B5
:10136000022A06D0032AF7D1C96AA142F4D101208A
:1013700010BD012010BDC96AC901FBD5012010BDF7
:10138000012010BD2DE9F04F856D8A4E894FDFF8A1
:1013900024C2A836DFF81C82DFF818920CF1180C72
:1013A000DFF810A208F13008DFF808B209F14809A7
:1013B00004680AF1600A0BF1780BBC426DD06445F9
:1013C0006BD0444569D04C4567D0544565D05C45E9
:1013D00063D0DFF8E0E10EF1900E74455DD0B442C9
:1013E0005BD0DFF8D4E1744557D0DFF8CCE10EF1E3
:1013F000180E744551D0DFF8C0E10EF1300E74457F
:101400004BD0DFF8B4E10EF1480E744545D0DFF85B
:10141000A8E10EF1600E74453FD0DFF89CE10EF1BB
:10142000780E744539D0DFF890E10EF1900E7445D6
:1014300033D0DFF884E10EF1A80E74452DD0DFF82B
:101440007CE1744529D0DFF874E10EF1140E744587
:1014500023D0DFF868E10EF1280E74451DD0DFF8C7
:101460005CE10EF13C0E744517D0DFF850E10EF14F
:10147000500E744511D0DFF844E10EF1640E74454E
:101480000BD0DFF838E10EF1780E744505D0DFF8A7
:101490002CE10EF18C0E744509D1D0E919E4CEF897
:1014A0000440C46E1CB1D0E91CE4CEF804400468CA
:1014B000BC422ED064452CD044452AD04C4528D07F
:1014C000544526D05C4524D03A4F9037BC4220D0BA
:1014D000B4421ED0384EB4421BD0374E1836B442F8
:1014E00017D0354E3036B44213D0334E4836B4425E
:1014F0000FD0314E6036B4420BD02F4E7836B44206
:1015000007D02D4E9036B44203D02B4EA836B442AD
:101510001BD190F85C4004F01F063F24B440AC603F
:101520000468256825F48025256004686360836865
:10153000402B05D0036899600068C260BDE8F08F59
:1015400003689A600068C160F8E71C4EB4421BD083
:101550001A4E1436B44217D0184E2836B44213D05F
:10156000164E3C36B4420FD0144E5036B4420BD017
:10157000124E6436B44207D0104E7836B44203D0CF
:101580000E4E8C36B442D9D190F85C4004F01F0660
:101590000124B4406C60046863608368402B04D00D
:1015A000036899600068C260C8E703689A600068D1
:1015B000C160C3E710000240100402400854025802
:1015C0000F4E4FF0FF370F4D0F4C3A46291D306834
:1015D00010F0B4F80028F8D06868D4F81811401C4E
:1015E0000FF0D8FBD4F8180108F02EFFD4F818013A
:1015F00009F086F80548092109F0D0FCE5E700006C
:10160000500000241C010024E45E0024888500248E
:1016100000B52DED028B81B00D494968009101683C
:10162000009A511A00EE101A0A49F8EE400A91ED9C
:10163000000AB8EE400A80EE808A0099016008F046
:1016400023FA01B0B0EE480ABDEC028B00BD0000E9
:10165000001000E0580A002410B500F043F80C48D0
:101660009FED0C1A90ED000A8188C08800EE901A58
:10167000B8EE400AF8EE600A00EE810A00EE900A29
:101680009FED051AF8EE600A00EE810A10BD000019
:10169000880A00246F12833ABD3786350D490A68DF
:1016A00042F080720A600C4900224A600B6843F0E5
:1016B00001030B6009494843094908604FF47A73F4
:1016C000B0FBF3F34B60054BB0FBF3F08860CA60EE
:1016D00070470000FCED00E0001000E040420F0009
:1016E000580A00242DE9F84F24484068009008F07B
:1016F000CBF9DFF88C904FF0FF334FF0000A0098E1
:101700005146D9F80C20E2FB030104460D46C9E915
:101710000E01D9F800B00023204629465A46FEF7AC
:101720009FFFC9E9060106460F463046A0FB0B2184
:1017300007FB0B1106FB0A13A01A65EB0301074612
:101740008846C9E9080109F1300426600023D9F868
:101750000450384641462A46FEF782FF82B2A280F4
:101760006A43B81A68EB0A01C9E90A01D9F80820E6
:101770000023FEF775FFE080BDE8F88F001000E061
:10178000580A0024704772B6FEE70000014801F0D5
:10179000F1BD0000F40A0024014801F0EBBD000097
:1017A000940B0024014801F0E5BD0000340C002436
:1017B00030B5426B036853F8844F4FF6FC718C438D
:1017C00044EA82041C60036853F8844F058F24F4B4
:1017D0007F0444EA05441C60836B1A44036853F891
:1017E000884F8C4344EA82041C60036853F8884F96
:1017F000858F24F4FE0444EA05441C60C36B02EBAD
:101800004302036853F8A04F8C4344EA82041C60EF
:10181000036853F8A04FB0F8405024F4FE0444EAA3
:1018200005441C60D0E9103403FB0422036853F81C
:10183000B04F8C4344EA82041C60036853F8B04FF5
:10184000B0F8485024F4FE0444EA05441C60D0E992
:10185000123403FB0422036853F8AC4F8C4344EA70
:1018600082041C60D0E9143403FB0422036853F89B
:10187000F04F8C4344EA82041C60036853F8F04F35
:10188000B0F8585024F47C1444EA05441C60836D7D
:1018900002EB4303026852F8C04F8C4344EA8301D1
:1018A0001160016851F8C02FB0F85C3022F47C124E
:1018B00042EA03420A60016851F8C02F90F8603094
:1018C00022F07C5242EA03620A60416B224A02EB38
:1018D0008101C166826B01EB82020267C36B02EB7E
:1018E000C3024267D0E91034634302EB830282678C
:1018F000D0E91234634302EB8302C267D0E91434A7
:10190000634302EB8302C0F88020836D02EBC302C5
:10191000C0F88420C46D836E5C4302EB8402C0F87F
:101920008820046E5C4302EB8402C0F890200B4BCD
:101930009A4208D99830416841F020014160032162
:101940000170012030BD002200E004C1D0F89030C9
:101950008B42FAD8002030BD00AC0040FCD30040E0
:10196000F0B5D1E901650C692C430D68002E1AD041
:1019700045F080452C4391F82070D1E90665354348
:101980004E6946EA076635438E8945EA0645D0F832
:101990008460806E584306EB80031C605D600833F2
:1019A00000200B4E0FE044EA8544E4E71418155C70
:1019B000E77845EA0765A77864783F0447EA042496
:1019C000254320C3001DCC68345D8442EED8F0BDB1
:1019D0009C1F01082DED028B88B05F4809F004FDC3
:1019E0005F4800275D4E00F17C0107915839069150
:1019F0000C3900F1300A00F13C0B9FED5A8ADFF8F8
:101A000058814830CDE90401574808F50065DFF8F2
:101A10005C9108F58054039009F0C0F84E480AF034
:101A200031FA4D480AF0C0FB3078401C40B23070AB
:101A3000022800DB377094F8BD0F00285AD04648C2
:101A40000AF0A0FF444809F0FDFF4948079990EDCE
:101A5000650A43480CF00EFF307810B3B4F99405D2
:101A60000022CDE90007B4F9943059463C480CF007
:101A7000C3FFB4F9E00CB4F9141CCDE90010B4F9BB
:101A8000483BB4F97C2A364806990CF0B5FF00971C
:101A900051460197B4F9783EB4F9AC2D30480CF0BA
:101AA000ABFFB8F9AC202E4805990CF073FF95ED0B
:101AB000A90AD5EDA80A2A48B1EE400A049930EEE9
:101AC000602AB0EE480AF0EE401AB0EE401AF0EE8E
:101AD000400A0CF0F1FEFFF7BFFD88ED190A002364
:101AE0000399D9F800001A460FF016FD01200EF0F8
:101AF000E5FB91E71A48002205990CF04BFF002303
:101B0000174806991A4600970CF058FF002314480E
:101B10001A46514600970CF051FF11480799B0EE54
:101B2000480A0CF0A7FE95EDA90A0D480499B1EEFC
:101B3000402AF0EE481AB0EE481AF0EE480AB0EE2D
:101B4000480A0CF0B9FE002305481A46594600978A
:101B500001970CF051FFBEE7C86500243C0100244A
:101B600010880024000000007C8900243800002434
:101B7000C8710024074809F097FA4FF496700EF0E8
:101B80009DFB044809F01EFA09F03CF902200EF012
:101B900095FBF6E7888500242DE9F84F044602F00E
:101BA0009DF800905CB194F83500022809D080209F
:101BB0006065002084F834000120BDE8F88F012022
:101BC000FBE7D14ED04FD0491836DFF83C83303791
:101BD000DFF83493DFF830A308F14808DFF828B3C2
:101BE00009F1600920680AF1780A0BF1900B88422C
:101BF0002ED0B0422CD0B8422AD0404528D04845FB
:101C000026D0504524D0584522D0BF4AA832904211
:101C10001ED0BE4A90421BD0BC4A1832904217D008
:101C2000BA4A3032904213D0B84A483290420FD06C
:101C3000B64A603290420BD0B44A7832904207D014
:101C4000B24A9032904203D0B04AA83290420AD1B0
:101C5000026822F01E0202602068426922F08002BF
:101C60004261256804E0026822F00E0202602568E5
:101C7000206888424DD0B0424BD0B84249D0404550
:101C800047D0484545D0504543D0584541D09E4A5D
:101C9000A83290423DD09D4A90423AD09B4A183299
:101CA000904236D0994A3032904232D0974A4832E8
:101CB00090422ED0954A603290422AD0934A783290
:101CC000904226D0914A9032904222D08F4AA83238
:101CD00090421ED08E4A90421BD08D4A14329042C0
:101CE00017D08B4A2832904213D0894A3C32904216
:101CF0000FD0874A503290420BD0854A64329042CE
:101D000007D0834A7832904203D0814A8C32904285
:101D100004D1206E026822F4807202607A49206841
:101D200088422ED0B0422CD0B8422AD0404528D08C
:101D3000484526D0504524D0584522D07249A83174
:101D400088421ED0714988421BD0704918318842A0
:101D500017D06E493031884213D06C4948318842DF
:101D60000FD06A49603188420BD068497831884287
:101D700007D066499031884203D06449A83188422F
:101D800004D1016821F00101016013E0016821F034
:101D9000010101600EE001F0A1FF0099401A052841
:101DA00008D9202034342062032060700020207085
:101DB000012002E72868C007EDD1534A01212068BD
:101DC00090422ED0B0422CD0B8422AD0404528D0E4
:101DD000484526D0504524D0584522D04A4BA833F8
:101DE00098421ED0494B98421BD0484B183398421A
:101DF00017D0464B3033984213D0444B4833984267
:101E00000FD0424B603398420BD0404B783398420E
:101E100007D03E4B9033984203D03C4BA8339842B6
:101E200008D1A06D94F85C3003F01F053F23AB4050
:101E3000836007E0A06D94F85C3003F01F0301FAA3
:101E400003F34360206890424DD0B0424BD0B8427B
:101E500049D0404547D0484545D0504543D05845E6
:101E600041D0294AA83290423DD0284A90423AD0E7
:101E7000264A1832904236D0244A3032904232D02C
:101E8000224A483290422ED0204A603290422AD0D4
:101E90001E4A7832904226D01C4A9032904222D07C
:101EA0001A4AA83290421ED0194A90421BD0184AB2
:101EB0001432904217D0164A2832904213D0144A56
:101EC0003C3290420FD0124A503290420BD0104A0E
:101ED0006432904207D00E4A7832904203D00C4AC6
:101EE0008C3290420BD1D4E919205060E06E30B1B1
:101EF000026822F480720260D4E91C2050603434FD
:101F000061700020207058E610000240100402406A
:101F1000085402582DE9F05F002808D090F83510D9
:101F2000022906D0802141650120BDE8F09F0120F3
:101F3000FBE7A14AA04BA04C18329F4D30339E4E78
:101F40004834DFF874B26035DFF870C27836DFF8F5
:101F50006C82DFF868920CF1300CDFF860A208F1B7
:101F60006008016809F17809944F0AF1900A59450F
:101F700031D091422FD099422DD0A1422BD0A942ED
:101F800029D0B14227D0DFF830E20EF1900E714532
:101F900021D0DFF824E20EF1A80E71451BD0DFF846
:101FA0001CE2AEF1180E714515D0B94213D0DFF81E
:101FB0000CE20EF1180E71450DD061450BD0DFF823
:101FC000FCE10EF1480E714505D0414503D049456D
:101FD00001D0514537D14FF0040E80F835E0594516
:101FE00027D0914225D0994223D0A14221D0A942A5
:101FF0001FD0B1421DD070489030814219D06E4838
:10200000A830814215D06D481838814211D0B942AC
:102010000FD06A48183081420BD0614509D067481B
:102020004830814205D0414503D0494501D0514552
:1020300004D1086820F001000860BAE0086820F0C8
:1020400001000860B5E0D1F800E02EF00E0EC1F8F6
:1020500000E00168DE46594531D091422FD09942C7
:102060002DD0A1422BD0A94229D0B14227D0DFF8F0
:1020700048B10BF1900B594521D0DFF83CB10BF181
:10208000A80B59451BD0DFF834B1ABF1180B5945FB
:1020900015D0B94213D0DFF824B10BF1180B594514
:1020A0000DD061450BD0DFF814B10BF1480B594549
:1020B00005D0414503D0494501D0514506D1D1F85D
:1020C00000B02BF0010BC1F800B005E0D1F800B072
:1020D0002BF0010BC1F800B001684FF0010B714506
:1020E00046D0914244D0994242D0A14240D0A94228
:1020F0003ED0B1423CD0304A9032914238D02E4A44
:10210000A832914234D02D4A183A914230D0B94287
:102110002ED02A4A183291422AD0614528D0274A27
:102120004832914224D0414522D0494520D05145E2
:102130001ED0234A91421BD0214A1432914217D01B
:102140001F4A2832914213D01D4A3C3291420FD08F
:102150001B4A503291420BD0194A6432914207D047
:10216000174A7832914203D0154A8C32914218D1E5
:10217000016E0A6822F480720A60816D90F85C201A
:1021800002F01F020BFA02F24A60D0E919215160F5
:10219000C16E31B10A6822F480720A60D0E91C2154
:1021A000516080F835B0002180F83410016D01B124
:1021B00088470020B9E600001000024028040240D1
:1021C000085402582DE9FF5F0446002001904FF4A7
:1021D0001651FD480068B0FBF1F00090A56D2E6827
:1021E0002968FA4FDFF8E4B3DFF8E083DFF8DC9327
:1021F0000BF1180BDFF8D4A308F13008206809F1BF
:1022000048090AF1600AB8423BD05A46904238D099
:10221000404536D0484534D0504532D0EB4A78322C
:1022200090422ED0E94A903290422AD0E74AA83212
:10223000904226D0E64A904223D0E54A1832904296
:102240001FD0E34B303398421BD0E14B48339842C8
:1022500017D0DFF87CC30CF1600C604511D0DFF8BB
:1022600070C30CF1780C60450BD0DFF864C30CF13F
:10227000900C604505D0DFF858E30EF1A80E7045CC
:102280007ED194F85C10082301F01F0103FA01F2DB
:1022900032424BD0B84232D0584530D040452ED093
:1022A00048452CD050452AD0C8497831884226D09C
:1022B000C6499031884222D0C449A83188421ED0F4
:1022C000C34988421BD0C2491831884217D0C0493F
:1022D0003031884213D0BE49483188420FD0BC49C2
:1022E000603188420BD0BA497831884207D0B8496A
:1022F0009031884203D0B649A831884203D10168A1
:1023000001F0040102E0016801F0080171B1016807
:1023100021F00401016094F85C0000F01F0003FA52
:1023200000F2AA60606D40F00100606594F85C0006
:10233000012100F01F008140314240D02068B842A6
:1023400034D0584532D0404530D048452ED0504545
:102350002CD09E4A7832904228D09C4A90329042AB
:1023600024D09A4AA832904220D0994A90421DD057
:10237000974A1832904219D0954A3032904200E084
:10238000D2E113D0924A483290420FD0904A603244
:1023900090420BD08E4A7832904207D08C4A9032CD
:1023A000904203D08A4AA83290427DD1406910F011
:1023B000800F04D0A960606D40F00200606594F861
:1023C0005C00042100F01F00814031423ED02068B3
:1023D000B84232D0584530D040452ED048452CD058
:1023E00050452AD0794A7832904226D0774A9032A6
:1023F000904222D0754AA83290421ED0744A904230
:102400001BD0734A1832904217D0714A3032904232
:1024100013D06F4A483290420FD06D4A60329042DA
:102420000BD06B4A7832904207D0694A9032904282
:1024300003D0674AA83290424ED1006810F0020FD4
:1024400004D0A960606D40F00400606594F85C0001
:10245000102100F01F008140314260D02068B84256
:1024600034D0584532D0404530D048452ED0504524
:102470002CD0564A7832904228D0544A903290421A
:1024800024D0524AA832904220D0514A90421DD0C6
:102490004F4A1832904219D04D4A3032904215D0EE
:1024A0004B4A4832904200E014E00FD0484A603274
:1024B00090420BD0464A7832904207D0444A90323C
:1024C000904203D0424AA832904207D1006800F0FF
:1024D000080006E0006872E70068B7E7006800F0EF
:1024E000040058B1A9602068016849030CD5006850
:1024F000000304D4216C09B1204688470FE0A16C89
:1025000069B1204688470AE00168C90503D401681B
:1025100021F008010160216C09B12046884794F838
:102520005C00202100F01F00814031427BD02068F8
:10253000B84232D0584530D040452ED048452CD0F6
:1025400050452AD0214A7832904226D01F4A9032F4
:10255000904222D01D4AA83290421ED01C4A90427E
:102560001BD01B4A1832904217D0194A3032904281
:1025700013D0174A483290420FD0154A6032904229
:102580000BD0134A7832904207D0114A90329042D1
:1025900003D00F4AA832904203D1006800F0100027
:1025A00002E0006800F00200E8B3A96094F835008A
:1025B000042812D02068016849033DD50068000353
:1025C00035D4616C79B305E064000024100002404A
:1025D00010040240204688473FE02068016821F04F
:1025E000160101602068416921F080014161206C81
:1025F00008B9A06C20B12068016821F008010160D1
:1026000094F85C0000F01F013F208840A860012082
:1026100084F83500002084F83400216D002974D03E
:1026200004B0204600E018E0BDE8F05F0847E16B29
:1026300099B12046884710E00168C90509D40168AE
:1026400021F010010160012084F83500002084F899
:102650003400E16B09B120468847606D002854D0F2
:10266000606DC00758D0042084F835002068B84257
:1026700031D058452FD040452DD048452BD050451E
:1026800029D0B749884226D0B5491831884222D08E
:10269000B349303188421ED0B24988421BD0B1497B
:1026A0001831884217D0AF493031884213D0AD4934
:1026B000483188420FD0AB49603188420BD0A949DC
:1026C0007831884207D0A7499031884203D0A54984
:1026D000A831884204D1016821F00101016003E0C2
:1026E000016821F00101016021680198009A401CF5
:1026F0000190904202D80868C007F6D10868C00768
:1027000004D0032084F8350003E087E0012084F83A
:102710003500002084F83400E16C00297ED004B03C
:102720002046BDE8F05F08478F4EB0421BD08E4E6A
:102730001436B04217D08C4E2836B04213D08A4E91
:102740003C36B0420FD0884E5036B0420BD0864E49
:102750006436B04207D0844E7836B04203D0824E01
:102760008C36B0425AD106684FF0040E94F85CB033
:102770000BF01F0B0EFA0BFE1EEA010FCDF80CE05A
:102780005ED05FEA467E5BD503986860300411D561
:10279000F00307D4A16C002940D004B02046BDE866
:1027A000F05F0847216C002938D004B02046BDE80E
:1027B000F05F0847B0063BD42068B8422DD0684986
:1027C0006039884229D0404527D0484525D050451A
:1027D00023D06349884220D06149183188421CD0F7
:1027E0005F493031884218D05E49884215D0904206
:1027F00013D05C49303188420FD098420DD05949EE
:102800006031884209D057497831884205D0604507
:1028100003D05449A831884206D100E07CE0016829
:1028200021F00801016003E0016821F0040101606A
:10283000216C002970D004B02046BDE8F05F084745
:102840004FF0020E0EFA0BFE1EEA010FCDF808E063
:1028500063D05FEA867E60D502986860300411D547
:10286000F00307D4616C002978D004B02046BDE89D
:10287000F05F0847E16B002970D004B02046BDE846
:10288000F05F0847B0063FD42068B8422DD03449E5
:102890006039884229D0404527D0484525D0504549
:1028A00023D02F49884220D02D49183188421CD08E
:1028B0002B493031884218D02A49884215D090429D
:1028C00013D02849303188420FD098420DD0254985
:1028D0006031884209D023497831884205D060456B
:1028E00003D02049A831884204D1016821F01401A5
:1028F000016003E0016821F00A010160012084F811
:102900003500002084F83400E16B002926D004B0A3
:102910002046BDE8F05F084720E0082202FA0BF2EB
:102920000A421BD0310719D5016821F00E01016060
:1029300094F85C0000F01F01012000FA01F16960C9
:10294000606584F83500002084F83400E16C0029CB
:1029500004D004B02046BDE8F05F0847BDE8FF9F03
:102960008800024010040240085402582DE9F05F2C
:10297000044601F0B3F90646002C7DD0F24F022246
:10298000DFF8C4830025DFF8C093DFF8BCA308F1AB
:102990003008DFF8B4B309F1480920680AF1600A89
:1029A0000BF1780BB84232D0E749183188422ED06B
:1029B00040452CD048452AD0504528D0584526D0EF
:1029C000E1499031884222D0DF49A83188421ED0A7
:1029D000DE4988421BD0DD491831884217D0DB49D7
:1029E0003031884213D0D949483188420FD0D74975
:1029F000603188420BD0D5497831884207D0D3491D
:102A00009031884203D0D149A83188427ED184F8E0
:102A1000352084F83450B84234D0CB49183188423C
:102A200030D040452ED048452CD050452AD058456E
:102A300028D0C5499031884224D0C349A831884262
:102A400020D0C24988421DD0C0491831884219D0CF
:102A5000BE493031884215D0BC494831884211D036
:102A6000BA49603188420DD0B8497831884209D0DE
:102A7000B6499031884200E009E003D0B349A8315B
:102A8000884207D1016821F00101016013E00120B3
:102A9000BDE8F09F016821F0010101600BE001F049
:102AA0001DF9801B052806D920206065032084F8C5
:102AB00035000120ECE720680068C007EFD12268EC
:102AC0001168A3480140D4E902031843D4E904364D
:102AD00033431843A3691843E3691843236A18432F
:102AE0000843616A042903D1D4E90B13194308434D
:102AF0006168A1F12903052B0DD9163B032B0AD9D7
:102B0000083B012B07D9083B032B00E02AE002D940
:102B10007439032901D840F480101060206840699E
:102B200020F00701606A40EA010604280DD1A06A7E
:102B30000643E06A48B12046FEF7E8FB28B1402092
:102B40006065012084F83500A2E7206846612046D0
:102B5000FEF7EEFA94F85C1001F01F023F2191405D
:102B6000816066E07B4988421BD07A4B14339842DF
:102B700017D0784B2833984213D0764B3C33984289
:102B80000FD0744B503398420BD0724B6433984241
:102B900007D0704B7833984203D06E4B8C339842F9
:102BA0007ED1884211D06B49143188420DD06949D9
:102BB0002831884209D067493C31884205D06549AF
:102BC0005031884201D06349643184F8352084F85B
:102BD0003450026860490A40A16840297ED08029AB
:102BE0007DD00021E36841EAD301236941EAD301A2
:102BF000636941EAD301A36941EAD301E36941EA88
:102C0000D301236A41EA131111430160514920683D
:102C1000494208441421B0FBF1F08000E0652046F1
:102C2000FEF786FA94F85C1001F01F020121914032
:102C300041602068B84256D043491831884252D08A
:102C4000404550D048454ED050454CD058454AD0CC
:102C50003D499031884246D03B49A831884242D014
:102C60003A4988423FD03949183188423BD03749E8
:102C70003031884237D035494831884233D03349E2
:102C8000603188422FD03149783188422BD02F498A
:102C90009031884227D02D49A831884223D000E0C6
:102CA0002DE02C4988421ED02A49143188421AD07E
:102CB00028492831884216D026493C31884212D012
:102CC0002449503188420ED02249643188420AD0CA
:102CD00020497831884206D01E4901E00AE00BE025
:102CE0008C31884229D12046FEF782FAA0688028DC
:102CF0000CD00CE0102175E74FF4804172E74020C2
:102D00006065032084F835000120C1E66560216E0E
:102D100020790860D4E9191048606068401E0728CF
:102D200008D82046FEF7B4FAE06E0560D4E91C101E
:102D3000486002E0E566256765676565012084F8FF
:102D400035000020A4E600001000024010040240FC
:102D50003F8010FE085402580F00FEFF2DE9F84F87
:102D6000044600200090002C15D094F8340001286F
:102D700013D0012084F8340094F835500020012D40
:102D80000DD04FF40061616584F83400012000909B
:102D90000098BDE8F88F0120FBE70220F9E7022543
:102DA00084F835506065A54DA44EA44F1835DFF862
:102DB0008CC23036DFF884824837DFF88092DFF843
:102DC0007CA208F16008DFF874B209F17809206884
:102DD0000AF1900A0BF1A80B60453BD0A84239D00C
:102DE000B04237D0B84235D0404533D0484531D0D5
:102DF00050452FD058452DD0DFF844C2604529D02A
:102E0000DFF83CC20CF1180C604523D0DFF830C26B
:102E10000CF1300C60451DD0DFF824C20CF1480CD9
:102E2000604517D0DFF818C20CF1600C604511D076
:102E3000DFF80CC20CF1780C60450BD0DFF800C253
:102E40000CF1900C604505D0DFF8F4C10CF1A80C32
:102E5000604506D1D0F800C02CF0010CC0F800C0CD
:102E600005E0D0F800C02CF0010CC0F800C02046EE
:102E7000FEF788FA7149206888422CD0A8422AD0EF
:102E8000B04228D0B84226D0404524D0484522D070
:102E9000504520D058451ED0694A90421BD0684A00
:102EA0001832904217D0664A3032904213D0644AAA
:102EB000483290420FD0624A603290420BD0604A52
:102EC0007832904207D05E4A9032904203D05C4AFA
:102ED000A83290420DD1026822F01E0242F0160282
:102EE0000260206C90B12068026842F00802026023
:102EF0000CE0026822F00E0242F00A020260206C2E
:102F000020B12068026842F0040202602068884212
:102F10004BD0A84249D0B04247D0B84245D04045F6
:102F200043D0484541D050453FD058453DD0444A14
:102F300090423AD0424A1832904236D0404A30321B
:102F4000904232D03E4A483290422ED03C4A6032C3
:102F500090422AD03A4A7832904226D0384A90326B
:102F6000904222D0364AA83290421ED0354A904232
:102F70001BD0344A1432904217D0324A2832904241
:102F800013D0304A3C3290420FD02E4A50329042F9
:102F90000BD02C4A6432904207D02A4A78329042B1
:102FA00003D0284A8C3290420DD1206E0268D203A1
:102FB00003D5026842F480720260E06E18B10268C4
:102FC00042F480720260206888422CD0A8422AD045
:102FD000B04228D0B84226D0404524D0484522D01F
:102FE000504520D058451ED0154988421BD0144961
:102FF0001831884217D012493031884213D0104915
:10300000483188420FD00E49603188420BD00C49BC
:103010007831884207D00A499031884203D0084964
:10302000A831884204D1016841F001010160AFE696
:10303000016841F001010160AAE6000010000240B1
:10304000100402400854025810B590F89830012B33
:1030500008D0022B06D050F89C1F41F002010160FD
:10306000012010BD03689C6D0C4204D1DC6D44F05E
:103070000104DC6505E09C6D31EA04041CD00324E6
:10308000DC658B0504D5036853F8E04F14431C60DE
:103090004B0504D5036853F8E44F14431C600068E3
:1030A000426D084B0B401A4342650748026842EAEA
:1030B00091710160002010BDDC6D44F00204DC65FC
:1030C000DFE70000FFFFCF3F14A8004070B50446C3
:1030D00094F89800022806D054F89C0F40F008009D
:1030E0002060012070BD2068D0F8C03013F07C5FF4
:1030F0000AD0D0F8C4309B020DD554F89C0F40F490
:1031000000702060012070BD54F89C0F40F020003A
:103110002060012070BDD0F8C400C0F304452046F3
:103120002B46FEF71DFC21680120A840C1F8D00005
:10313000C4F89400002070BD704710B590F8982036
:10314000012A08D0022A06D050F89C1F41F0020143
:103150000160012010BDCA680B688BB1072A0B699A
:1031600043EA42732BD00C7A4A6942EA8472496876
:10317000006F00EBC100036042604FF0000010BD23
:10318000072A10D00C7A4FEAC2624B6943EA847373
:103190000C8A42EA044243EA02034968C06E00EB2B
:1031A00081000360E9E70B8A4FF060548A6942EAC4
:1031B0000343CA6944EA022243EA0203EDE78A694B
:1031C000D5E7704770470000F0B5002490F898509C
:1031D000022D06D050F89C1F41F00801016001202B
:1031E000F0BD40290BD0412936D0056D8D4260D805
:1031F00050F89C1F41F0200101600120F0BD0568DE
:10320000D5F8A06016F4FE0F18D0D5F8A4607606A5
:103210001BD0D5F8A460F60105D5D5F8A06016F04E
:10322000004F00D50124D5F8A450C5F305252C4442
:10323000456C466F654306EB85063FE050F89C1FE2
:1032400041F0200101600120F0BD50F89C1F41F4C5
:10325000807101600120F0BD0568D5F8B06016F4FA
:10326000FE0F18D0D5F8B46076061BD0D5F8B46040
:10327000F60105D5D5F8B06016F0004F00D5012451
:10328000D5F8B450C5F305252C44C56C866F65434D
:1032900006EB850612E050F89C1F41F0200101600A
:1032A0000120F0BD50F89C1F41F4807101600120A5
:1032B000F0BD456DC66F4D4306EB8506356805F0DC
:1032C000804555602DB3356825F06045156035683B
:1032D00005F000559560356805F000451561B58825
:1032E000ADB2D5617568C5F30345D560756805F461
:1032F00080155561756805F4001595617568C5F30D
:103300000665156275680836ED0F55620025174F82
:1033100009E03568C5F38A451560D8E716F805C099
:1033200003F805C06D1CD2F80CC017F80CC0AC45F2
:10333000F4D8402909D041290BD0012220290CD2F0
:1033400000688A40C0F898200DE00068C0F8A840E6
:1033500009E00068C0F8B84005E0006801F01F010E
:103360008A40C0F89C200020F0BD00009C1F01088E
:10337000704700002DE9FE4F0446B64F38688007BD
:10338000391D096800EA817002902068016D01F41E
:103390007041D0F854A00AEA010A016D01F00F0152
:1033A000D0F854B00BEA010B016D01F0F001426D51
:1033B0000A400192016D01F07151D0F8548008EA81
:1033C0000108016D01F06071426D0A400092416D8B
:1033D000056D4FF00009CE43F10509D4E943C90555
:1033E00006D4B9150165C7F800902046FFF7C0FF65
:1033F000700510D4E84340050DD42068D0F8DC20D7
:10340000D0F8E41011404FF480620265C7F80090D4
:10341000204600F046FB029858B18F4902980840B8
:10342000216808650298800F386002992046FFF7EE
:1034300083FEBAF1000F0BD0216887480AEA00002A
:1034400008654FEA9A7038605146204600F02BFB21
:10345000BBF1000F0BD021687F480BEA0000086524
:103460004FEA9B7038605946204600F0D9FA01981F
:1034700058B1794901980840216808650198800F82
:1034800038600199204600F0EDFA30050BD4E8438E
:10349000000508D421684FF400600865C7F8009063
:1034A000204600F001FBB00510D4E84380050DD4A0
:1034B0002068D0F8D820D0F8E01011404FF4007206
:1034C0000265C7F80090204600F0ECFA30030BD4F8
:1034D000E843000308D421684FF400200865C7F8CA
:1034E0000090204600F09AFAF0030BD4E843C003A2
:1034F00008D421684FF480300865C7F80090204652
:1035000000F0CEFA70030BD4E843400308D42168DE
:103510004FF480200865C7F80090204600F0BFFAFD
:10352000B0030ED4E84380030BD421684FF400307D
:103530000865C7F80090D4F89C0040F08000C4F8FB
:103540009C00009858B144490098084021680865DB
:103550000098800F386000992046FFF733FEB8F1DD
:10356000000F0DD021683C4808EA000008654FEACA
:1035700098703860D4F89C0040EA0800C4F89C00B9
:103580003649206888425BD160688168890757D0D6
:10359000016A01F00F02416A1140026A02F0300232
:1035A000476A1740026A02F4C072D0F8248008EA21
:1035B0000208026A02F4FC42456A1540026A02F4FB
:1035C000F022466A1640D0F82490D0F820A019B115
:1035D0000162204600F060FA2FB160680762394648
:1035E000204600F05BFA6FEA090040060ED46FEA4D
:1035F0000A0040060AD46068C16B090CC26B02F075
:103600003F0240230362204600F047FAB8F1000F62
:1036100006D06068C0F820804146204600F03BFAA2
:1036200035B160680562D4F89C002843C4F89C005A
:1036300036B160680662D4F89C003043C4F89C0040
:10364000D4F89C00002802D02046FFF7BAFDBDE860
:10365000FE8F000010A80040FFFFCF3F00A00040F9
:103660002DE9F04393B004464C2295496846FDF796
:103670009AF96CB1934F2068B84202D100F580707E
:1036800060604FF4407994F89800002620B108E07B
:10369000012013B0BDE8F08384F89960204600F063
:1036A00013F92068816921F01001816100F016FB97
:1036B00005464FF003080DE000F010FB401B0A2800
:1036C00008D954F89C0F40F00100206004F8048CE5
:1036D0000120DEE7206880690007EDD42068816959
:1036E00041F00101816100F0F9FA05460DE000F0BA
:1036F000F5FA401B0A2808D954F89C0F40F0010045
:10370000206004F8048C0120C3E720688069C007AA
:10371000EDD02068816941F002018161207C01289F
:1037200039D02068816941F040018161607C0128C5
:1037300037D02068816921F480418161A07C012813
:1037400035D02068816941F48051816120688169A8
:10375000A26821F44071114381612068816921F0E0
:10376000A40181612068016921F010010161E06814
:10377000012822D030B302282BD02068816941F083
:10378000800181612068016941F010010161E068F8
:10379000032818D022E02068816921F0400181616E
:1037A000C4E72068816941F480418161C6E72068EF
:1037B000816921F480518161C8E72068816941F005
:1037C000040181610AE02068816941F02001816182
:1037D00004E02068816941F020018161207E401E63
:1037E0004106E069401E41EA0020216A491E084363
:1037F000A18A491E40EA01402168C861A068484585
:103800000FD1E16AA06A491E401E40EA0121206BE7
:10381000401E41EA0011A08C401E41EA0040216890
:10382000C860206E28B1206850F8C01F626E114336
:103830000160D4E91701C842694609D0206850F8F0
:10384000C82FA36E22F0070251F823301A430260FA
:10385000206C48B1206850F8BC2F636C22F007023E
:1038600051F823301A430260A06C50B1206850F820
:10387000BC2FE36C22F0700251F8233042EA0312AD
:103880000260206D50B1206850F8BC2F636D22F4A7
:10389000E06251F8231042EA012101602068B84239
:1038A00004D16068816821F00301816044F8946F5D
:1038B000A66001202071943C2046FDF779FFE8E6E0
:1038C000AC1F010800A000402DE9F04387B004467A
:1038D000142102A8FDF7C3F84A4B002622680227EC
:1038E000494C4FF0030CDFF818914FF009081968A4
:1038F0000C3C454D4548491C4A4529D119600129D0
:1039000007D1296841F480712960296801F4807128
:103910000191216841F002012160216801F002015A
:1039200001914FF44071029103970496CDF814C0B1
:10393000CDF8188002A900F0B9F800220521132063
:1039400000F06CFA132000F05BFA07B0BDE8F083DA
:10395000DFF8BC904A4526D11960012907D12968B2
:1039600041F480712960296801F480710191216816
:1039700041F002012160216801F002010191602102
:10398000029103970496CDF814C0CDF8188002A9CF
:1039900000F08CF800220521142000F03FFA1420DA
:1039A00000F02EFAD1E71B488242CED119600129DE
:1039B00007D1286840F480702860286800F480707F
:1039C0000190206840F008002060206800F00800A6
:1039D00001904FF44050029003970496CDF814C024
:1039E0000520069002A90C4800F060F8002205218D
:1039F0009F2000F013FA9F2000F002FAA5E70000D4
:103A000000A0004054000024EC4402580004025876
:103A100000A4004000D40040000C02587047000091
:103A20000A460C4B0168994203D101460A480AF044
:103A3000A3BE0A4B994204D10146074878300AF0E8
:103A40009BBE074B994204D101460348F0300AF06F
:103A500093BE704700A0004074D1002400A4004031
:103A600000D40040704790F89810012906D050F813
:103A70009C1F41F00401016001207047022180F881
:103A8000981001688A6922F001028A610021C0F859
:103A90009C10002070477047704770477047704710
:103AA0007047704770477047704700002DE9F84F26
:103AB0000022784D03264FF001080F274FF0B04C3D
:103AC000E1E008FA02F31C409A46002C7ED00B7904
:103AD00003F00303012B01D0022B1BD1D0F8089077
:103AE000530006FA03FB29EA0B09D1F80CB00BFAD4
:103AF00003FB4BEA090BC0F808B0436823EA0A034A
:103B000091F80490C9F3001909FA02F949EA030986
:103B1000C0F804900B79DB439B070ED0D0F80C90D3
:103B2000530006FA03FA29EA0A09D1F808A00AFAAA
:103B300003FA4AEA090AC0F80CA00B7903F0030360
:103B4000022B14D1D30800EB8303D3F820A04FEA53
:103B500042794FEAD96907FA09FB2AEA0B0AD1F838
:103B600010B00BFA09FB4BEA0A0BC3F820B0D0F8EF
:103B70000090530006FA03FA29EA0A0991F804A012
:103B80000AF0030A0AFA03FA4AEA090AC0F800A08E
:103B90004B6813F4403F75D03F4BD3F8009049F089
:103BA0000209C3F800901B6803F00203009322F09F
:103BB000030909F1B049D9F808B493074FEA137A19
:103BC00007FA0AF32BEA030B344B00E05AE0984261
:103BD00001D1002328E0324B984201D1012323E098
:103BE000304B984201D102231EE02F4B984201D165
:103BF000032319E02D4B984201D1042314E02C4BF0
:103C0000984201D105230FE02A4B984201D10623A7
:103C10000AE0294B984201D1072305E0274B98423F
:103C200001D1092300E00A2303FA0AF343EA0B0354
:103C3000C9F80834DCF80030A343D1F804905FEAF7
:103C4000C92900D52343CCF80030DCF80430A34365
:103C5000D1F804905FEA892900D52343CCF80430D9
:103C60006B68A343D1F804905FEA893900D52343F8
:103C70006B602B68A343D1F804905FEAC93900D583
:103C800023432B60521C0C6834FA02F37FF419AF03
:103C9000BDE8F88F80000058F44402580000025834
:103CA0000004025800080258000C02580010025884
:103CB0000014025800180258001C02580024025830
:103CC0000069084201D00120704700207047002A97
:103CD00001D08161704709048161704701488068A3
:103CE000704700005800002402488168027811449F
:103CF000816070475800002410B5032000F0AEF832
:103D000001F04AF90F490A68C2F303230E4AD35C53
:103D100003F01F03D840096801F00F01515C0B4A02
:103D200001F01F0120FA01F11160094908600F201C
:103D300000F010F808B1012010BD00F04FF800208D
:103D400010BD00001844025820200108680000241B
:103D50006400002410B58AB00446102C2DD2002235
:103D60002146192000F05AF8192000F049F81648A9
:103D700004601648016841F001010160006800F02C
:103D80000100009001A902A801F090F801F0F2F8FA
:103D900040000F49B0FBF1F1491E0F480D4A026087
:103DA00040F2E732C260416000210161816001F0B0
:103DB00017FD20B101200AB010BD0120FBE7064825
:103DC00001F0A2FDF7E700005C000024F044025877
:103DD00040420F0000000140C415002482B0074893
:103DE000016841F002010160006800F002000190EA
:103DF00000220F21901E02B000F010B8F4440258C7
:103E0000002809DB012100F01F02914040098000D9
:103E100000F1E020C0F8001170470000F0B40D463A
:103E20000D4B1B68C3F30223C3F10704042C00D914
:103E30000424191D072901D2002300E0DB1E0126FE
:103E400006FA04F1491E294099409E40761E16400C
:103E50003143F0BC0BF074B80CED00E000F007014A
:103E6000054A10684FF6FF03184040EA0120034955
:103E700008431060704700000CED00E00000FA05F8
:103E8000BFF34F8F05480168054A01F4E061114313
:103E90000160BFF34F8F00BFFDE700000CED00E0B5
:103EA0000400FA0570B514490A68D243520708D5D0
:103EB000096801F00701814201D0012070BD002096
:103EC00070BD0A6822F0070202430A60FFF706FF8E
:103ED0000446094D4FF47A76083D06E0FFF7FEFEF2
:103EE000001BB04201D9012070BD2868C043800486
:103EF000F4D4002070BD00000C48025810B501F049
:103F000005F805490968054AC1F30211515C01F041
:103F10001F01C84010BD00002044025820200108A5
:103F200010B569490A6802F003020968C1F3053156
:103F3000654B1B1D1B68C3F30013634C14342468CA
:103F4000C4F3CC0414FB03F300EE103AB8EE400ABD
:103F5000002971D09FED5D1A5B4BF7EE000A10331C
:103F6000F2B39FED5B2A012A7FD0022A7CD001EEBA
:103F7000901A1968F8EE611AC2EE212AC1F30801FD
:103F800001EE901AF8EE611A40EE011A31EEA00A25
:103F900022EE800A1968C1F3462101EE101AB8EE2C
:103FA000411A31EE201AC0EE011ABCEEE11A80ED82
:103FB000001A1968C1F3064101EE101AB8EE411A51
:103FC00031EE201AC0EE011ABCEEE11A80ED011AA2
:103FD0001968C1F3066101EE101AB8EE411A00E04B
:103FE00008E071EE200A80EE201ABCEEC10A80EDD6
:103FF000020A10BD344A283A1468A4061ED5126875
:10400000C2F3C104334AE24001EE902AF8EE612A7D
:1040100001EE901A1968F8EE611A82EEA12AC1F336
:10402000080101EE901AF8EE611A40EE011A31EE25
:10403000A00A22EE000AADE741E016E001EE901A78
:10404000DFED252A1968F8EE611A82EEA12AC1F384
:10405000080101EE901AF8EE611A40EE011A31EEF5
:10406000A00A22EE000A95E713E001EE901A196803
:10407000F8EE611AC2EE212AC1F3080101EE901A8E
:10408000F8EE611A40EE011A31EEA00A22EE800A23
:1040900080E701EE901ADFED112A1968F8EE611A37
:1040A00082EEA12AC1F3080101EE901AF8EE611A1E
:1040B00040EE011A31EEA00A22EE000A6AE7002162
:1040C00001604160816010BD284402580000003941
:1040D0000024744A0090D0030024744C20BCBE4BD2
:1040E00010B569490A6802F003020968C1F3055175
:1040F000654B1B1D1B68C3F30023634C1C342468F1
:10410000C4F3CC0414FB03F300EE103AB8EE400AFB
:10411000002971D09FED5D1A5B4BF7EE000A183352
:10412000F2B39FED5B2A012A7FD0022A7CD001EEF8
:10413000901A1968F8EE611AC2EE212AC1F308013B
:1041400001EE901AF8EE611A40EE011A31EEA00A63
:1041500022EE800A1968C1F3462101EE101AB8EE6A
:10416000411A31EE201AC0EE011ABCEEE11A80EDC0
:10417000001A1968C1F3064101EE101AB8EE411A8F
:1041800031EE201AC0EE011ABCEEE11A80ED011AE0
:104190001968C1F3066101EE101AB8EE411A00E089
:1041A00008E071EE200A80EE201ABCEEC10A80ED14
:1041B000020A10BD344A283A1468A4061ED51268B3
:1041C000C2F3C104334AE24001EE902AF8EE612ABC
:1041D00001EE901A1968F8EE611A82EEA12AC1F375
:1041E000080101EE901AF8EE611A40EE011A31EE64
:1041F000A00A22EE000AADE741E016E001EE901AB7
:10420000DFED252A1968F8EE611A82EEA12AC1F3C2
:10421000080101EE901AF8EE611A40EE011A31EE33
:10422000A00A22EE000A95E713E001EE901A196841
:10423000F8EE611AC2EE212AC1F3080101EE901ACC
:10424000F8EE611A40EE011A31EEA00A22EE800A61
:1042500080E701EE901ADFED112A1968F8EE611A75
:1042600082EEA12AC1F3080101EE901AF8EE611A5C
:1042700040EE011A31EEA00A22EE000A6AE70021A0
:1042800001604160816010BD28440258000000397F
:104290000024744A0090D0030024744C20BCBE4B10
:1042A0002DE9FC5F044600250026F94F2068DFF861
:1042B000E493C043010104F10800019004F12800D7
:1042C00000900DD4606EB8B1B0F5801F19D0B0F574
:1042D000001F1CD0B0F5401F00D00125EDB12E46C7
:1042E0002088C043C00535D4A06D05282FD2DFE853
:1042F00000F01D22282F2F00386840F4003038606D
:10430000ECE70198022103F0F9FA0546E6E7009888
:10431000022103F085FB0546E0E7D9F80000616E55
:1043200020F440100843C9F80000D9E7386840F489
:10433000003038600CE00198002103F0DFFA0546F8
:1043400006E00098002103F06BFB054600E0012524
:10435000A5B12E462088DFF84083C04340051FD416
:10436000D4F8A400B0F5C00F18D010DC50B3B0F5ED
:10437000001F2CD0B0F5800F0FD12EE0D9F800002F
:10438000A16D20F007000843C9F80000E2E7B0F58E
:10439000000F03D0B0F5200F00D001251DB32E462D
:1043A0002088C043000531D4D4F8A800B0F1407F84
:1043B0002AD022DCF0B3B0F1807F4BD0B0F1007F87
:1043C00021D14DE0386840F400303860E6E70198CC
:1043D000002103F093FA0546E0E70098002103F07E
:1043E0001FFB0546DAE7D8F80000D4F8A41020F443
:1043F00060000843C8F80000D2E7B0F1806F03D036
:10440000B0F1A06F00D0012585B32E462068C043CF
:1044100080010AD4E06C30B1102832D0202836D088
:10442000302800D001258DB32E462088C043C0041B
:1044300046D400E009E0E06DB0F5005F5CD036DC0A
:10444000A0B3B0F5805F38D150E0386840F4003058
:104450003860D9E70198002103F050FA0546D3E708
:104460000098002103F0DCFA0546CDE7FFE7D8F815
:104470000000D4F8A81020F0E0600843C8F800005D
:10448000C4E7386840F400303860CCE705E00198B4
:10449000022103F033FA0546C5E77E48001F016894
:1044A000E26C21F0300111430160BEE719E0B0F584
:1044B000405F03D0B0F5804F00D0012515B32E46E4
:1044C0002088C04380042FD4206EB0F5403F29D00F
:1044D00021DC38B3B0F5803F38D0B0F5003F20D1B3
:1044E0003AE0386840F400303860E7E7019800218E
:1044F00003F004FA0546E1E70098002103F090FA82
:104500000546DBE7D9F80000E16D20F4E040084300
:10451000C9F80000D4E7B0F5802F03D0B0F5A02F84
:1045200000D00125F5B12E462088C04340042BD48D
:10453000D4F8AC00B0F1405F24D01CDC10B3B0F173
:10454000805F4FD0B0F1005F1BD152E00198012194
:1045500003F0D4F90546E5E70098012103F060FA7D
:104560000546DFE7D9F80000216E20F4E02008437B
:10457000C9F80000D8E7B0F1804F03D0B0F1A04FE8
:1045800000D00125A5B32E462088C04300040AD4DC
:10459000E06E30B1B0F1805F3DD0B0F1005F3FD050
:1045A0000125B5B32E462068C043C0010AD4A06CD3
:1045B00030B1012843D0022846D0032800D001257D
:1045C00045B32E462068C04340025AD4DFF8CCB031
:1045D000DBF8000040F48070CBF80000FFF77EFBB2
:1045E000824648E00198012103F088F90546C9E7B1
:1045F00005E00098012103F013FA0546C2E7D8F858
:104600000000D4F8AC1020F0E0400843C8F80000E7
:10461000BAE70BE01EE0386840F400303860C0E7CD
:104620000198012103F06AF90546BAE7D9F80000BC
:10463000E16E20F040500843C9F80000B3E7386845
:1046400040F400303860BBE70198022103F056F9CE
:104650000546B5E70F48001F0168A26C21F0030171
:1046600011430160AEE7FFF739FBA0EB0A006428B5
:1046700001D9032503E0DBF80000C005F3D58DB1B7
:104680002E462078DFF818A0C043C00763D073E03F
:104690002C440258504402585844025800480258CA
:1046A00054440258DFF850B4DBF80000B4F8B010FE
:1046B00000F4407001F44071884211D0DBF8000032
:1046C00020F44070DBF8001041F48031CBF800108A
:1046D000DBF8001021F48031CBF80010CBF800009B
:1046E000D4F8B000B0F5807F11D1FFF7F7FA824619
:1046F00009E0FFF7F3FAA0EB0A0141F288308142AA
:1047000001D9032503E0DBF800008007F1D50DB1E6
:104710002E46B6E7D4F8B000C0F3012103290FD02C
:10472000F5486038016821F47C510160DBF8000035
:10473000B4F8B010C1F30B010843CBF80000A0E7B8
:10474000ED4960390A68ED4B22F47C52184042EA88
:1047500010100860EAE7A06F18280BD005DC48B1FC
:10476000082815D0102804D118E0202802D02828C5
:1047700000D00125C5B12E462078C04380072BD438
:10478000606F062825D2DFE800F025181E252525B4
:104790000198012103F0B2F80546EBE700980121EA
:1047A00003F03EF90546E5E7DAF80000A16F20F0D6
:1047B00038000843CAF80000DEE70198012103F041
:1047C0009DF8054606E00098012103F029F9054609
:1047D00000E001256DB12E462078C043400720D46B
:1047E000D4F89000062819D2DFE800F0190C12194D
:1047F0001919DAF80000616F20F007000843CAF8C1
:104800000000E9E70198012103F078F8054606E089
:104810000098012103F004F9054600E0012595B157
:104820002E462078C043800620D4D4F88C00B0F106
:10483000405F19D011DCB8B1B0F1805F28D0B0F181
:10484000005F10D12AE0D8F80000D4F8901020F0D2
:1048500007000843C8F80000E3E7B0F1804F03D039
:10486000B0F1A04F00D00125F5B12E462078C0430D
:1048700040062CD4D4F89800B0F5406F25D01DDC4C
:1048800018B3B0F5806F34D0B0F5006F1CD136E0AE
:104890000198002103F032F80546E5E7009802216F
:1048A00003F0BEF80546DFE7DAF80000D4F88C1014
:1048B00020F0E0400843CAF80000D7E7B0F5805F79
:1048C00003D0B0F5A05F00D00125F5B12E462078C9
:1048D000C04300062CD4D4F89C00B0F5C04F25D0BE
:1048E0001DDC18B3B0F5005F2CD0B0F5804F1CD1A3
:1048F0002EE00198002103F001F80546E5E7009855
:10490000022103F08DF80546DFE7D8F80000D4F85F
:10491000981020F4E0500843C8F80000D7E7B0F53D
:10492000004F03D0B0F5204F00D00125B5B12E4681
:104930002078C04300072AD4D4F88000B0F5805F07
:1049400016D01BE00198002102F0D8FF0546EDE7E4
:104950000098022103F064F80546E7E7D8F8000064
:10496000D4F89C1020F460400843C8F80000DFE74A
:104970000098022103F054F800B10126DAF8000093
:10498000D4F8801020F440500843CAF80000207882
:10499000C043C00613D4D4F89400B0F5807F05D18D
:1049A0000098022103F03CF800B10126D8F800007D
:1049B000D4F8941020F440700843C8F80000206830
:1049C000C04300030BD4D4F8A000E8B3B0F5803F97
:1049D0007DD0B0F5003F00D00125B5B32E4620684C
:1049E000C04340030DD4D4F88400B0F5801F70D0CC
:1049F000B0F5001F6ED0B0F5401F00D001252DB3DB
:104A00002E462068C043C00307D4206DF0B3B0F534
:104A1000803F75D00125D5B32E462068C043800065
:104A200005D40098022102F0FBFF00B101262068A6
:104A3000C043800311D4E06F68B1B0F5807F76D0B9
:104A4000B0F5007F07D002E05BE066E07BE0B0F508
:104A5000407F00D00125DDB32E462068C043C00250
:104A600007D4D9F80000216F20F000400843C9F8AE
:104A700000002068C043800207D4D9F80000A16E6E
:104A800020F080700843C9F8000001E065E06FE0A5
:104A90002068C04340000AD417486038016821F4F8
:104AA000004101600168D4F8B4201143016020681E
:104AB000C04307D4104824380168626D21F040518A
:104AC000114301602068C04300020DD403E01EE0E2
:104AD0005BE02DE031E0DAF80000D4F8881020F433
:104AE00040000843CAF8000020790025C04300F0C8
:104AF0000100284352D057E070440258FFFCFF0FDA
:104B000030E00198002102F0F9FE054665E70098C3
:104B1000022102F085FF05465FE7D8F80000D4F8CF
:104B2000A01020F440300843C8F8000057E727E001
:104B3000386840F40030386061E70098012102F0E5
:104B40006FFF05465BE7DAF80000D4F8841020F424
:104B500040100843CAF8000053E7386840F40030BA
:104B6000386058E70198022102F0C8FE054652E776
:104B70002E480168226D21F48031114301604CE719
:104B8000386840F40030386065E7DAF80000E16F1B
:104B900020F440700843CAF800005EE70198002145
:104BA00002F0ACFE00B106462079C04300F00200DE
:104BB000284305D10198012102F0A0FE00B106466C
:104BC0002079C04300F00400284305D10198022158
:104BD00002F094FE00B106462079C04300F00800C0
:104BE000284305D10098002102F01AFF00B10646C3
:104BF0002079C04300F01000284305D1009801211E
:104C000002F00EFF00B106462079C04300F02000FC
:104C1000054305D10098022102F002FF00B10646CB
:104C200016B10120BDE8FC9F0020FBE74C44025870
:104C30002DE9F05F04460D46002C17D0DFF84C82BA
:104C4000D8F8000000F00F00A84211D2D8F80000F8
:104C500020F00F002843C8F80000D8F8000000F04A
:104C60000F00A84204D00120BDE8F09F0120FBE71F
:104C70002078874E40070AD52069316801F070011D
:104C8000884204D9316821F07001014331602078F5
:104C9000804F00070AD56069396801F070018842C9
:104CA00004D9396821F07001014339602078C006C9
:104CB0000AD5A069396801F4E061884204D93968ED
:104CC00021F4E061014339602078DFF8CC9180065F
:104CD0000DD5E069D9F8001001F07001884206D9BD
:104CE000D9F8001021F070010143C9F800102078B4
:104CF00080070AD5E068316801F00F01884204D9C5
:104D0000316821F00F01014331602078C00743D0A2
:104D10003068A16820F47060084330605C496068C6
:104D20001839022808D003280BD001280ED00968B2
:104D3000490710D4012097E7096889030BD40120A3
:104D400092E70968890106D401208DE70968C90541
:104D500001D4012088E7DFF838A1AAF1080ADAF8BF
:104D6000001021F007010143CAF80010FEF7B6FF5A
:104D7000834609E0FEF7B2FFA0EB0B0141F2883059
:104D8000814201D903206FE7DAF80000616800F082
:104D90003800B0EBC10FEDD1207880070AD5E0686C
:104DA000316801F00F01884204D2316821F00F010F
:104DB00001433160D8F8000000F00F00A8420ED97E
:104DC000D8F8000020F00F002843C8F80000D8F8F9
:104DD000000000F00F00A84201D0012044E7207835
:104DE00040070AD52069316801F07001884204D279
:104DF000316821F0700101433160207800070AD545
:104E00006069396801F07001884204D2396821F084
:104E10007001014339602078C0060AD5A06939685D
:104E200001F4E061884204D2396821F4E061014371
:104E30003960207880060DD5E069D9F8001001F0BE
:104E40007001884206D2D9F8001021F070010143A8
:104E5000C9F8001000F0A0F83168C1F303220F492F
:104E60008A5C02F01F02D040326802F00F02895CB7
:104E70000B4A01F01F0120FA01F111600949086095
:104E800009480068BDE8F05FFEF764BF00200052EB
:104E9000184402581C44025820440258202001089B
:104EA00068000024640000245C0000243F220260AB
:104EB000144A126802F007024260124A083213686C
:104EC00003F470638360136803F00F03C360126818
:104ED00002F0700202610B4A0C32136803F0700397
:104EE0004361126802F4E0628261064A103212687D
:104EF00002F07002C2610448006800F00F00086010
:104F000070470000104402580020005200B500F025
:104F100043F80B490A68C2F303230A4AD35C03F03F
:104F20001F03D840096801F00F01515C064A01F0E7
:104F30001F0120FA01F11160044A1060084600BD0B
:104F4000184402582020010868000024640000244E
:104F500000B5FFF7DBFF05490968054AC1F30211F7
:104F6000515C01F01F01C84000BD00001C44025804
:104F70002020010800B5FFF7C9FF05490968054A67
:104F8000C1F30221515C01F01F01C84000BD0000C7
:104F90001C4402582020010830B564480068654C64
:104FA00010F03801624808D0021108290DD01029EC
:104FB0000DD018290DD0104630BD21688906FBD5CB
:104FC0002168C1F3C101C84030BD104630BD5A4808
:104FD00030BD564918310A6802F003020968C1F36E
:104FE0000511524B1C331B6803F001034F4D243550
:104FF0002D68C5F3CC0515FB03F300EE103AB8EEAF
:10500000400A002977D0DFED4D0A484BB7EE001A71
:1050100020333AB39FED4A2A012A58D0022A6CD095
:1050200001EE901A1868F8EE611AC2EE212AC0F358
:10503000080001EE900AF8EE611A40EE201A31EEF7
:10504000810A22EE800A1868C0F34620401C00EE58
:10505000900AF8EE600A80EE201ABCEEC10A10EE4B
:10506000100A30BD226892061BD52268C2F3C10225
:10507000D04001EE900A1868F8EE612A01EE901A0D
:10508000F8EE611A82EEA12AC0F3080001EE900A40
:10509000F8EE611A40EE201A31EE810A22EE000A83
:1050A000D1E701EE901ADFED272A1868F8EE611AB1
:1050B00082EEA12AC0F3080001EE900AF8EE611A10
:1050C00040EE201A31EE810A22EE000ABBE701EE23
:1050D000901A1868F8EE611AC2EE212AC0F308008F
:1050E00001EE900AF8EE611A40EE201A31EE810AC4
:1050F00022EE800AA7E716E0FFE701EE901ADFED47
:10510000122A1868F8EE611A82EEA12AC0F308008C
:1051100001EE900AF8EE611A40EE201A31EE810A93
:1051200022EE000A8FE7002030BD00001044025834
:105130000090D0030044025840787D0100000039FF
:105140000024744A0024744C20BCBE4B2DE9F05F4F
:105150000446002C10D02078DFF8F883FE4EFF4D77
:10516000C0075DD0D8F8000000F038003168102882
:105170001FD0182803D006E00120BDE8F09F01F001
:105180000300022815D06068B0F5803F18D0E0B168
:10519000B0F5A02F22D0286820F48030286028683D
:1051A00020F480202860606860B3FEF797FD074612
:1051B00024E02868800333D5606810BB0120DCE759
:1051C000286840F480302860EDE7286820F48030BB
:1051D0002860286820F480202860E4E7286840F4EC
:1051E00080202860286840F480302860DBE7FEF7E4
:1051F00075FDC01B642801D90320BEE72868800321
:10520000F5D50DE0FEF76AFD074606E0FEF766FD00
:10521000C01B642801D90320AFE728688003F5D4B8
:105220002078800764D5D8F8000000F03800316895
:10523000DFF8289309F1040970B1182801D1880713
:105240000AD0E068A0B3296821F019010143296060
:10525000FEF744FD07462CE02868400701D5E068CA
:1052600048B12868E16820F0190008432860FEF77B
:1052700035FD074608E001207FE7FEF72FFDC01B44
:10528000022801D9032078E728684007F5D5D9F826
:105290000000217C20F0FE4040EA0160C9F80000D7
:1052A00026E0FEF71BFDC01B022802D9032064E79D
:1052B0000CE028684007F4D5D9F80000217C20F0E4
:1052C000FE4040EA0160C9F8000011E0286820F0C3
:1052D00001002860FEF702FD074606E0FEF7FEFC2F
:1052E000C01B022801D9032047E728684007F5D4EE
:1052F0002078C00655D5D8F8000000F03800316895
:10530000DFF850920828A9F104090FD0182803D11A
:1053100001F00300012809D0E06978B3286840F063
:1053200080002860FEF7DAFC074619E02868C0050F
:1053300004D5E069802801D001201EE7D9F80000DB
:1053400094F8201020F07C5040EA0160C9F8000079
:1053500027E0FEF7C3FCC01B022801D903200CE79D
:105360002868C005F5D5D9F8000094F8201020F081
:105370007C5040EA0160C9F8000012E0FFE72868AD
:1053800020F080002860FEF7A9FC074606E0FEF743
:10539000A5FCC01B022801D90320EEE62868C00541
:1053A000F5D42078000730D5DFF8AC91606909F1B9
:1053B0004C09A8B1D9F8000040F00100C9F800007C
:1053C000FEF78CFC074606E0FEF788FCC01B0228AF
:1053D00001D90320D1E6D9F800008007F4D514E004
:1053E000D9F8000020F00100C9F80000FEF776FCB3
:1053F000074606E0FEF772FCC01B022801D9032015
:10540000BBE6D9F800008007F4D42078800626D5C2
:10541000A06990B1286840F480502860FEF75EFCD7
:10542000074606E0FEF75AFCC01B022801D90320FC
:10543000A3E628688004F5D511E0286820F48050A0
:105440002860FEF74BFC074606E0FEF747FCC01B52
:10545000022801D9032090E628688004F5D420783A
:1054600040075DD53E4F386840F480703860FEF7E5
:1054700035FC814607E0FEF731FCA0EB090064280B
:1054800001D9032079E63868C005F4D5324FA06809
:105490004837012812D0B0B105281DD0386820F057
:1054A00001003860386820F004003860A06841F2DC
:1054B000883930B3FEF712FC82461EE0386840F0AF
:1054C00001003860F2E7386820F001003860386881
:1054D00020F004003860E9E7386840F004003860E4
:1054E000386840F001003860E0E7FEF7F7FBA0EB1A
:1054F0000A00484501D903203FE638688007F4D503
:105500000EE0FEF7EBFB824607E0FEF7E7FBA0EBC1
:105510000A00484501D903202FE638688007F4D4F3
:10552000616AB1B1D8F800004FF6F87BDFF828A027
:105530000AF1080AC0F3C20003280AF10409AAF11B
:1055400004087CD0022911D0286820F080702860DF
:1055500008E0E5E01044025828440258004402588C
:1055600000480258FEF7BAFB044689E0286820F09C
:1055700080702860FEF7B2FB074606E0FEF7AEFB40
:10558000C01B022801D90320F7E528688001F5D463
:10559000306840F2F3318843E16A40EA0110A16AC1
:1055A00008433060208E4FF6FF72616B401E491E2B
:1055B000C0F3080002EA41210843218F4FF4FE02A4
:1055C000491E02EA0141084394F83C10491E1202A8
:1055D00002EA01610843CAF80000D8F8000020F090
:1055E0000100C8F80000D9F80000A16C20EA0B0007
:1055F00040EAC100C9F80000D8F80000216C20F092
:105600000C000843C8F80000D8F80000616C20F0D6
:1056100002000843C8F80000D8F8000040F48030C9
:10562000C8F80000D8F8000040F40030C8F80000C6
:10563000D8F8000040F48020C8F8000000E023E023
:10564000D8F8000040F00100C8F80000286840F0D9
:1056500080702860FEF742FB044606E0FEF73EFB42
:10566000001B022801D9032087E528688001F5D5B1
:1056700056E0FEF733FB001B022801D903207CE52E
:1056800028688001F5D44BE03268DAF8000001297F
:1056900021D0A36A02F0030199421CD1E16AC2F34E
:1056A0000512914217D1216BC0F30802491E8A42AC
:1056B00011D1616BC0F34622491E91420BD1A16BFF
:1056C000C0F30642491E914205D1E16BC0F306606A
:1056D000491E814201D001204FE5D9F80000C0F3F6
:1056E000CC00A16C81421BD0D8F8000020F0010052
:1056F000C8F80000FEF7F2FA0546FEF7EFFAA842F6
:10570000FBD0D9F80000A16C20EA0B0040EAC100F0
:10571000C9F80000D8F8000040F00100C8F8000007
:1057200000202AE57047704770470000F0B590F8F8
:105730003C20012A40D0012680F83C60022280F8FB
:105740003D2003685A689C681C4FDFF874C0BB4258
:1057500001D0634503D122F470054A682A4322F040
:1057600070050A682A435A600268BA4219D0B2F139
:10577000804F16D0134B9A4213D0134B9A4210D03D
:10578000124B9A420DD062450BD0114B9A4208D071
:10579000104B9A4205D0104B9A4202D00F4B9A42BE
:1057A00004D124F080038968194391603C3046702D
:1057B000002101700020F0BD0220F0BD000001407A
:1057C000000401400004004000080040000C0040BC
:1057D000001800400040014000E0004000E40040AC
:1057E00010B50446002C03D094F83D0010B107E03A
:1057F000012010BD002084F83C00204600F018F87D
:10580000022084F83D002068211D02F0D7FA012013
:105810003D34E0726070A070E07020716071A07122
:10582000E07120726072A0722070002010BD000034
:1058300070B586B00646142101A8FBF710F9306850
:105840002B49B0F1804F3DD02A4A904243D108689D
:1058500040F002000860086800F002000090244850
:105860000838016841F004010160006800F004009C
:10587000009080200190022002900025039504955D
:10588000059001A91C48FEF711F91D4C1B4820602A
:10589000172060604020A060E560000120614000AA
:1058A00060618000A061E5614FF440302062656274
:1058B0002046FDF75BF808B1FBF765FF7462A6634D
:1058C00006B070BD086840F001000860086800F08C
:1058D00001000090F4E70B4A9042F1D1086840F0D3
:1058E00004000860086800F004000090E8E7000089
:1058F000E84402580004004000080258A00002409A
:10590000B80D00240008004090F83D10012901D096
:1059100001207047022180F83D100168CA6842F0FA
:105920000102CA600068184988421AD0B0F1804F5D
:1059300017D01649884214D01549884211D015490C
:1059400088420ED0144988420BD01449884208D0AE
:105950001349884205D01349884202D0124988422F
:105960000CD18168114A114006290BD0B1F5803F56
:1059700008D0016841F00101016003E0016841F0D5
:105980000101016000207047000001400004004058
:1059900000080040000C00400004014000180040D6
:1059A0000040014000E0004000E40040070001002A
:1059B00070B50446002594F83C00012815D0012656
:1059C00084F83C60022084F83D0020688268394BEE
:1059D0001A4022F47F4282600868702802462ED066
:1059E00010DC10F00F0F03D022E04FF0020070BD6A
:1059F0004FEA201007281BD2DFE800F0575757570F
:105A00004D394300B0F1101F4FD009DCB0F5805F75
:105A10000FD0B0F5005F1ED0B0F5801F08D144E074
:105A2000A0F58010203840D010283ED020283CD04F
:105A300001253C34667000202070284670BDCB687C
:105A40002068D1E9012102F0ACFA2068816841F0B8
:105A500077018160EDE7CB682068D1E9012102F090
:105A6000A0FA2068816841F480418160E1E7CA685A
:105A70004968206802F038FC2068502102F09CFA46
:105A8000D7E7CA684968206802F03FFC20686021B7
:105A900002F092FACDE7CA684968206802F024FC57
:105AA0002068402102F088FAC3E72068114602F01E
:105AB00083FABEE788FFCEFF704770472DE9F041BB
:105AC00004462068C66805694FF00007A90714D589
:105AD000B10712D5F91E0161012020772068806985
:105AE000800703D02046FFF7E8FF05E0204600F0DE
:105AF000DFF8204600F0A0F92777680717D5700770
:105B000015D521686FF00400086102202077206815
:105B1000806910F4407F03D02046FFF7CEFF05E0F8
:105B2000204600F0C5F8204600F086F927772807C0
:105B300016D5300714D521686FF0080008610420DD
:105B400020772068C069800703D02046FFF7B5FFA3
:105B500005E0204600F0ACF8204600F06DF927770C
:105B6000E80617D5F00615D521686FF0100008611A
:105B7000082020772068C06910F4407F03D02046B9
:105B8000FFF79BFF05E0204600F092F8204600F06A
:105B900053F92777E80708D0F00706D021686FF09F
:105BA00001000861204600F017FB280601D4A80474
:105BB00008D5300606D521686FF4025008612046EA
:105BC000FFF7B1FDE80508D5300606D521686FF46A
:105BD000807008612046FFF7A5FD680608D57006AD
:105BE00006D521686FF040000861204600F0FEFAFB
:105BF000A8060AD5B00608D521686FF02000086114
:105C00002046BDE8F041FFF78FBDBDE8F081000000
:105C100070B586B00446142101A8FAF720FF1F4A88
:105C2000206802241E49904215D1086840F0040003
:105C30000860086800F00400009040200190029481
:105C40000120039003200490059401A91548FDF755
:105C50002DFF06B070BD144A9042FAD1086840F09A
:105C600008000860086800F0080000901014019017
:105C70000294002503950494059401A90B4E304627
:105C8000FDF714FF4FF40041019102940395049530
:105C9000059401A93046FDF709FFDAE7000400404A
:105CA000E04402580008025800080040000C025866
:105CB000704770B504460D46002694F83C00012854
:105CC0000BD0012084F83C000C2A4FD007DC82B1B5
:105CD000042A22D0082A06D134E0022070BD102AFE
:105CE00059D0142A6BD00126002084F83C0030469D
:105CF00070BD2068294602F069F92068816941F089
:105D0000080181612068816921F0040181612068B6
:105D100081692A6911438161E6E72068294602F01A
:105D2000A5F92068816941F4006181612068816979
:105D300021F480618161206881692A6941EA022138
:105D40008161D1E72068294602F0DAF92068C1694B
:105D500041F00801C1612068C16921F00401C161FD
:105D60002068C1692A691143C161BDE720682946DD
:105D700002F010FA2068C16941F40061C161206835
:105D8000C16921F48061C1612068C1692A6941EA61
:105D90000221C161A8E72068294602F035FA20688F
:105DA000416D41F0080141652068416D21F0040119
:105DB00041652068416D2A691143416594E7206877
:105DC000294602F059FA2068416D41F400614165AD
:105DD0002068416D21F4806141652068416D2A6928
:105DE00041EA022141657FE710B50446002C03D04B
:105DF00094F83D0010B107E0012010BD002084F8A8
:105E00003C00204600F017F8022084F83D0020688E
:105E1000211D01F0D3FF01203D34E0726070A070BD
:105E2000E07020716071A071E07120726072A072E8
:105E30002070002010BD70477047704730B5044691
:105E400000290DD004290ED008290FD00C2910D01C
:105E5000102911D094F84300012810D0012030BD42
:105E600094F83E00F8E794F83F00F5E794F8400016
:105E7000F2E794F84100EFE794F84200ECE70220E3
:105E8000F1B304294DD008294ED00C294FD0102948
:105E900050D084F843000122206801F0FDFF2A4A17
:105EA00020682A4B2A49904209D0984207D088425C
:105EB00005D0284DA84202D0274DA84203D1456CF9
:105EC00045F4004545642068904218D0B0F1804FF9
:105ED00015D0224A904212D0214A90420FD0214A36
:105EE00090420CD098420AD01F4A904207D0884274
:105EF00005D01E49884202D01D4988421DD100E0CC
:105F00000CE081681B4A114006291AD0B1F5803F88
:105F100017D0016841F00101016012E084F83E00F1
:105F2000B9E784F83F00B6E784F84000B3E784F8A7
:105F30004100B0E784F84200ADE7016841F001019B
:105F40000160002030BD000000000140000401405D
:105F5000004001400044014000480140000400406E
:105F600000080040000C00400018004000E0004025
:105F700000E40040070001002DE9F04104460D4611
:105F800011460026002D1BD0042D1CD0082D1DD03D
:105F90000C2D1ED0102D1FD094F8430002281ED0C7
:105FA000FDB1042D20D0082D21D00C2D22D0102D94
:105FB00023D094F84300012822D00120BDE8F081CD
:105FC00094F83E00EAE794F83F00E7E794F84000D1
:105FD000E4E794F84100E1E794F84200DEE70220AC
:105FE000ECE794F83E00E6E794F83F00E3E794F826
:105FF0004000E0E794F84100DDE794F84200DAE77A
:1060000069B163B1022065B1042D0DD0082D0ED009
:106010000C2D0FD0102D10D084F843000FE001207C
:10602000CCE784F83E000AE084F83F0007E084F8FB
:10603000400004E084F8410001E084F84200574841
:10604000574A584F45B1042D1CD0082D30D00C2D87
:1060500045D00126E6B39EE0D4F824C0CCF83C003D
:10606000606A0264606AC7642268606A3432FCF75E
:1060700075FE08B10120A1E72068C16841F40071F4
:10608000C160E7E7D4F828C0CCF83C00A06A0264FD
:10609000A06AC7642268A06A3832FCF75FFE08B1C4
:1060A00001208BE72068C16841F48061C160D1E7BD
:1060B000D4F82CC0CCF83C00E06A0264E06AC76403
:1060C0002268E06A3C32FCF749FE10B1012075E716
:1060D0001BE02068C16841F40061C160BAE7D4F8F0
:1060E00030C0CCF83C00206B0264206BC76422688F
:1060F000206B4032FCF732FE08B101205EE72068D9
:10610000C16841F48051C160A4E72068012229469A
:1061100001F0C2FE24492068244A254B884209D058
:10612000904207D0984205D0224DA84202D0224D7D
:10613000A84203D1456C45F4004545642068884277
:1061400018D0B0F1804F15D01C49884212D01C499C
:1061500088420FD01B4988420CD090420AD01A497D
:10616000884207D0984205D01849884202D0184981
:1061700088420CD18168174A114006290BD0B1F52D
:10618000803F08D0016841F00101016003E001682F
:1061900041F001010160304610E70000B37E0008C5
:1061A000117F00084F7F00080000014000040140FB
:1061B000004001400044014000480140000400400C
:1061C00000080040000C00400018004000E00040C3
:1061D00000E400400700010000680349884201D143
:1061E000FDF782BD7047000000000140704790F845
:1061F0008410012918D0012180F884102421C0F8CE
:10620000881001680A680B6823F001030B6022F014
:10621000005100224266036819602021C0F88810EE
:1062200080F8842000207047022070477047704734
:1062300070B5044694F8840001281DD0012084F82C
:1062400084002420C4F8880020680568026822F0D1
:10625000010202602068826822F060620A43826064
:10626000204602F0A1F8206805602020C4F88800CC
:10627000002084F8840070BD022070BD70B5044613
:1062800094F8840001281DD0012084F88400242083
:10629000C4F8880020680568026822F001020260E4
:1062A0002068826822F060420A438260204602F041
:1062B0007BF8206805602020C4F88800002084F85E
:1062C000840070BD022070BD7047704710B5044651
:1062D000204600F06BF8C00703D021680120086257
:1062E00019E0204600F062F8800703D521680420F9
:1062F000086210E0204600F059F8400703D52168F5
:106300000220086207E0204600F050F8000702D59E
:106310002168082008621A492068884204D1194976
:106320000122194800F07EFD18492068884205D1F5
:106330001449012216481C3100F074FD15492068EB
:10634000884205D10F4901221348383100F06AFD17
:1063500012492068884205D10A4901221048543167
:1063600000F060FD0F492068884207D105490122ED
:10637000BDE810400C48703100F054BD10BD000065
:1063800000100140DDD20024EC0F00240048004042
:1063900080100024004C0040300E002400780040A3
:1063A000C40E0024007C0040580F0024D0F8900058
:1063B000704700002DE9F04104462368D869196848
:1063C0009A6840F60F0500EA0507002F0ED18506F2
:1063D0000CD501F0200502F08056354306D0616FE0
:1063E00000297DD02046BDE8F0410847002602255F
:1063F000002F76D0D54FDFF858C3174001EA0C0CB8
:1064000057EA0C0C6DD05FEAC07C0CD05FEAC15C2F
:1064100009D54FF0010CC3F820C0D4F8903043F0F8
:106420000103C4F89030830709D5D30707D0236848
:106430001D62D4F8903043F00403C4F89030430751
:106440000AD5D30708D0256804232B62D4F89030EE
:1064500043F00203C4F8903003070CD501F0200389
:106460003B4308D0256808232B62D4F8903043F0D2
:106470000803C4F8903003050BD54B0109D52568F6
:106480004FF400632B62D4F8903043F02003C4F83B
:106490009030D4F89030002B3CD0800609D501F024
:1064A000200002F08051084303D0616F09B12046FB
:1064B0008847D4F8900021688968490602D410F012
:1064C000280F2DD0204602F0A3F8206880684006EF
:1064D00022D52068083050E8001F21F0400101E07B
:1064E00018E023E040E80012002AF2D1D4F880003E
:1064F00068B198490165D4F88000FBF70BFD0028CE
:1065000008D0D4F88000016DBDE8F041084720466E
:10651000FFF7DCFEBDE8F0812046FFF7D7FEF9E784
:106520002046FFF7D3FEC4F89060F3E7E76E012F33
:106530007ED1C7067CD5CF067AD510201862206898
:1065400080684FF02003400673D5D4F8802082493C
:10655000106888423AD080491831884236D07E4946
:106560003031884232D07C49483188422ED07A4935
:10657000603188422AD078497831884226D07649DD
:106580009031884222D07449A83188421ED0734984
:1065900088421BD071491831884217D06F49303179
:1065A000884213D06D49483188420FD06B49603121
:1065B00088420BD069497831884207D067499031C9
:1065C000884203D06549A831884201D1406800E083
:1065D000406880B24FF4807760B3B4F85C108142B9
:1065E00040D9A4F85E00D069B84230D0206850E8A5
:1065F000001F21F4807140E80012002AF6D12068C3
:10660000083050E8001F21F0010140E80012002A84
:10661000F5D12068083050E8001F21F0400140E823
:106620000012002AF5D1C4F88C30E666206802E03A
:1066300056E023E016E050E8001F21F0100140E88A
:106640000012002AF2D1D4F88000FBF7A5FA2567E2
:10665000B4F85C00B4F85E10401A81B22046FFF72F
:10666000E5FD57E7B4F85C108142FAD1D069B84231
:10667000F7D125672046FFF7D9FD4BE734F85C0FCB
:106680006188401A81B260885C3C0028E9D000290A
:10669000E7D0206850E8002F22F4907240E80027ED
:1066A000002FF6D1294FFF432068083050E8002F13
:1066B0003A4040E8002CBCF1000FF5D1C4F88C3012
:1066C000E6666667206850E8002F22F0100240E876
:1066D0000023002BF6D125672046FFF7A7FD19E719
:1066E000C50209D5550207D54FF48010186220461F
:1066F000BDE8F041FFF7E9BD03060CD501F08003CA
:1067000002F40002134306D0A16F0029A9D020464D
:10671000BDE8F0410847420606D54A0604D52046A2
:10672000BDE8F04101F09EBF020206D54A0004D543
:106730002046BDE8F041FFF7C7BDC00191D5002953
:106740008FDA2046BDE8F041FFF771BD010000106F
:10675000200100046385000810000240100402407C
:1067600070B504461C4910252068884205D11B4895
:10677000006805621A4804F0E9FD1A492068884259
:1067800006D119480068056215481C3004F0DEFD8A
:1067900016492068884206D11548006805621048ED
:1067A000383004F0D3FD13492068884206D11248DE
:1067B000006805620A48543004F0C8FD0F4920689B
:1067C000884208D10E48006805620548BDE870405F
:1067D000703004F0BBBD70BD00100140EC0F002410
:1067E000DCD200240048004080100024004C00400F
:1067F000300E002400780040C40E0024007C0040CD
:10680000580F002410B50446002C03D0D4F888009B
:1068100010B107E0012010BD002084F8840020465C
:1068200000F028F82420C4F888002068016821F0CE
:1068300001010160A06A10B1204601F0D9FD204697
:1068400002F09AF9012813D02068416821F49041A0
:1068500041602068816821F02A0181602068016818
:1068600041F0010101602046BDE8104001F024BE66
:10687000012010BD2DE9F04FB5B00446142130A819
:10688000FAF7EDF8B82102A8FAF7E9F8FD4A4FF453
:10689000807920684FF44037FB4D4FF0020B1615FE
:1068A0004FF0030A90424FF040087CD102220020B2
:1068B000CDE902201F9002A8FDF7F2FC08B1FAF71B
:1068C00062FFF1480830016841F40021016000686E
:1068D00000F400200190286840F00100286028683A
:1068E00000F001000190286840F008002860286846
:1068F00000F0080001900120309002203190002526
:106900003295CDF8CCA04FF0080BCDF8D0B030A91F
:10691000DE48FDF7CBF8012030900220319032950F
:10692000CDF8CCA0CDF8D0B030A9D948FDF7BEF84D
:10693000DFF864A3D748CAF800003F20CAF8040073
:10694000CAF80850CAF80C50CAF81060CAF81450B7
:10695000CAF81850CAF81C90CAF82070CAF8245017
:106960005046FCF703F808B1FAF70DFFC4F880A011
:10697000CAF83840DFF82093C64809F17809183082
:10698000C9F80000C9F80480C9F80880C9F80C509B
:10699000C9F81060C9F81450C9F81850C9F81C504B
:1069A000C9F8207000E016E0C9F824504846FBF70B
:1069B000DDFF08B1FAF7E7FEC4F87C90C9F838406B
:1069C000002205213420FDF729FA3420FDF718FABA
:1069D00035B0BDE8F08FB14A90427DD1022200204F
:1069E000CDE902201F9002A8FDF75AFC08B1FAF782
:1069F000CAFEA5480830016841F080410160006886
:106A000000F080400190286840F01000286028685D
:106A100000F0100001904FF4C0703090CDF8C4B079
:106A200000253295CDF8CCA00720349030A99C48A1
:106A3000FDF73CF8DFF860A296480AF1F00A303022
:106A4000CAF800004F20CAF80400CAF80850CAF873
:106A50000C50CAF81060CAF81450CAF81850CAF896
:106A60001C90CAF82070CAF824505046FBF77EFFED
:106A700008B1FAF788FEC4F880A0CAF83840DFF8F9
:106A8000249284484830C9F800005020C9F8040016
:106A9000C9F80880C9F80C50C9F81060C9F814503A
:106AA000C9F81850C9F81C50C9F82070C9F824500A
:106AB0004846FBF75BFF08B1FAF765FEC4F87C9027
:106AC000C9F83840002205215220FDF7A7F95220CD
:106AD000FDF796F97CE7FFE7734A90427DD10222E9
:106AE0000020CDE902201F9002A8FDF7D9FB08B1D4
:106AF000FAF749FE64480830016841F0004101603E
:106B0000006800F000400190286840F01000286004
:106B1000286800F010000190CDF8C0A0CDF8C4B0F6
:106B200000253295CDF8CCA00820349030A95C48DF
:106B3000FCF7BCFFDFF86CA156480AF1780A783000
:106B4000CAF800005120CAF80400CAF80850CAF870
:106B50000C50CAF81060CAF81450CAF81850CAF895
:106B60001C90CAF82070CAF824505046FBF7FEFE6D
:106B700008B1FAF708FEC4F880A0CAF83840DFF878
:106B800024914A4809F1F009C9F800005220C9F8D7
:106B90000400C9F80880C9F80C50C9F81060C9F899
:106BA0001450C9F81850C9F81C50C9F82070C9F819
:106BB00024504846FBF7DAFE08B1FAF7E4FDC4F8C2
:106BC0007C90C9F83840002206215320FDF726F9B1
:106BD0005320FDF715F9FBE6FFE7354A90426BD1EC
:106BE00001220020CDE90220209002A8FDF758FBE9
:106BF00008B1FAF7C8FD24481030016841F01001CF
:106C00000160006800F010000190286840F0010069
:106C10002860286800F0010001904FF4C0603090B7
:106C2000CDF8C4B000253295CDF8CCA00720349023
:106C300030A91648FCF73AFFDFF878A0154830383D
:106C4000CAF800002920CAF80400CAF80850CAF897
:106C50000C50CAF81060CAF81450CAF81850CAF894
:106C60001C90CAF82070CAF824505046FBF77EFEEC
:106C700008B1FAF788FDC4F880A0CAF83840054882
:106C800018381AE0004C0040E04402580000025856
:106C9000000C02584000024014110024007800400B
:106CA000001002587C120024007C004010040240B6
:106CB00000100140E413002429E0DFF85491C9F8E2
:106CC00000002A20C9F80400C9F80880C9F80C504F
:106CD000C9F81060C9F81450C9F81850C9F81C5008
:106CE000C9F82070C9F824504846FBF73FFE08B1A8
:106CF000FAF749FDC4F87C90C9F838400022092110
:106D00002520FDF78BF82520FDF77AF860E6414A4B
:106D10009042FBD102220020CDE902201F9002A860
:106D2000FDF7BEFA08B1FAF72EFD3B48016841F4C1
:106D300080210160006800F480200190286840F004
:106D400008002860286800F0080001904FF44070A7
:106D50003090CDF8C4B000253295CDF8CCA00720F6
:106D6000349030A92D48FCF7A1FEDFF8A4A02C48F0
:106D70000AF1780ACAF800002D20CAF80400CAF8FF
:106D80000850CAF80C50CAF81060CAF81450CAF873
:106D90001850CAF81C90CAF82070CAF824505046FF
:106DA000FBF7E4FD08B1FAF7EEFCC4F880A0CAF8DE
:106DB0003840DFF85C901A4809F1F0091830C9F83A
:106DC00000002E20C9F80400C9F80880C9F80C504A
:106DD000C9F81060C9F81450C9F81850C9F81C5007
:106DE000C9F82070C9F824504846FBF7BFFD08B128
:106DF000FAF7C9FCC4F87C90C9F838400022052194
:106E00002720FDF70BF82720FCF7FAFFE0E500004C
:106E10005C14002400480040E8440258000C02586A
:106E20002804024030B4D0F88C30202B02D002204D
:106E300030BC7047A9B1A2B10023C3660A4C0368F5
:106E4000A3420BD05B681B0208D5036853E8004FD0
:106E500044F0806443E80045002DF6D130BC02F0D8
:106E600023B90120E4E70000000C005870B5044687
:106E700026492068884209D1254D2846697804F0C2
:106E80006BFA24480122691CFFF7CCFF22492068D5
:106E900088420AD11E4D1C352846697804F05CFAF8
:106EA0001E480122691CFFF7BDFF1D49206888426A
:106EB0000AD1174D38352846697804F04DFA19483B
:106EC0000122691CFFF7AEFF1749206888420AD1EA
:106ED0000F4D54352846697804F03EFA13480122D4
:106EE000691CFFF79FFF1249206888420CD1084CAB
:106EF00070342046617804F02FFA01220D48611C9D
:106F0000BDE87040FFF78EBF70BD0000001001406B
:106F1000DCD20024EC0F0024004800408010002444
:106F2000004C0040300E002400780040C40E0024C5
:106F3000007C0040580F002470B50446D4F8880047
:106F4000202801D0022070BD31B32AB344F8501F6D
:106F5000A280E280002121642120A063E06A503CED
:106F6000E0B1164BC363E36F15481864E36F15482F
:106F7000D864E06F016513462068E56F2830216D05
:106F800002462846FBF7EAFE40B110208834A06094
:106F900020202060012070BD012070BD21684020AC
:106FA00008622068083050E8001F41F0800140E886
:106FB0000012002AF5D1002070BD0000C385000832
:106FC000058600087385000870477047FEE70000DB
:106FD00008B53548016841F001010160016801F020
:106FE00001010091016841F002010160006800F0B8
:106FF00002000090002205210B20FCF70FFF0B2060
:10700000FCF7FEFE002205210C20FCF707FF0C20F8
:10701000FCF7F6FE002205210D20FCF7FFFE0D20F7
:10702000FCF7EEFE002205210E20FCF7F7FE0E20F5
:10703000FCF7E6FE002205210F20FCF7EFFE0F20F3
:10704000FCF7DEFE002205211020FCF7E7FE1020F1
:10705000FCF7D6FE002205211120FCF7DFFE1120EF
:10706000FCF7CEFE002205212F20FCF7D7FE2F20B3
:10707000FCF7C6FE002205213820FCF7CFFE3820A1
:10708000FCF7BEFE002205213920FCF7C7FE39209F
:10709000FCF7B6FE002205213A20FCF7BFFEBDE852
:1070A00008403A20FCF7ACBED844025870B588B00E
:1070B00021482049016000248460C4600474447441
:1070C00084740A214161012585610721C16102267D
:1070D000066245628562C562056344638463C46376
:1070E00010210164042141648464C1640465416524
:1070F0008465C4650822026644668166FCF7B0FABE
:1071000008B1FAF740FB00940194029603950494A9
:10711000059469460848FCF710F808B1FAF733FB04
:107120000548FCF7A0FC044800220121FBF78CFF76
:1071300008B070BD00A00040F40A002470B588B00B
:1071400022482149016000248460C46004744474AE
:1071500084740A214161012585610721C1610226EC
:10716000066245628562C56205634FF44D714163F5
:107170008463C46310210164042141648464C16494
:10718000046541658465C4650822026644668166BB
:10719000FCF766FA08B1FAF7F6FA00940194029641
:1071A00003950494059469460848FBF7C6FF08B1A7
:1071B000FAF7E9FA0548FCF756FC044800220121D9
:1071C000FBF742FF08B070BD00A40040940B002400
:1071D00070B588B022482149016000248460C460F1
:1071E0000474447484740A21416101258561072176
:1071F000C1610226066245628562C562056340F28E
:10720000AA6141638463C463102101640421416461
:107210008464C164046541658465C46508220266AE
:1072200044668166FCF71CFA08B1FAF7ACFA0094E0
:107230000194029603950494059469460848FBF767
:107240007CFF08B1FAF79FFA0548FCF70CFC0448EC
:1072500000220121FBF7F8FE08B070BD00D4004009
:10726000340C002410B50821002208460AF0B6F8B4
:10727000434CA0630821002208460AF0AFF8E063FF
:107280000821002208460AF0A9F8206408210022FB
:1072900008460AF0A3F860640022082104200AF0DE
:1072A0009DF8A0640022082102200AF097F8E0640B
:1072B0000022082102200AF091F820650021314ABD
:1072C000314809F039F8206000212E4A2F48243235
:1072D00009F032F8606000212A4A2D48483209F04E
:1072E0002BF8A0600021274A2A486C3209F024F8C4
:1072F000E0600021234A2848903209F01DF82061FF
:107300000021204A2548B43209F016F860610021B6
:107310001C4A2348D83209F00FF8A0610021194A0D
:107320002048FC3209F008F8E06100211E4A1F489D
:1073300009F002F8206200211B4A1D48243208F09F
:10734000FBFF60620021184A1A48483208F0F4FF37
:10735000A0620021144A18486C3208F0EDFFE06288
:107360000021114A1548903208F0E6FF2063002101
:107370000D4A1348B43208F0DFFF606310BD00000F
:10738000000000249C1D0108397C0008457B000892
:10739000D5190008751B0008711000084D78000809
:1073A000350F00086D0F0008BC1E0108817B000826
:1073B000C1150008A50F0008DD0F00086592000840
:1073C0004D7B0008F0B587B0142102A8F9F747FB00
:1073D0002D48016841F010010160016801F01001C1
:1073E0000191016841F080010160016801F08001B4
:1073F0000191016841F001010160016801F00101A2
:107400000191016841F008010160016801F0080183
:107410000191016841F004010160016801F004017B
:107420000191016841F002010160006800F0020072
:107430000190164E00227C213046FCF748FC144F88
:10744000002208213846FCF742FC7C2002900125EE
:10745000039500240494059402A93046FCF726FB0A
:107460004FF4C06002900394049502A93046FCF7E3
:107470001DFB0820029003950494059402A9384648
:10748000FCF714FB07B0F0BDE044025800100258AE
:10749000000C025810B588B000240494059406949A
:1074A00007940194029403944FF0804112480160C4
:1074B00044608460D121C16004618461FEF790F969
:1074C00008B1FAF760F94FF4805004900A4804A913
:1074D000FEF76EFA08B1FAF756F90194039401A980
:1074E0000548FEF723F908B1FAF74DF902480021E3
:1074F000FEF7A4FC08B010BDD40C002410B58EB06B
:1075000000240A940B940C940D9407940894099405
:107510001C216846F9F7A3FA1D481C490160446024
:10752000846040F25711C16004618461FEF758F92C
:1075300008B1FAF728F94FF480500A9014480AA9C4
:10754000FEF736FA08B1FAF71EF91148FEF74CFCBF
:1075500008B1FAF718F90794099407A90C48FEF73F
:10756000E5F808B1FAF70FF9602000900194029451
:107570000494002206486946FEF79BFB08B1FAF71F
:1075800002F90348FEF744FB0EB010BD00040040B2
:10759000200D002410B58EB000240A940B940C9496
:1075A0000D940794089409941C216846F9F757FA3A
:1075B0002248214901604FF489714160846044F69A
:1075C0001F61C16004618461FEF70AF908B1FAF72E
:1075D000DAF84FF480500A9018480AA9FEF7E8F943
:1075E00008B1FAF7D0F81548FEF7FEFB08B1FAF734
:1075F000CAF80794099407A91048FEF797F808B14C
:10760000FAF7C1F8602000900194029404940822D3
:107610000A486946FEF74DFB08B1FAF7B4F8074887
:107620000C226946FEF745FB08B1FAF7ACF80348AF
:10763000FEF7EEFA0EB010BD000800406C0D0024FD
:1076400010B5174815490160164941600021816055
:10765000C16001610C2242618161C16101624162CC
:107660008162FFF7CFF808B1FAF78DF80C480021D6
:10767000FEF704FE08B1FAF786F809480021FEF784
:10768000D7FD08B1FAF77FF80548FEF7B0FD0028EE
:1076900003D0BDE81040FAF776B810BD004C0040AA
:1076A000300E0024A086010010B51848164901606C
:1076B0004FF4E131416000218160C16001610C2221
:1076C00042618161C161016241628162FFF79AF8A2
:1076D00008B1FAF758F80D480021FEF7CFFD08B1C0
:1076E000FAF751F809480021FEF7A2FD08B1FAF7B0
:1076F0004AF80648FEF77BFD002803D0BDE810409D
:10770000FAF741B810BD000000780040C40E002414
:1077100010B51848164901604FF4E131416000216D
:107720008160C16001610C2242618161C1610162BD
:1077300041628162FFF766F808B1FAF724F80D4854
:107740000021FEF79BFD08B1FAF71DF8094800215A
:10775000FEF76EFD08B1FAF716F80648FEF747FD8A
:10776000002803D0BDE81040FAF70DB810BD0000A6
:10777000007C0040580F002410B5184816490160DD
:107780004FF4E121416000218160C16001610C2260
:1077900042618161C161016241628162FFF732F839
:1077A00008B1F9F7F0FF0D480021FEF767FD08B1B9
:1077B000F9F7E9FF09480021FEF73AFD08B1F9F7AA
:1077C000E2FF0648FEF713FD002803D0BDE8104095
:1077D000F9F7D9BF10BD000000100140EC0F0024E4
:1077E00010B51848164901604FF4E131416000219D
:1077F0008160C16001610C2242618161C1610162ED
:1078000041628162FEF7FEFF08B1F9F7BCFF0D4847
:107810000021FEF733FD08B1F9F7B5FF0948002153
:10782000FEF706FD08B1F9F7AEFF0648FEF7DFFCEC
:10783000002803D0BDE81040F9F7A5BF10BD000037
:107840000048004080100024FEE700000F4806F0CA
:1078500007FD0F4D4FF0FF370E4C05F160063A461D
:107860003146206809F06AFF0028F8D095F86010CA
:10787000094803F093FB08480C2103F08FFB0AF042
:10788000A7F80146014807F0F9FAE8E7E45E0024AA
:10789000148900243800002488850024034A112319
:1078A0000E21A2F2FE3002F009B800007905002492
:1078B000FEE700B5AFB0B8216846F9F7D0F8002070
:1078C0004FF40041CDE90010052002903C200390C8
:1078D000022004900321059106908020079000204B
:1078E000089009904FF000501B906846FCF7D8FCB8
:1078F000002801D0F9F747FF2FB000BD2DE9F04770
:10790000044688460027DFF81491D9F80000C043E8
:10791000800709D0414D283D286820F0806028600C
:10792000FCF7DCF9064609E00120BDE8F087FCF72A
:10793000D5F9801B022801D90320F6E72868000149
:10794000F5D4D9F80000216820F47C3040EA0130F9
:10795000C9F80000A0884FF6FF72A168401E491EBA
:10796000C0F3080002EA41210843A1894FF4FE0256
:10797000491E02EA01410843217C1202491E02EA23
:10798000016108432549103108602448001D016841
:10799000626921F0C001114301600168A26921F010
:1079A000200111430160016821F0100101601B49B1
:1079B00014310A684FF6F8739A43E36942EAC30246
:1079C0000A60016841F010010160B8F1000F0ED0AB
:1079D000B8F1010F10D0016841F40011016028686E
:1079E00040F080602860FCF779F9044610E00168F7
:1079F00041F400210160F2E7016841F48011016067
:107A0000EDE7FCF76BF9001B022801D903208CE796
:107A100028680001F5D5384687E700002844025859
:107A20002DE9F047044688460027DFF81491D9F87D
:107A30000000C043800709D0414D283D286820F050
:107A400080502860FCF74AF9064609E00120BDE8AD
:107A5000F087FCF743F9801B022801D90320F6E7E1
:107A600028688000F5D4D9F80000218820F07C70C7
:107A700040EA0150C9F80000A0884FF6FF72A168E3
:107A8000401E491EC0F3080002EA41210843A189B3
:107A90004FF4FE02491E02EA01410843217C120212
:107AA000491E02EA0161084325491831086024484B
:107AB000001D0168626921F44061114301600168A1
:107AC000A26921F4007111430160016821F4807101
:107AD00001601B491C310A684FF6F8739A43E36949
:107AE00042EAC3020A60016841F480710160B8F1A2
:107AF000000F0ED0B8F1010F10D0016841F0807175
:107B00000160286840F080502860FCF7E7F80446E0
:107B100010E0016841F480010160F2E7016841F47E
:107B200000010160EDE7FCF7D9F8001B022801D93C
:107B300003208CE728688000F5D5384687E70000E9
:107B400028440258012008F0B9FBFBE7094D4FF02B
:107B5000FF36094C3246211D286809F0EFFD002848
:107B6000F8D06068401C02F0D5FA04480A2103F0FE
:107B700015FAEFE74C000024140100248885002446
:107B80001A4D4FF0FF361A4C32461949286809F051
:107B9000D5FD0028F8D02078001F052821D2DFE885
:107BA00000F003090F151B00124A1348616806F024
:107BB0005DFA16E0114A1048616806F057FA10E0C5
:107BC0000F4A0D48616806F051FA0AE00D4A0A486A
:107BD000616806F04BFA04E00B4A0748616806F05A
:107BE00045FA2178094803F0D9F9CDE74800002487
:107BF0000C010024DCD20024E45E0024F8D200242E
:107C000014D3002430D300244CD3002488850024CE
:107C100010B507480821FEF711F905480C21FEF7B9
:107C20000DF901220348BDE810400821FCF74FB8C8
:107C30006C0D0024000C0258012008F03FFBFBE70C
:107C400010B54FF0E020006909F0B4FE012803D020
:107C5000BDE8104009F0ACBB10BD000010B59CB0F1
:107C60004C2109A8F8F7FBFE202101A8F8F7F7FE40
:107C70000220FCF717F900241C48016821F4404158
:107C80000160016801F44041009101688904FCD55C
:107C90000121099108040A90022012901390149077
:107CA0002C2215921691179018900C2019901A9466
:107CB0001B9409A8FDF74AFA08B1F9F764FD3F20C3
:107CC0000190032002900394082004904020059026
:107CD0000690010107910890032101A8FCF7A8FF75
:107CE000002801D0F9F74FFD1CB010BD184802580C
:107CF00010B52748016841F470010160254A1068F9
:107D000000F00F00072804D2106820F00F00C01DFB
:107D100010602149086840F0010008601E4B0020F7
:107D2000103318600B681D4C23400B60136803F080
:107D30000F03072B04D9136823F00F03DB1D136017
:107D4000154A18321060121D1060121D1060124B7F
:107D5000134A28331A601B1D124A1A601B1D124A4F
:107D60001A601B1D18601B1D1A601B1D18601B1D4F
:107D70001A601A1D10600A6822F480220A600649FF
:107D80006031086043F2D2000849086010BD00006D
:107D900088ED00E000200052004402587FEDF6EA32
:107DA000000202020000FF018002010100400052B7
:107DB0000148FDF783BE0000C41500242DE9F04FF3
:107DC00002684FF0804A2A4D2A4E2B4FA842DFF816
:107DD000ACC02B4B09D0504507D0B04205D0B842BB
:107DE00003D0604501D0984203D122F070044A6864
:107DF0002243DFF89080DFF89090A842DFF88CB043
:107E000015D0504513D0B04211D0B8420FD06045C4
:107E10000DD098420BD0404509D0484507D0584571
:107E200005D01B4CA04202D01A4CA04203D122F430
:107E30004074CA6822434C6922F0800222438C6855
:107E4000C4620C688462A84207D0984205D04045BD
:107E500003D0484501D0584501D109690163016843
:107E600041F004010160012141610260BDE8F08F31
:107E7000000001400004004000080040000C0040E9
:107E8000000401400040014000440140004801401E
:107E900000E0004000E4004010B5012301F01F01A4
:107EA0008B40046A9C430462036A8A401343036262
:107EB00010BD10B5846B0121626A824205D1217721
:107EC000C069F8B984F83E101CE0A26A824206D16B
:107ED00002222277C069A8B984F83F1012E0E26A52
:107EE000824206D104222277C06958B984F8401032
:107EF00008E0226B824205D108222277C06908B9C6
:107F000084F841102046FDF797FF0020207710BD30
:107F100010B5846B616A814202D10120207710E0A4
:107F2000A16A814202D1022020770AE0E16A8142FF
:107F300002D10420207704E0216B814201D1082086
:107F400020772046FDF779FF0020207710BD10B57F
:107F5000846B0121626A824203D1217784F83E104A
:107F600019E0A26A824204D10220207784F83F10EF
:107F700011E0E26A824204D10420207784F84010A4
:107F800009E0226B824204D10820207784F8411056
:107F900001E084F83D102046FDF78EFD002020779B
:107FA00010BD10B5846824F47F4442EA03220A43DA
:107FB0002243826010BD00008268034B1A400A43CE
:107FC00042F00701816070478FFFCFFF2DE9F0433A
:107FD000046A026A22F001020262426883691D4D4E
:107FE0002B4023F003030D681D4324F002048B682B
:107FF0002343194E194FDFF868C0B042DFF86480A0
:10800000DFF8649007D0B84205D0604503D0404502
:1080100001D0484505D123F00804CB68234323F061
:108020000403B04207D0B84205D0604503D04045B4
:1080300001D0484507D122F4807222F400724C69C5
:1080400014438A692243426085614968416303623F
:10805000BDE8F0838FFFFEFF0000014000040140F7
:10806000004001400044014000480140F0B5056A6D
:10807000026A22F010020262426883691A4C2340AD
:1080800023F440730C6843EA042425F020038D6830
:1080900043EA0513154D164EA84201D0B04206D151
:1080A00023F08003CF6843EA071323F04003A8427C
:1080B0000AD0B04208D00F4DA84205D00E4DA842BC
:1080C00002D00E4DA84209D122F4806222F400624F
:1080D0004D6942EA85028D6942EA85024260846107
:1080E000496881630362F0BDFF8FFFFE000001401D
:1080F00000040140004001400044014000480140AC
:10810000F0B5056A026A22F4807202624268C369AD
:108110001A4C234023F003030C681C4325F400731E
:108120008D6843EA0523164D164EA84201D0B04291
:1081300006D123F40063CF6843EA072323F4806366
:10814000A8420AD0B04208D00F4DA84205D00F4D2A
:10815000A84202D00E4DA84209D122F4805222F446
:1081600000524D6942EA05128D6942EA05124260E9
:10817000C4614968C1630362F0BD00008FFFFEFF68
:108180000000014000040140004001400044014063
:108190000048014030B5046A026A22F4805202624B
:1081A0004268C369124D2B4023F440730D6843EAC3
:1081B000052324F400548D6844EA05340D4DA8428B
:1081C0000BD00D4DA84208D00C4DA84205D00C4D47
:1081D000A84202D00B4DA84204D122F480424D693E
:1081E00042EA85124260C36149680164046230BD9D
:1081F000FF8FFFFE000001400004014000400140ED
:10820000004401400048014030B5056A026A22F48A
:10821000803202624268436D114C23400C681C435B
:1082200025F400330D8943EA05430E4DA8420BD0D7
:108230000D4DA84208D00D4DA84205D00C4DA842C6
:1082400002D00C4DA84204D122F480324D6942EA9A
:1082500005224260446549688165036230BD0000C3
:108260008FFFFEFF0000014000040140004001407C
:10827000004401400048014030B5056A026A22F41A
:10828000801202624268436D114C23400C6843EA3D
:10829000042425F400130D8943EA05530D4DA8422B
:1082A0000BD00D4DA84208D00C4DA84205D00C4D66
:1082B000A84202D00B4DA84204D122F480224D697D
:1082C00042EA8522426044654968C165036230BD67
:1082D000FF8FFFFE0000014000040140004001400C
:1082E000004401400048014010B5036A046A24F0CC
:1082F00001040462846924F0F00444EA021423F0C7
:108300000A020A438461026210BD10B5036A046A5E
:1083100024F010040462846924F4704444EA0232B4
:1083200023F0A00343EA01118261016210BD000045
:1083300010B50848FEF73EF806480068C169C9064E
:1083400007D50068C00604D5BDE810400148FEF717
:1083500007BA10BD300E002410B50848FEF72AF801
:1083600006480068C169C90607D50068C00604D57B
:10837000BDE810400148FEF7F3B910BDC40E00245B
:1083800010B50848FEF716F806480068C169C90626
:1083900007D50068C00604D5BDE810400148FEF7C7
:1083A000DFB910BD580F002430B5416E002917D039
:1083B00002689168C1F342619268520F0B4B9C5C5A
:1083C000250103F10804A25CB5FBF2F2A0F86A20D3
:1083D0005A5C615C1201B2FBF1F1A0F8681030BD8B
:1083E000012168304180018030BD0000102001086B
:1083F00090F82810090706D501684A68836B22F4B3
:1084000000421A434A6090F82810C90706D0016854
:108410004A68C36A22F400321A434A6090F828106E
:10842000890706D501684A68036B22F480321A4333
:108430004A6090F82810490706D501684A68436BDE
:1084400022F480221A434A6090F82810C90606D503
:1084500001688A68C36B22F480521A438A6090F8DC
:108460002810890606D501688A68036C22F4005238
:108470001A438A6090F82810490611D501684A68A5
:10848000436C22F480121A434A60416CB1F5801F9C
:1084900006D101684A68836C22F4C0021A434A601C
:1084A00090F82810090606D501684A68C06C22F4C5
:1084B000002202434A6070472DE9F8430446002534
:1084C000C4F89050FBF70AFC8046206800686FF003
:1084D0007E474FF02006000716D5002243463104A0
:1084E0002046009700F072FE70B1206850E8001F2F
:1084F00021F0800140E80012002AF6D18434666041
:1085000025700320BDE8F88320680068400720D567
:10851000002243464FF480012046009700F056FEAB
:10852000B8B1206850E8001F21F4907140E80012B3
:10853000002AF6D12068083050E8001F21F0010120
:1085400040E80012002AF5D18434A660257003208B
:10855000D8E76C34E66126622560656025760020E8
:10856000D0E710B5806B0021A0F85E10FDF7AEFEDD
:1085700010BD70B5846BD4F88800D4F88C50216895
:1085800089684FF00006090606D5212804D1A4F811
:108590005660204600F078F820688068400606D5CE
:1085A000222D04D1A4F85E60204600F031F8D4F802
:1085B000900040F01000C4F890002046FDF786FEC1
:1085C00070BD014610B5886BC969B1F5807F16D0C2
:1085D0000021A0F856100168083151E8002F22F060
:1085E000800241E80023002BF5D1016851E8002FFB
:1085F00042F0400241E80023002BF6D110BDFEF707
:10860000E3FC10BD10B5806BFEF7DFFC10BD000071
:1086100010B5016851E8002F22F4907241E8002360
:10862000002BF6D10E4B0168083151E8002F1A409B
:1086300041E80024002CF6D1C16E012908D101685F
:1086400051E8002F22F0100241E80023002BF6D160
:108650002021C0F88C100021C166416710BD0000C8
:10866000FEFFFFEF10B5016851E8002F22F0400235
:1086700041E80023002BF6D12021C0F8881000210A
:108680008167FEF7A1FC10BD016851E8002F22F0C0
:10869000C00241E80023002BF6D10168083151E8FF
:1086A000002F22F4000241E80023002BF5D1202105
:1086B000C0F888107047000010B5B0F86020D0F8FE
:1086C0008C300168222B04D0886940F00800886152
:1086D00010BD496A50F8583F114019800168891C43
:1086E0000160C188491EC180C18858380029EFD176
:1086F000016851E8002F22F4907241E80023002B1A
:10870000F6D10168083151E8002F22F0010241E85A
:108710000023002BF5D12021C0F88C1000244467E1
:108720000467164A016891420BD04968090208D5CE
:10873000016851E8002F22F0806241E80023002BFD
:10874000F6D1C16E012902D0FEF790FB10BDC466C0
:10875000016851E8002F22F0100241E80023002BAD
:10876000F6D10168CA69D243D20601D410220A6246
:10877000B0F85C10FDF75AFD10BD0000000C005869
:108780002DE9F0470446B4F860802068C569D0F848
:1087900000908668D4F88C10222905D0816941F0B8
:1087A00008018161BDE8F087B4F868A0002743E0C4
:1087B0002068406AA16D00EA08000880A06D801C56
:1087C000A065B4F85E00401EA4F85E002068C5698C
:1087D00069072ED0E9070AD05FEAC95107D5012100
:1087E0000162D4F8900040F00100C4F89000A8079E
:1087F0000AD5F00708D0216802200862D4F890005A
:1088000040F00400C4F8900068070AD5F00708D0CB
:10881000216804200862D4F8900040F00200C4F8F7
:108820009000D4F8900020B12046FDF74FFDC4F829
:108830009070B4F85E0010B3BAF1000F01D0A80632
:10884000B6D4B4F85E000028ACD0B4F86810814209
:10885000A8D92068083050E8001F21F0805140E876
:108860000012002AF5D129486067206850E8001FEF
:1088700041F0200140E80012002AF6D192E720687A
:1088800050E8001F21F4807140E80012002AF6D160
:108890001F4A2068083050E8001F114040E80013CC
:1088A000002BF6D12020C4F88C0067672767194990
:1088B000206888420BD04068000208D5206850E844
:1088C000001F21F0806140E80012002AF6D1E06E1E
:1088D000012803D02046FEF7C9FAB2E7E766206810
:1088E00050E8001F21F0100140E80012002AF6D1E4
:1088F0002068C169C943C90601D410210162B4F8D6
:108900005C102046FDF792FC9BE70000B98600084A
:10891000FEFFFFEF000C005810B5B0F86020D0F853
:108920008C300168222B04D0886940F008008861EF
:1089300010BD496A114050F8582F11700168491C48
:108940000160C188491EC180C18858380029EFD113
:10895000016851E8002F22F4907241E80023002BB7
:10896000F6D10168083151E8002F22F0010241E8F8
:108970000023002BF5D12021C0F88C10002444677F
:108980000467164A016891420BD04968090208D56C
:10899000016851E8002F22F0806241E80023002B9B
:1089A000F6D1C16E012902D0FEF760FA10BDC4668F
:1089B000016851E8002F22F0100241E80023002B4B
:1089C000F6D10168CA69D243D20601D410220A62E4
:1089D000B0F85C10FDF72AFC10BD0000000C005838
:1089E0002DE9F0470446B4F860802068C569D0F8E6
:1089F00000908668D4F88C10222905D0816941F056
:108A000008018161BDE8F087B4F868A0002743E061
:108A10002068406AA16D00EA08000870A06D401C43
:108A2000A065B4F85E00401EA4F85E002068C56929
:108A300069072ED0E9070AD05FEAC95107D501219D
:108A40000162D4F8900040F00100C4F89000A8073B
:108A50000AD5F00708D0216802200862D4F89000F7
:108A600040F00400C4F8900068070AD5F00708D069
:108A7000216804200862D4F8900040F00200C4F895
:108A80009000D4F8900020B12046FDF71FFCC4F8F8
:108A90009070B4F85E0010B3BAF1000F01D0A806D0
:108AA000B6D4B4F85E000028ACD0B4F868108142A7
:108AB000A8D92068083050E8001F21F0805140E814
:108AC0000012002AF5D129486067206850E8001F8D
:108AD00041F0200140E80012002AF6D192E7206818
:108AE00050E8001F21F4807140E80012002AF6D1FE
:108AF0001F4A2068083050E8001F114040E800136A
:108B0000002BF6D12020C4F88C006767276719492D
:108B1000206888420BD04068000208D5206850E8E1
:108B2000001F21F0806140E80012002AF6D1E06EBB
:108B3000012803D02046FEF799F9B2E7E7662068DE
:108B400050E8001F21F0100140E80012002AF6D181
:108B50002068C169C943C90601D410210162B4F873
:108B60005C102046FDF762FB9BE7000019890008B6
:108B7000FEFFFFEF000C00582DE9F04387B00446DC
:108B80000026DFF8FC9320682269A168E36911439D
:108B900062691A4311430268FA4B1A400A430260A1
:108BA00020684168E26821F4405111434160A069A6
:108BB0002168494501D0226A10438A68F24B1A4065
:108BC00002438A602068C16A626A21F00F01114382
:108BD000C162EE4A2068EE4990421DD1096801F059
:108BE0003801182912D005DC51B108290AD0102902
:108BF00004D109E020290BD028290BD080212DE1B8
:108C000001212BE1042129E1082127E1102125E19F
:108C1000202123E1402121E1DE4A904217D1096859
:108C200001F00701062910D2DFE801F0030507096A
:108C30000B0D002112E1042110E108210EE11021A9
:108C40000CE120210AE1402108E1802106E1D24A1D
:108C5000904217D1096801F00701062910D2DFE818
:108C600001F0030507090B0D0021F7E00421F5E0F1
:108C70000821F3E01021F1E02021EFE04021EDE0B8
:108C80008021EBE0C54A904217D1096801F0070145
:108C9000062910D2DFE801F0030507090B0D0021BA
:108CA000DCE00421DAE00821D8E01021D6E0202120
:108CB000D4E04021D2E08021D0E0B94A904217D1DF
:108CC000096801F00701062910D2DFE801F0030569
:108CD00007090B0D0021C1E00421BFE00821BDE020
:108CE0001021BBE02021B9E04021B7E08021B5E0B0
:108CF000AC4A90421DD1096801F03801182912D000
:108D000005DC51B108290AD0102904D109E0202935
:108D10000BD028290BD08021A0E001219EE0042166
:108D20009CE008219AE0102198E0202196E0402163
:108D300094E09D4A904217D1096801F00701062985
:108D400010D2DFE801F0030507090B0D002185E0D3
:108D5000042183E0082181E010217FE020217DE0D3
:108D600040217BE0802179E0904A904217D1096848
:108D700001F00701062910D2DFE801F00305070919
:108D80000B0D00216AE0042168E0082166E0102153
:108D900064E0202162E0402160E080215EE0844ABE
:108DA00090421DD1096801F03801182912D005DC64
:108DB00051B108290AD0102904D109E020290BD08B
:108DC00028290BD0802149E0012147E0042145E01A
:108DD000082143E0102141E020213FE040213DE017
:108DE000744A90421DD1096801F03801182912D047
:108DF00005DC51B108290AD0102904D109E0202945
:108E00000BD028290BD0802128E0012126E0042165
:108E100024E0082122E0102120E020211EE0402152
:108E20001CE0484519D15A49091D096801F007019C
:108E3000062910D2DFE801F0030507090B0D022116
:108E40000CE004210AE0082108E0102106E02021BE
:108E500004E0402102E0802100E08021564D4C4A90
:108E60004FF4004C554F4FF000082B11543A484531
:108E700056D110292BD006DC02291AD004291CD087
:108E8000082904D11EE0202929D0402929D0002515
:108E90000126EDB3606A37F81020B5FBF2F0676881
:108EA00007EB4701814202D8B0EB073F1BD90126EF
:108EB000EDE0FBF723F80546EBE704A8FBF730F8F5
:108EC000059DE6E701A8FBF70BF9029DE1E71068B5
:108ED0008006DED51068C0F3C100C540D9E71D4645
:108EE000D7E76546D5E7002328461946F7F7B8FBCC
:108EF0000902020241EA1061780810183A4600237C
:108F000041EB0801F7F7ACFB2D4AA0F5407100E0FA
:108F100058E0914202D82168C860B8E00126B6E066
:108F2000E0694FF6EF7960456DD1082958D005DC2E
:108F300029B301294BD0042906D14CE0102954D083
:108F400020295AD040295AD000250126D5B3606A7D
:108F500037F81000B5FBF0F04100606801EB5001FC
:108F6000B1FBF0F0A0F1100149454AD84FF6F0717D
:108F70000140C0F3420001432068C16087E022E065
:108F8000000C0058F369FFCFFFF4FF1100100140FF
:108F9000544402580044004000480040004C004047
:108FA000005000400014014000780040007C004068
:108FB00000180140001C01400090D003F81F010878
:108FC000FFFC0F0061E0FBF7C3FF0546BEE7FBF7C0
:108FD000D1FF0546BAE704A8FAF7A2FF059DB5E759
:108FE00001A8FBF77DF8029DB0E710688006ADD5BB
:108FF0001068C0F3C100C540A8E71D46A6E7654656
:10900000A4E7012643E008292ED005DCF9B10129A7
:1090100021D0042906D122E010292AD0202930D0DD
:10902000402930D0002501267DB3606A37F8100052
:10903000B5FBF0F1606801EB5001B1FBF0F0A0F17D
:109040001001494522D8216880B2C8601FE0FBF7B3
:109050007FFF0546E8E7FBF78DFF0546E4E704A838
:10906000FAF75EFF059DDFE701A8FBF739F8029DDF
:10907000DAE710688006D7D51068C0F3C100C54094
:10908000D2E71D46D0E76546CEE700E00126012085
:10909000683460802080C4F80C80C4F8108007B069
:1090A0003046BDE8F083000070B58165A0F85C2013
:1090B000A0F85E2000234367FF2481684FF48055A9
:1090C000A94209D1016911B1A0F860400BE040F25A
:1090D000FF11A0F8601006E07F26C1B1B1F1805FFA
:1090E0001DD0A0F86030C0F890302221C0F88C105C
:1090F0000168083151E8003F43F0010341E80034C2
:10910000002CF5D1416EB1F1005F11D034E001695E
:1091100011B1A0F86060E6E7A0F86040E3E70169FC
:1091200019B13F21A0F86010DDE7A0F86060DAE730
:10913000B0F8681091421FD88168A94201D1016935
:10914000B9B11E494167016941B1016851E8002F79
:1091500042F4807241E80023002BF6D10168083107
:1091600051E8002F42F0805241E80023002BF5D156
:1091700021E013494167E6E78168A94201D101690D
:1091800069B110494167016961B1016851E8002F77
:1091900042F4907241E80023002BF6D10BE00A491B
:1091A0004167F0E7016851E8002F42F0200241E8F2
:1091B0000023002BF6D1002070BD0000E1890008DB
:1091C0008187000819890008B98600082DE9F04751
:1091D00004460D4617469846089E4FF0000935E0B4
:1091E000701C33D0FAF77AFDA0EB0800B04219D812
:1091F000C6B120680168490728D5802D26D0402DAA
:1092000024D0C169C94309070ED420680825056226
:109210002046FFF7FDF9C4F8905084F884900120AF
:10922000BDE8F0870320FBE7C069C04300050DD40B
:1092300021684FF4006008622046FFF7E9F920201A
:10924000C4F8900084F884900320E9E72068C0699E
:1092500035EA000004D00020B842C1D00020DFE78A
:109260000120F9E7084D094C00F01EFF00F038F826
:1092700001F078FC002320681A46294608F04CF9D2
:10928000012007F01BF8EFE78C8900243800002448
:1092900010B50848FDF78EF806480068C169C90690
:1092A00007D50068C00604D5BDE810400148FDF7A9
:1092B00057BA10BDEC0F002410B50848FDF77AF836
:1092C00006480068C169C90607D50068C00604D50C
:1092D000BDE810400148FDF743BA10BD80100024DE
:1092E0002DE9F05F7148007800287DD1704D714CF8
:1092F0006869C4F8440304F2233001F017F96E489A
:10930000D0F88C0AC4F8450104F5927001F00EF90A
:109310006948D0F88800C4F88E0104F26D1001F09D
:1093200005F92878C4F86F0204F5127001F0FEF810
:1093300028784FF4F67110FB01F000EE100AB8EE39
:10934000400ADFED5E0A80EE201ABCEEC10A10EE84
:10935000100AA4F8EF0204F2DA2001F0E7F8DFF8CF
:109360006091A4F107080226082798F8001099F8E0
:10937000FA04884205D004286DD0A7734D4801F047
:10938000D5F899F8FA0488F80000DFF838A198F8C1
:1093900001109AF81400884204D0C4F8DD014A484C
:1093A00001F0C4F89AF8140088F8010098F8020057
:1093B000464D00EE900A95ED1F0AF8EE600AB4EEF5
:1093C000600AF1EE10FA0AD010EE100AB0F17E5FDA
:1093D00043D084F857703748493001F0A7F895ED2D
:1093E0001F0ABCEEC00A00E05BE010EE100A88F82D
:1093F0000200374D98F80310DFF8B8B095F8AD0FBC
:109400000BF1920B884206D0012829D084F8A07075
:10941000584601F08BF895F8AD0F88F8030099F8DD
:10942000FA0498F80410884207D001281BD084F869
:10943000E9702048DB3001F079F899F8FA0488F8EF
:109440000400DAF89E0098F80510884213D068B13D
:1094500084F832610CE0A67390E784F85760BAE7AD
:1094600084F8A060D4E784F8E960E2E784F8327118
:10947000584601F05BF89AF89E0088F8050095F8C8
:10948000B00F98F80610884207D001280BD084F856
:109490009F720D48DB3001F049F895F8B00F88F85D
:1094A0000600BDE8F09F84F89F62F2E7CC0A002432
:1094B000085F00247B010024C86500240000C84226
:1094C000006000247ED300243103002400640024C3
:1094D000C8750024FEE770EE601A30EE600AF5EE03
:1094E000C01A30EE800AF1EE10FA07DDF4EEC11A70
:1094F000F1EE10FA01DD30EE810A7047B1EE412A3B
:10950000F4EEC21AF1EE10FAF7D230EEC10A70474B
:109510002DE9FF470CAD129C95E8E010DDE91089BC
:10952000B1F800A0ADF800A089788DF802109DF880
:10953000031062F3020121F0380128318DF8031085
:10954000BDF8031063F38911ADF803109DF8041002
:1095500065F385018DF80410BDF8041066F38E11D3
:10956000ADF80410BDF8051067F3CF11ADF8051084
:10957000BDF807106CF30901ADF80710BDF808102D
:1095800068F38C01ADF80810BDF8091069F34F11AC
:10959000ADF80910BDF80B1064F30901ADF80B101C
:1095A000BDF80C10A20A62F38C01ADF80C104FF656
:1095B000FF7101EA6452BDF80D1062F34F11ADF86E
:1095C0000D100F226946F7F7A9F9BDE8FF8770B5BE
:1095D00005460C46002D12D09CB1286800F03CFDD9
:1095E0002968A1F80500206800F036FD82B22068E5
:1095F000A0F8052029680878012804D006E0204654
:1096000070BD284670BD23681B780BB138B10AE0E5
:109610002E4668682146FFF7DAFF70601BE020687D
:10962000007801280AD0B1F8050090420DD32E46EB
:1096300068682146FFF7CBFF70600CE02646616842
:109640002846FFF7C4FF706005E02646616828469B
:10965000FFF7BDFF7060304670BD0000F0B5ADF59E
:10966000577D594D01262869002800D1EE7069699F
:1096700001B9AE70EA690AB900B1E8612A6A0AB9AB
:1096800001B129622A6A0AB1AB7843B1EA6912B121
:10969000EA78002A50D0AA78012A79D08BE0506865
:1096A000B4AC30B31096684611683D220E460C31BA
:1096B000F7F734F94922314611A8F7F72FF911A924
:1096C00024A80EC901F084F9302224A9B0A8F7F724
:1096D0006AF91D2221466846F7F765F9B0A80FC858
:1096E00000F0C8FB286A4068286202200DF5577D0B
:1096F000F0BD1096684611683D220F460C31F7F711
:109700000DF94922394611A8F7F708F911A924A83B
:109710000EC901F05DF9302224A9B0A8F7F743F98A
:109720001D2221466846F7F73EF9B0A80FC800F0A1
:10973000A1FBAE700220D9E7002430AFE869416890
:1097400039B3016804EBC40000EB841049223844AB
:10975000F7F7E4F8E8694068E861641C6C70E4B20B
:10976000072CEBD36A78012330A915A801F002F881
:109770006C2215A9BCA8F7F716F959226846C0A9AA
:10978000F7F711F9BCA80FC801F0CEF80220ADE739
:109790000EE0FFE7E8694922016804EBC40000EB32
:1097A00084103844F7F7BAF8EE70641C6C70D9E78F
:1097B000EA78012A01D0002098E72962E8610020B8
:1097C000A870E870012091E7CC0A002400F01EBBCD
:1097D0002DE9FF410AAC94E8F010B1F80080ADF833
:1097E000008089788DF802109DF8031062F3020161
:1097F00021F0380110318DF80310BDF8031063F328
:109800008911ADF803109DF8041064F385018DF8FB
:109810000410BDF8041048F23F021140ADF80410E6
:109820009DF8051001F07F01ADF80510BDF8071097
:1098300065F30901ADF80710BDF8081066F38C0157
:10984000ADF80810BDF8091067F34F11ADF8091015
:10985000BDF80B106CF30901ADF80B10BDF80C103E
:109860004EF203021140ADF80C109DF80D1001F0FE
:109870001F01ADF80D100F226946F7F74FF8BDE84C
:10988000FF81000010B50749074804F0B6FF0749FB
:10989000074804F0B2FFBDE810400649064804F04E
:1098A000ACBF000051AD000874D100248DAD00089C
:1098B000ECD10024C9AD000864D200242DE9FC4796
:1098C00080460D4691461C460F482A46414600F008
:1098D0001DFF06460C4822464946001D00F016FFB3
:1098E00007460949CDE900540C314B46081F424652
:1098F00000F0E0FC16FB07F1414302D00120BDE877
:10990000FC870020FBE70000D40A0024024902463D
:10991000024803F007B9000000100140C08800248D
:1099200002490246024803F0FDB80000004800402A
:10993000C088002402490246024803F0F3B8000040
:10994000004C0040C088002402490246024803F04F
:10995000E9B8000000780040C088002402490246AF
:10996000024803F0DFB80000007C0040C0880024FB
:109970002DE9FF470CACDDF8448094E8F010B1F815
:109980000090ADF8009089788DF802109DF80310D2
:1099900062F3020121F0380118318DF80310BDF88F
:1099A000031063F38911ADF803109DF8041064F3FC
:1099B00085018DF80410BDF8041048F23F021140F3
:1099C000ADF804109DF8051001F07F01ADF8051009
:1099D000BDF8071065F30901ADF80710BDF80810D0
:1099E00066F38C01ADF80810BDF8091067F34F114C
:1099F000ADF80910BDF80B106FF30901ADF80B10AD
:109A0000BDF80C106CF38C01ADF80C10BDF80D1006
:109A100068F34F11ADF80D100F226946F6F77EFF7F
:109A2000BDE8FF870020034901F83000401C1228E0
:109A3000FADB70471489002431EE601A012170EEC0
:109A4000600A8140491E00EE101AB8EEC00A20EEEE
:109A5000800AC0EE010ABDEEE00A10EE100A70475F
:109A600070EEC00A01EE100A0120B8EEC11A88405B
:109A7000401E21EE201A00EE900AF8EEE01AC1EE28
:109A8000210A30EE800A704708B507484068009008
:109A9000064800990269914202D2C168491CC1601E
:109AA0000099016108BD0000001000E0580A002480
:109AB00010B50446436803E05B680BB164685B68FB
:109AC000002BF9D10860606810600020606010BD54
:109AD00010B5D8B0274801F048FA2648264B001F99
:109AE000041FC11ECDE90010D4E90201A3F2FF1248
:109AF00000F02CFD20B1207928B1012838D123E0D5
:109B0000002058B010BD1C4900203D2210900C319F
:109B10006846F6F703FF1849492212A8F6F7FEFE39
:109B200012A925A80EC900F053FF302225A931A89B
:109B3000F6F739FF1D22684635A9F6F734FF31A83C
:109B40000FC800F097F913E0627800230B4916A8BC
:109B500000F010FE6C2216A93DA8F6F724FF59224A
:109B6000684641A9F6F71FFF3DA80FC800F0DCFECC
:109B70000120C6E7D40A0024C7D60024C8D4002494
:109B8000034A0021034842F2E833FCF7F5B900002C
:109B9000A4890024200D0024F0B4082B2ED8184CE2
:109BA00003EB430304EB031344F250641C4400230F
:109BB00001FA03F52D0601D58F2500E0432524F891
:109BC000135000FA03F52D0601D58F2500E043253B
:109BD00003F1080624F8165002FA03F52D0601D504
:109BE0008F2500E0432503F1100624F816505B1C76
:109BF0009BB2082BDCD3F0BCFFF7C2BFF0BC7047B0
:109C0000A48900242DE9FF470CACDDF8448094E8DA
:109C1000F010B1F80090ADF8009089788DF802103E
:109C20009DF8031062F3020121F0380108318DF82C
:109C30000310BDF8031063F38911ADF803109DF80C
:109C4000041064F385018DF80410BDF8041048F287
:109C50003F021140ADF804109DF8051001F07F019E
:109C6000ADF80510BDF8071065F30901ADF8071050
:109C7000BDF8081066F38C01ADF80810BDF80910A6
:109C800067F34F11ADF80910BDF80B106FF3090120
:109C9000ADF80B10BDF80C106CF38C01ADF80C1086
:109CA000BDF80D1068F34F11ADF80D100F22694685
:109CB000F6F734FEBDE8FF87C16A00EE901A816CAA
:109CC00000EE101AF4EEC00AF1EE10FA00DDC162E7
:109CD000C26A00EE101A00EE902AB1EE400AF4EECD
:109CE000C00AF1EE10FA06D200EE101AB1EE400AE8
:109CF00010EE101AC1627047B4EEE00AF1EE10FAED
:109D000002D2B0EE600A7047B4EEC10AF1EE10FA6A
:109D1000F9DDB0EE410A70470A4601460148FDF7F9
:109D20000BB90000C40E002410B5294901222948AE
:109D3000FDF778F827480068016841F010010160DC
:109D4000254901222548FDF76DF82448006801687F
:109D500041F010010160224901222248FDF762F81A
:109D600020480068016841F0100101601E4901228D
:109D70001E48FDF757F81D480068016841F01001C2
:109D800001601B4901221B48FDF74CF81948006887
:109D9000016841F0100101600D481749401E01F0B3
:109DA000EBFA0D481549401E01F0E6FA0C4814493B
:109DB000401E01F0E1FA0C481249401E01F0DCFAA5
:109DC0000B48BDE810401049401E01F0D5BA000014
:109DD000DDD20024EC0F0024F9D2002480100024EE
:109DE00015D30024300E002431D30024C40E0024E7
:109DF0004DD30024580F00240D9900082199000824
:109E000035990008499900085D99000810B50024AB
:109E10000022A3B211461046FFF7BEFE641C082CB8
:109E2000F6D310BDC16A026E00EE901AD0F89810F9
:109E3000C36B00EE101A60EE801A00EE902A00EE5E
:109E4000101A30EE800A00EE903A81EE801A00EE91
:109E5000102A60EE801A00EE102A00EE901A30EE02
:109E6000200AC1EE800A31EE200A10EE101AC162FB
:109E7000704700000FB410B586B0A5208DF808001B
:109E80003320ADF8090000208DF80B00194C029822
:109E900044F8030C0521E01E00F0FCF940F201300B
:109EA00060804FF48870ADF8000013480178ADF879
:109EB00002104088ADF8040000986060BDF804000E
:109EC00020810F2208A904F10A00F6F727FD1E22BF
:109ED0000DF12F0104F11900F6F720FD3C21E01EE1
:109EE00000F00EFB3C21E01EFFF716FF06B010BC91
:109EF0005DF814FB23D40024A40A002470B50446A2
:109F0000274D206AA16A00EE100A00EE901A30EE8A
:109F1000200A85ED010AE16900EE100A00EE901AB0
:109F2000606A70EE800A00EE100A30EE800A85ED5D
:109F3000000A04F0CFFFA06C002100EE900AB4EEFE
:109F4000E00AF1EE10FA0DDDA06900EE100A206AB9
:109F500000EE900A20EE200AB5EEC00AF1EE10FAEB
:109F600000DDA162E06C95ED010A00EE900AF4EECE
:109F7000C00AF1EE10FA01D2A162206200EE900A4E
:109F8000F1EE600AF4EEC00AF1EE10FA07DDA1620C
:109F900000EE100AB1EE400A10EE100A206270BD09
:109FA000A80A002410B504462DED028BE06A9FED4F
:109FB000271A00EE900AA06C00EE100A20EE010AAB
:109FC000F4EEC00AF1EE10FA3DD3206900EE100A5B
:109FD00004F080FF10EE100A1D49884233DB20692F
:109FE00000EE100A606900EE900A30EE600A04F09C
:109FF00071FF2069B0EE408A00EE100A04F06AFF9B
:10A00000C8EE000A134910EE900A884209DD54F8A0
:10A010009C0F401C6168206041F1000161609C3C24
:10A0200004E00020C4F89C00C4F8A0004FF4FA73C8
:10A03000D4F89C100020D4F8A020591A904102D2E4
:10A04000012084F8A400BDEC028B10BD6F12833A8E
:10A0500017B7D1383333733F70B505460024F9F78D
:10A060003DFED5F80110411AE879022802D00128F6
:10A0700003D004E04FF47A7401E04FF4FA742878C6
:10A08000012800D10C44204670BD000010B5054CDD
:10A0900003E010F8013B5340E25C491E4B1CF8D131
:10A0A000104610BD3020010808480949C07C01282D
:10A0B00006D0652803D1087040F2651048807047CB
:10A0C0000120087040F20110488070477ED30024C0
:10A0D000A40A0024C16900EE901A816C00EE101AE7
:10A0E000F4EEC00AF1EE10FA00DDC161C26900EEC3
:10A0F000101A00EE902AB1EE400AF4EEC00AF1EE1A
:10A1000010FA06D200EE101AB1EE400A10EE101A44
:10A11000C161704770B504463A4D288820440168F3
:10A120006960017929722E1D3178A5290DD105218B
:10A1300000F058F9012808D1B6F801102888093133
:10A14000204400F0BDFA012802D00020288070BD14
:10A1500028882D4B2118B1F80520DA80225C521C8A
:10A160002254B6F80120093010446880D88840F2A3
:10A170000324A042A0F2032330D00ADC01280FD030
:10A18000032813D0A0F50070013815D0012836D16E
:10A1900018E0042B1CD0062B26D0FE2B2FD129E053
:10A1A0001948C91D0830F6F7B9FB28E01648C91D43
:10A1B0002030F6F7B3FB22E01348C91D1330F6F741
:10A1C000ADFB1CE01048C91D4030F6F7A7FB16E0B8
:10A1D0000D48C91D5030F6F7A1FB10E00A48C91D13
:10A1E0005730F6F79BFB0AE00748C91D9E30F6F78B
:10A1F00095FB04E00448C91D8230F6F78FFB6888A0
:10A20000288070BD9A0A00247ED30024034610469D
:10A2100010B5002B01D0084C0AE04FF6FF7010BDBE
:10A2200013F8012B4240D2B234F8122082EA1020F7
:10A23000491E4A1CF4D110BD30210108416A426E0A
:10A2400000EE901AD0F89810036C00EE101A60EE31
:10A25000801A00EE902A00EE101A30EE800A00EE0E
:10A26000903A81EE801A00EE102A60EE801A00EE1D
:10A27000102A00EE901A30EE200AC1EE800A31EE6C
:10A28000200A10EE101A4162704700000048704723
:10A290007ED3002430B505460C46002D09D0022C93
:10A2A00007D9FF222846611EFFF7F0FE291901F8A1
:10A2B000010C30BD2DE9FF4F93B08046894615460D
:10A2C000DDF880A0B8F1000F0AD0B9F1000F07D077
:10A2D0000026002768464C21F6F7C1FBB34638E05C
:10A2E000002017B0BDE8F08F492269462846F6F7EE
:10A2F000CAFAD0B10820F6F75DF90446200016D05E
:10A3000025600020606005F1090035A15A46F6F786
:10A310001FFA287A07280FD0287B03280CD0D8F8FA
:10A32000000030B1746026460EE049350DE0002093
:10A33000D7E7C8F80040F6E7287B032804D0D9F80F
:10A34000000060B17C60274649350BF1010B0BF032
:10A35000FF0BD345C8D3169D4FF0000B38E0C9F86A
:10A360000040F0E7492269462846F6F78CFAD8B152
:10A370000820F6F71FF90446C4B12560002060608C
:10A3800005F109000BEB0A02521C15A1F6F7E0F9E2
:10A39000287A07280FD0287B03280CD0D8F8000093
:10A3A00030B1746026460EE049350DE0002098E794
:10A3B000C8F80040F6E7287B032804D0D9F800004D
:10A3C00058B17C60274649350BF1010B0BF0FF0BB0
:10A3D00021988345C6D3012083E7C9F80040F1E7FF
:10A3E0002564000030B505460C46002D01D0022C36
:10A3F00001D8002030BDFF222846611EFFF746FE2F
:10A40000291911F8011C814201D1012030BD002021
:10A4100030BD816900EE101A416B00EE901A416860
:10A4200030EE200AF6EE000A60EE200A00EE101A66
:10A43000D0F8981060EE800A00EE101A20EE800A24
:10A4400010EE101A816270470146014804F07ABC90
:10A45000E46500242DE9F04781460C469046A000B3
:10A46000F6F7A8F80646042000EB84073846F6F70E
:10A47000A1F80546214B4FF0000C83F800C009E01D
:10A4800009EB800191ED000A06EB800181ED000AE5
:10A49000401C18701878A042F2D383F800C013E073
:10A4A00016F8201005F8201006EB800105EB80025D
:10A4B00091F8019082F8019091F8029082F8029050
:10A4C000C978D170401C18701878A042E8D305F8FC
:10A4D00024C005EB840080F801C0802181707F21B9
:10A4E000C170BAB229464046FCF726FD2846F6F769
:10A4F00090F83046BDE8F047F6F78BB8520A0024D2
:10A5000030B505460C46002D0CD0022C0AD9064861
:10A51000A11E02882846FFF779FE291901F8020DCD
:10A52000000A487030BD0000980A002410B50446A7
:10A53000002C02D0207810B105E0002010BDF9F702
:10A54000CDFBC4F801000120207010BD2DE9FF5F94
:10A550009346DDE90E674FF0000886F8008000247E
:10A560004FF0070A009D55488169002901D10199E2
:10A57000816152488069284304D02968087A0728F5
:10A5800004D00FE0002004B0BDE8F09F55B103985F
:10A590004922F6F7C3F9286880F8008087F8008020
:10A5A0000120F0E74FF00109B5BB5AE0087A07280F
:10A5B00010D004EBC40000EB841049225844F6F795
:10A5C000ADF9286880F80080641CE4B23078401C43
:10A5D00030703EE0C879022802D001281DD038E052
:10A5E000082C36D8009D002005E0296881F80090ED
:10A5F0006D68401CC0B2A04202D269680029F4D143
:10A60000296849220398F6F789F9286880F80080BC
:10A6100087F800800120B6E71DE0052C19D8009DC1
:10A62000002005E0296881F800906D68401CC0B2E8
:10A63000A04202D269680029F4D12968492203980E
:10A64000F6F76CF9286880F8008087F80080012010
:10A6500099E76D682DB1544503D22968087801281F
:10A66000A4D0DFF85880D8F81800E8B91EE0D8F870
:10A6700018000168087A072810D004EBC40000EB2A
:10A68000841000EB0B0549222846F6F747F985F8B8
:10A690000C90641CE4B23078401C3070D8F818007C
:10A6A000406838B1C8F818005445E0D387F80090E6
:10A6B000012068E70198C8F81800F7E7CC0A0024E1
:10A6C00030B505460C46002D01D0022C01D80020E3
:10A6D00030BD0A48A11E02882846FFF797FD2919B8
:10A6E000C2B211F8023C9A4206D111F8011CB1EB3A
:10A6F000102F01D1012030BD002030BD980A002468
:10A700000146014804F01EBB1C6000242DE9F04105
:10A7100094B006460C469046002E06D037684C2171
:10A7200001A8F6F79CF9002517E0002014B0BDE859
:10A73000F0814922204601A9F6F7A5F850B108207A
:10A74000F5F738FF68B1046000214160316851B10C
:10A750007860074649346D1CEDB24545E9D30120C8
:10A76000E4E70020E2E73060F3E7000000487047CC
:10A7700068D300242DE9FF4FADB00C4600250DF144
:10A7800048082F98854207D32D98692212A9F6F719
:10A79000C5F831B0BDE8F08F3098A0B3012204F1C4
:10A7A000090C14F80D3F60786188A688E788B4F832
:10A7B0000890B4F80AA0B4F80CB0CDF844B0B4F8DE
:10A7C0000EB0CDF840B0B4F810B0CDF83CB0B4F84D
:10A7D00012B0CDF838B0D4F814B000EE10BAB4F816
:10A7E00018B0CDF834B0D4F81AB0CDF830B014F8B1
:10A7F00005BC0D3CBBF1070F14D2DFE80BF00624BB
:10A80000143240567200227BC9E78DE8C30608A8BF
:10A81000614600F051FBC5EB05100F22404408A92A
:10A82000F6F77CF871E0DDF844908DE8C30208A8E3
:10A830006146FEF7CDFFC5EB05100F22404408A985
:10A84000F6F76CF861E08DE8C30608A86146FFF7EB
:10A85000D9F9C5EB05100F22404408A9F6F75EF8B8
:10A8600053E08DE8C30608A86146FFF781F8C5EB01
:10A8700005100F22404408A9F6F750F845E0CDE94D
:10A88000069ACDE90467DDE90F67CDE9017603910A
:10A890006146009008A800F0A1F9C5EB05100F2251
:10A8A000404408A9F6F73AF82FE0DFED1E0ACDE99B
:10A8B0000467039120EE200ABDEEC00A8DED060A62
:10A8C000DDE90D16CDE901616146009008A8FEF7AB
:10A8D0001FFEC5EB05100F22404408A9F6F71EF82D
:10A8E00013E0DDF83090CDE90216CDE904790E9938
:10A8F000CDE9000108A8614600F0CBF9C5EB0510D1
:10A900000F22404408A9F6F709F849346D1CEDB24E
:10A91000072DFFF436AF2D98692212A9F5F7FEFF37
:10A9200037E7000000007A440FB410B586B0A520C8
:10A930008DF808006F20ADF8090000208DF80B009D
:10A94000164C029844F8030C0521E01EFFF7A2FC08
:10A9500040F2013060804FF48270ADF80000104882
:10A960000178ADF802104088ADF8040000986060EE
:10A97000BDF804002081692208A904F10A00F5F756
:10A98000CDFF7821E01EFFF7BBFD7821E01EFFF729
:10A99000C3F906B010BC5DF814FB000023D40024FA
:10A9A000A40A002430EE600ABDEEC00A10EE100AC0
:10A9B000B0F5805F02DDA0F5005004E010F5805F87
:10A9C00001DA00F5005000EE100AB8EEC00A704738
:10A9D0000FB42DE9F0479AB082463698002838D057
:10A9E00001240DF195059DF899609DF89A70BDF8C8
:10A9F000AB800DF1B7008146F5F771FF81B2BDF86C
:10AA00009B00BDF89D20BDF89F30CDE9007803AFD5
:10AA10000DC706A8334622460291294600F0F3F9F5
:10AA200006A816AC0FC80FC40F2216A90AA8F5F77E
:10AA3000BAFF1E2249460DF13700F5F76FFF2D22B0
:10AA400050460AA9F5F76AFF1AB0BDE8F0075DF8AD
:10AA500014FB9DF89840C4E770B50446A06900EE69
:10AA6000100A04F037FAA06D002500EE900AE06DA0
:10AA700001EE100A70EE810AB4EEE00AF1EE10FA6F
:10AA800002DD2562A56270BDA069216A00EE100A90
:10AA900000EE901A20EE200AB5EEC00AF1EE10FA90
:10AAA000F1DD00EE100A04F015FAE06D00EE900AF8
:10AAB000B4EEE00AF1EE10FAE5D9A06900EE100A52
:10AAC00004F008FAA06D00EE900AE06D01EE100AA5
:10AAD00070EE810AB4EEE00AF1EE10FA1BD8A0691C
:10AAE00000EE100A04F0F6F9A06DE16D00EE900A98
:10AAF00070EEC00A00EE101A30EE801A00EE100A56
:10AB0000A06AC1EE000A00EE100A20EE800A10EEE4
:10AB1000100AA06270BDA56270BD016B00EE101A34
:10AB2000416900EE901A816870EE600A00EE101A1A
:10AB3000D0F8981020EE801A00EE101AC1EE000A2C
:10AB400010EE901A41627047044801210170002202
:10AB50004270827002484180818070478185002464
:10AB60003C01002470B50B4C0B4D94F8B70F2870C6
:10AB7000F9F7B4F8696A401AC8280AD394F8B70FED
:10AB800010B1FEF76BFD01E0FEF7A2FFF9F7A6F8A2
:10AB9000686270BDC8750024CC0A002470B50D4EE3
:10ABA0004FF4007529463046F9F78AF80A4C08B97F
:10ABB000E06858B129463046F9F782F8002804D0F9
:10ABC000E068012801D10220E06070BD0120E06052
:10ABD00070BD0000001002583C0100242DE9FF5F09
:10ABE0000EACDDE9149A94E8F010DDF84C80B1F871
:10ABF00000B0ADF800B089788DF802109DF8031010
:10AC000062F3020121F0380120318DF80310BDF804
:10AC1000031063F38911ADF803109DF8041064F379
:10AC200085018DF80410BDF8041065F38E11ADF8A0
:10AC30000410BDF8051066F3CF11ADF80510BDF88E
:10AC4000071067F30901ADF80710BDF808106CF3A1
:10AC50008C01ADF80810BDF8091068F34F11ADF87C
:10AC60000910BDF80B106FF30901ADF80B10BDF81A
:10AC70000C1069F38C01ADF80C10BDF80D106AF3DF
:10AC80004F11ADF80D100F226946F5F747FEBDE8EC
:10AC9000FF9F2DE9FF470CADDDE9108495E8E0103A
:10ACA000B1F80090ADF8009089788DF802109DF809
:10ACB000031062F3020121F0380130318DF80310E6
:10ACC000BDF8031063F38911ADF803109DF804106B
:10ACD00065F385018DF80410BDF8041066F38E113C
:10ACE000ADF804109DF8051001F07F01ADF80510D6
:10ACF000BDF8071067F30901ADF80710BDF808109B
:10AD00006CF38C01ADF80810BDF8091068F34F1111
:10AD1000ADF80910BDF80B1064F30901ADF80B1084
:10AD2000BDF80C10A20A62F38C01ADF80C104FF6BE
:10AD3000FF7101EA6452BDF80D1062F34F11ADF8D6
:10AD40000D100F226946F5F7E9FDBDE8FF87000009
:10AD500008B5002100910A49C8600023094808315C
:10AD60006A46006806F08AFC0098002807D0064969
:10AD70004FF080500860BFF34F8FBFF36F8F08BD57
:10AD8000148900243C00002404ED00E008B50021F3
:10AD900000910A4948610023094810316A46006859
:10ADA00006F06CFC0098002807D006494FF0805050
:10ADB0000860BFF34F8FBFF36F8F08BD1489002465
:10ADC0004000002404ED00E008B5002100910A498C
:10ADD000C8610023094818316A46006806F04EFC35
:10ADE0000098002807D006494FF080500860BFF354
:10ADF0004F8FBFF36F8F08BD1489002444000024D7
:10AE000004ED00E070472DE9FF470CACDDF844800D
:10AE100094E8F010B1F80090ADF8009089788DF8C2
:10AE200002109DF8031062F3020141F038018DF821
:10AE30000310BDF8031063F38911ADF803109DF8FA
:10AE4000041064F385018DF80410BDF8041065F357
:10AE50008E11ADF80410BDF8051066F3CF11ADF8F2
:10AE60000510BDF8071067F30901ADF80710BDF82C
:10AE700008106CF38C01ADF80810BDF8091068F3E8
:10AE80004F11ADF80910BDF80B106FF30901ADF8C3
:10AE90000B10BDF80C104EF203021140ADF80C106F
:10AEA0009DF80D1001F01F01ADF80D100F2269463D
:10AEB000F5F734FDBDE8FF872DE9FF470CACDDF861
:10AEC000448094E8F010B1F80090ADF800908978D3
:10AED0008DF802109DF8031062F3020121F0380191
:10AEE0008DF80310BDF8031063F38911ADF803105A
:10AEF0009DF8041064F385018DF80410BDF804106A
:10AF000048F23F021140ADF804109DF8051001F021
:10AF10007F01ADF80510BDF8071065F30901ADF824
:10AF20000710BDF8081066F38C01ADF80810BDF8E5
:10AF3000091067F34F11ADF80910BDF80B106FF34E
:10AF40000901ADF80B10BDF80C106CF38C01ADF8D5
:10AF50000C10BDF80D1068F34F11ADF80D100F2255
:10AF60006946F5F7DBFCBDE8FF871CB504462068A1
:10AF7000002811D0416800290ED001A96A46FEF7C9
:10AF800097FD01A8FFF7F1FF6846FFF7EEFFDDE947
:10AF90000010FEF71CFB20601CBD000010B500294E
:10AFA0000CD001EBC1020649012001EB8204607064
:10AFB0000021A170207106F00BFDA06010BD000003
:10AFC000888500242DE9F04107460025002605EB81
:10AFD000C50007EB8004A07801281AD1E068C0B151
:10AFE00006F0F6FCA168401AA061E168884234D9F5
:10AFF000E16928468847E168A069401A616988428A
:10B000002BD9E078012828D1A6702846216A8847E4
:10B0100023E06078012820D12069F0B106F0D8FC47
:10B02000A168401AA0612169884210D9E1692846C7
:10B0300088472169A069401A616988420DD9E07882
:10B0400001280AD166702846216A884705E0E07821
:10B05000012802D1216A284688476D1CEDB2122DC5
:10B06000B5D30E4800688169C90703D0816921F012
:10B07000010181610A4800688169C90703D08169BB
:10B0800021F001018161074800688169C90703D087
:10B09000816921F001018161BDE8F081F40A002499
:10B0A000940B0024340C00247047000070B5044653
:10B0B0002DED068B674890F82400182815D9A06F4D
:10B0C000B0F17E5F08D094ED080AD4ED040A30EEAA
:10B0D000200A84ED090A0EE094ED080AD4ED030A73
:10B0E00030EE200A84ED090A05E0082803D294ED29
:10B0F000080A84ED090A00209FED579A04EB8001AD
:10B10000D4ED001A91ED190AD1ED0B0A20EE091ABF
:10B1100061EE801A21EE201A01EE801A94ED010AE8
:10B1200020EE200A00EE201A81ED101A94ED100A8C
:10B13000D4ED110A30EE200AD4ED120A30EE200AC6
:10B14000D4ED130A30EE200A84ED0F0A401CC0B281
:10B150000428D3D3D4ED0F0A94ED090AF4EEC00A03
:10B16000F1EE10FA72DDC0EE209A0026B1EE00AAD0
:10B17000F0EE00AA04EB860595ED100A20EE290AF0
:10B1800085ED140A94ED140AD4ED150A30EE200A68
:10B19000D4ED160A30EE200AD4ED170A30EE200A5C
:10B1A00084ED180A94ED008A95ED0B0A60EE098A89
:10B1B000D4ED010A20EE801AD5ED140A51EE000AF2
:10B1C00094ED020A70EE800A95ED190AB5EEC00AF8
:10B1D000F1EE10FA1ADD28EEA80A28EE0A1A01EE9E
:10B1E000600A03F07AFE70EE680A28EE2A1A80EEF2
:10B1F000810A1A4910EE100A884204DD9FED180AF0
:10B2000085ED190A1EE085ED190A1BE028EEA80A53
:10B2100028EE0A1A01EE600A03F05FFEF1EE680AFA
:10B2200028EE2A1A70EEC00A80EE810A0D4910EE4F
:10B23000100A884204D99FED0C0A85ED190A01E035
:10B2400085ED190A761CF6B2042E93D3BDEC068B5D
:10B2500070BD0000E45E00244F02063600007A460E
:10B2600000007A4600007AC600007AC63221818347
:10B270009FED1E0A80ED080A1D490A68B2F90220F6
:10B2800000EE102AB8EEC00A80ED0B0A4A69B2F946
:10B290000220524200EE102AB8EEC00A80ED0C0ADD
:10B2A0008A6AB2F9022000EE102AB8EEC00A80EDD8
:10B2B0000D0AC96BB1F90210494200EE101AB8EE3E
:10B2C000C00A80ED0E0A0B49096CB1F84810FA2942
:10B2D00006D03C2903D1B3EE0E0A80ED1D0A70475B
:10B2E0009FED050A80ED1D0A7047000000008242B4
:10B2F0006C600024E45E0024000048439FED0E0AC9
:10B3000080ED000A9FED0D0A80ED010A9FED0C0A09
:10B3100080ED020A9FED0B0A80ED1E0AB3EE0E0AC5
:10B3200080ED1D0A9FED080A80ED030AB1EE040AC4
:10B3300080ED040A70470000272D943359D900345A
:10B340008D9782400000000000008C42C1680029F7
:10B3500001D001200847704710B504460A4604F1A1
:10B360001001204603F0D8F9E168002903D0BDE8B8
:10B3700010400020084710BDC1607047C18A828A12
:10B38000914202D14FF0FF3070470169C08A085CDA
:10B39000704708B50021009100F110016A4603F0E2
:10B3A000A0F99DF8000008BD8068FBF7C5BD018BC2
:10B3B000828AC08A0A44101AB0FBF1F201FB120023
:10B3C000704710B504460298A160626020700021A9
:10B3D000E160002805D19AB2204604F1100103F083
:10B3E000B2F9204610BD00002DE9F04104462DEDD4
:10B3F000088BFFF7BBF960659FEDFE8A04F50060DE
:10B4000080EDAC8AFC48406FC4F87C0A0021FA4801
:10B41000183002F05AFFE067F74E7C36F06AC4F845
:10B42000700DA6F140000021074602F04EFF04F522
:10B43000805568660121384602F047FFC5F864056B
:10B44000A6F158000021074602F03FFFC5F8640A44
:10B450000121384602F039FFC5F8300B0221384689
:10B4600002F033FFC5F8FC0BA6F14C0000210746A3
:10B4700002F02BFFC5F8C80C0121384602F025FF69
:10B48000C5F8940D0221384602F01FFFC5F8600E82
:10B4900023230022F0EE484AB0EE484AF0EE483A44
:10B4A000B0EE083AF0EE482AB0EE482ADFEDD39A23
:10B4B000B0EE481AF0EE080AF0EE691A9FEDD0AA35
:10B4C000D04804F50471B0EE4A0A03F0D9F82323FA
:10B4D0000022F0EE484AB0EE484AF0EE483AB0EEAC
:10B4E000483AF0EE482AB0EE482ADFEDC78AB0EEBF
:10B4F000481AF0EE681A9FEDC59AF0EE490ADFEDA2
:10B50000C4AAC04804F1B401B0EE6A0A03F0B8F866
:10B5100023230022F0EE484AB0EE484AF0EE483AC3
:10B52000B0EE083AF0EE482AB0EE482AF7EE001ADC
:10B53000B0EE481AF0EE080A9FEDB60AB14804F2E0
:10B540001A4103F09DF823230022F0EE484AB0EEA2
:10B55000484AF0EE483AB0EE483AF0EE482AB0EEEB
:10B56000482ADFEDAD1AA74804F59961B0EE481AF4
:10B57000F0EE490AB0EE6A0A03F082F827230022AF
:10B58000F0EE484AB0EE484AF0EE003AB0EE083A23
:10B59000F0EE482A9FEDA12ADFEDA11A994804F6A2
:10B5A0006631B0EE481AF0EE000AB1EE040A03F07C
:10B5B00067F8944823230022F0EE484AB0EE484A48
:10B5C000F0EE003AB0EE083AF0EE482AB0EE482A23
:10B5D000F6EE001AB0EE481AF0EE480AB1EE040A90
:10B5E00004F6B82103F04CF823230022F0EE484A79
:10B5F000B0EE484AF0EE003AB0EE083AF0EE482AD3
:10B600009FED882A9FED88BAF0EE4B1A9FED871ABE
:10B610007C4804F65A61F0EE000AB3EE040A03F027
:10B620002FF823230022F0EE484AB0EE484AF0EE0D
:10B63000003AB0EE083AF0EE482AB0EE482AF0EEB2
:10B64000001A9FED7B1A6F4804F6AC51F0EE480AE1
:10B65000B3EE040A03F014F86A4823230022F0EE44
:10B66000484AB0EE484AF0EE483AB0EE083AF0EEFA
:10B67000482AB0EE482AF0EE691AB0EE481AF0EE09
:10B68000080AB0EE4A0A04F55B7102F0F9FF5D4862
:10B6900023230022F0EE484AB0EE484AF0EE483A42
:10B6A000B0EE483AF0EE482AB0EE482AF0EE681ABA
:10B6B000B0EE481AF0EE490AB0EE6A0A04F2BE2172
:10B6C00002F0DEFF4F4823230022F0EE484AB0EE9E
:10B6D000484AF0EE003AB0EE083AF0EE482AB6EEEC
:10B6E000002AF0EE4B1AB0EE481AF0EE000AB2EE65
:10B6F0000E0A04F6C24102F0C3FF4248232300228F
:10B70000F0EE484AB0EE484AF0EE003AB0EE083AA1
:10B71000F0EE482AB0EE482AF7EE001AB0EE481ACA
:10B72000F0EE000AB1EE000A04F6144102F0A8FFA0
:10B73000DFED408AF0EE682A9FED3F9A3F480122F4
:10B74000DFED351AB0EE492AB0EE481AF0EE480A9D
:10B75000B2EE040A04F5D45103F0C4FA41F64C30B9
:10B76000012221183548F0EE682AB0EE492ADFEDB3
:10B770002A1AB0EE481AF0EE480AB2EE040A03F0B4
:10B78000B1FA41F61840012221182C48F0EE682A3F
:10B79000B0EE492ADFED201AB0EE481AF0EE480A62
:10B7A000B2EE040A03F09EFA41F6E44001222118A9
:10B7B0002248F0EE682AB0EE492ADFED171AB0EE03
:10B7C000481AF0EE480AB2EE040A03F08BFA01229E
:10B7D00041F6B05021181948F0EE682AB0EE492A17
:10B7E000DFED0D1AB0EE481AF0EE480AB2EE040A88
:10B7F00026E000000000000010880024CDCC4C3E64
:10B8000000401C46B50A002400409C460050C34638
:10B810000060EA4600347F4600606A466666263F5E
:10B820006666E63F0AD7233CCDCC4C3F0AD7A33B04
:10B830006F12033A00803B450000FA45B40A002429
:10B8400003F050FA41F67C60012221187048F0EEB6
:10B85000682AB0EE492A5FED101AB0EE481AF0EEF1
:10B86000480AB2EE040A03F03DFA23230022F0EE68
:10B87000484AB0EE484A9FED679AF0EE482AB0EE8B
:10B88000482AF0EE493AB0EE493AF0EE691AB0EEC5
:10B89000481ADFED61AA41F2F81021185F48F0EE76
:10B8A0006A0AB0EE4A0A02F0EBFE23230022F0EE11
:10B8B000484AB0EE484AF0EE493AB0EE493AF0EE66
:10B8C000482A9FED579AF0EE081AB0EE481AB0EEEB
:10B8D000492A9FED54BA41F29C0021184F48F0EEDE
:10B8E0004B0AB0EE4A0A02F0CBFE41F2F860232385
:10B8F000002221184948F0EE484AB0EE484AF0EEDE
:10B90000493AB0EE083AF0EE482AB0EE482AF0EE96
:10B91000691AB0EE481AF0EE6A0AB0EE4A0A02F06E
:10B92000AFFE41F29C502323002221183B48F0EE49
:10B93000484AB0EE484AF0EE493AB0EE083AF0EE26
:10B94000482AB0EE482AF0EE081AB0EE481AF0EE97
:10B950004B0AB0EE680A02F093FE41F24A602323DC
:10B96000002221182D48F0EE484AB0EE484AF0EE89
:10B97000493AB0EE083AF0EE482AB0EE482AF1EE25
:10B98000001AB0EE481AF0EE6A0A9FED270A02F09C
:10B9900077FE4FF400723146A6F17C0002F0E9FF19
:10B9A0000720A5F8960F41F20860A5F8580F9FED03
:10B9B0001F0A04F5E05080EDD70AFAEE001AC0ED38
:10B9C000D81ADFED1B1AC0EDDE1A1A49C1ED0D1AA7
:10B9D00080EDE48ADFED180AC0EDE70AF3EE090A0C
:10B9E000C0EDE80A80EDE90A9FED140A80EDEA0A4D
:10B9F000204600F0D9FB002185F8B51F104880F8DB
:10BA0000BA1F80F8BB1FBDEC088BBDE8F0810000B9
:10BA1000B40A00240000C84200007A44B50A002499
:10BA2000CDCCCC3D00409C450000FA44000034429F
:10BA3000000096C53C01002400001442000024428E
:10BA4000C87500242DE9F05F04462DED028B9FEDB3
:10BA5000D50AB0EE408A04F58058DFF84CB304F6FE
:10BA6000663704F6B82998F8BD0F04F5806504F52B
:10BA70000066012804D0052833D002285CD087E076
:10BA8000CA4804F50471D4ED280A94ED220A02F0A4
:10BA900031FDC64804F1B401D4ED8F0A94ED210ABA
:10BAA00002F028FDC1483946D6EDA70A96EDA30A53
:10BAB00002F020FDD4F8920B494696EDA10A00EE63
:10BAC000900ABA4802F016FD94ED388A96EDB90A4C
:10BAD000DBED070AC5ED5E0AD6EDA70AC6EDAD0A95
:10BAE00056E0B24804F21A41D5ED5E0A9BED070A12
:10BAF00002F000FDD4F8460404F599619BED090AB3
:10BB000000EE900AA94802F0F5FCA8483946D6EDA7
:10BB1000AD0A96EDA30A02F0EDFCD4F8920B49466B
:10BB200096EDA10A00EE900AA04802F0E3FC95ED24
:10BB30003D8A96EDB90A2BE09C4804F55B71D4ED83
:10BB4000280A02F0D7FC994804F2BE21D4EDE60A97
:10BB500094ED210A02F0CEFC944804F6C241D6EDE1
:10BB6000A70A96EDA30A02F0C5FCD4F8EE0C04F681
:10BB7000144196EDA10A00EE900A8C4802F0BAFC3E
:10BB8000D4F8EA0208EE100A04F5406090ED100ABD
:10BB9000874910EE100A884202D9B9EE020B09E07B
:10BBA00010EE100AB0F1814FF1EE000A30FE800A6B
:10BBB000B7EEC00AF7EEC08B04F5C05A7D4804F515
:10BBC000D451DAED9C0A9AED9B0A03F00DF841F688
:10BBD0004C3021187748DAEDCF0A9AEDCE0A03F0FF
:10BBE00003F804F5E05741F6184021187148D7EDE5
:10BBF000020A97ED010A02F0F7FF41F6E44021182E
:10BC00006C48D7ED350A97ED340A02F0EDFF41F6A6
:10BC1000B05021186748D7ED680A97ED670A02F01F
:10BC2000E3FF41F67C6021186248D7ED9B0A97ED4F
:10BC30009A0A02F0D9FF604D05F5806995F8B90FB1
:10BC400000B35A4805F24A6199ED5B0ADBED020A3E
:10BC500002F050FCD5F8760600EE100ABDEEC00AE0
:10BC600010EE100AA5F894054FF4FA60A8F89400B5
:10BC7000012285F8BB2FBBF90200BBF90410084371
:10BC800032D052E04D494948D5ED220A95ED1C0AC3
:10BC900002F030FC484945489C31D5ED890A95EDC4
:10BCA0001B0A02F027FC46494048D9ED620A99ED8B
:10BCB0005C0A02F01FFC43493C48D9EDC90A99EDE2
:10BCC0005B0A02F017FC95ED320ABDEEC00A10EED9
:10BCD000100AA8F8940099ED720ABDEEC00A10EEA1
:10BCE000100AA8F8940520E0D5F82C0F00EE100AF1
:10BCF000B8EEC00A85ED220AD5F8441F00EE101AEE
:10BD0000B8EEC00A89ED620AA0F56C50A138C5F8FA
:10BD10003C0FA1F56A416039C5F8401F002085F845
:10BD2000B90F85F8BA2F85F8BB0FBDEEC80A10EE23
:10BD3000100AA4F8AC00C6EDA88A9AEDA90ABDEED7
:10BD4000C00A10EE100AA8F87C0A9AEDDC0ABDEED3
:10BD5000C00A10EE100AA8F8480B97ED0F0ABDEEC6
:10BD6000C00A10EE100AA8F8140C97ED420ABDEEB6
:10BD7000C00A10EE100AA8F8E00C97ED750ABDEEA7
:10BD8000C00A10EE100AA8F8AC0D97EDA80ABDEE97
:10BD9000C00A10EE100AA8F8780EBDEC028BBDE8C0
:10BDA000F09F0000000000003C010024B50A0024C0
:10BDB000000090C0B40A0024C8750024C077002495
:10BDC000C07C0024647B002470B504460D461646F2
:10BDD0002DED028B95ED000A05F0AEFF002845D150
:10BDE00096ED000A05F0A8FF00283FD141F6AC709F
:10BDF000005D012801D000B334E0616DB1F90000AD
:10BE000000F11402292A00D20020B1F9023003F116
:10BE10001401292900D2002300EE100ADFED150AD3
:10BE2000B8EEC00A20EE208A00EE103ADFED120ACA
:10BE3000B8EEC00A60EE208A14E0606DDFED0F0AF4
:10BE4000B0F90C1000EE101AB8EEC00A20EE208AED
:10BE5000B0F90E00DFED0A0A00EE100AB8EEC00AD3
:10BE600060EE208A85ED008AC6ED008ABDEC028B6B
:10BE700070BD000052499DB917B751386F1283BA8F
:10BE800062BE3C392DE9F05F05462DED028B00279F
:10BE90004FF00108686D05F58054807A012807D0BD
:10BEA00084F8AC8F4FF0050994F8AC0F18B1E5E0B9
:10BEB00084F8AC7FF6E705F11C00012382460022DE
:10BEC00005F1340102F0CAFFA44E30B1D6F83C0FA0
:10BED00000F57A70C6F83C0F0DE0012350460022B1
:10BEE00005F12B0102F0BAFF28B1D6F83C0FA0F5FE
:10BEF0007A70C6F83C0F01235046002205F1430139
:10BF000002F0ACFF08B184F8BD7F01230022504647
:10BF100005F1460102F0A2FF60B194F8B50F0128C7
:10BF200001D028B106E0FEF70FFE84F8B57F01E0EE
:10BF300084F8B58F01230022504605F1400102F03C
:10BF40008DFF30B194F8BD0F08B1052801D184F8F8
:10BF5000BD8F01230022504605F1310102F07EFF22
:10BF600028B194F8BD0F012801D184F8BD9F0123A9
:10BF70000022504605F13D0102F070FF9FED788BE5
:10BF800005F5006660B194F8BD0F48B196EDAD0AB5
:10BF9000B7EEC00A30EE080BB7EEC00B86EDAD0A67
:10BFA00005F13A01504601238B46002202F056FF6C
:10BFB00060B194F8BD0F48B196EDAD0AB7EEC00A76
:10BFC00030EE480BB7EEC00B86EDAD0A41F6AD7012
:10BFD0002B185046002205F14F0102F02FFF41F6C9
:10BFE000B0702B185046002205F12E0102F026FFFA
:10BFF00094F8B00F012808D141F6B1702B185046C3
:10C00000002205F14C0102F019FF94F8B00F18B9A5
:10C0100085F84D7085F83570012300225946504649
:10C0200002F01CFF50B3D5F87C0A407801280DD0EF
:10C030004D49A1F148000E4602F0A2FC022004F096
:10C040003DF949483146483802F08EFCD5F8700D6C
:10C050004078012812D044494FF4007632463431FA
:10C06000A1F17C008A4602F090FC022004F026F93F
:10C070003D4832465146483802F07BFC686D817A73
:10C08000022901D184F8BD7F817A022902D1C27AC6
:10C09000022A02D0032909D00BE004F6AD74277000
:10C0A000E7702771FEF750FD277450E0C27A022A2C
:10C0B00002D0032916D018E084F8AD7F84F8B07F51
:10C0C00084F8B17F40F28A21B0F90800884202DB8F
:10C0D00084F8B78F01E084F8B77F84F8BD8F84F8C7
:10C0E000B57F34E0C27A032A02D0032915D017E0C5
:10C0F00084F8AD8F84F8B08F84F8B17F84F8B48F62
:10C1000005F540609FED190A80ED650A84F8547FBB
:10C1100084F8BD9F84F8B58F19E0C27A012A02D055
:10C1200001290FD013E084F8AD8F84F8B08F94F814
:10C13000B40F012803D184F8B18F84F8B47F84F858
:10C14000BD9F04E0C07A012801D1F7F799FEBDEC4C
:10C15000028B2846BDE8F05F00F0B6BAC87500242F
:10C160009A9999999999A93F58880024000000004C
:10C1700030EEC01A0949DFED0A1A11EE100A8842A2
:10C1800002DD70EEE10A06E011EE100A0549884270
:10C1900001D970EEA10A30EEC00A704700003443A6
:10C1A0000000B443000034C32DE9F04105462DEDF5
:10C1B000028BFE4FFE4C797800290AD0D4F8700D1E
:10C1C0004278012A05D190ED010A87ED0B0A491E3C
:10C1D000797005F15800F5F71BFA85ED170AD5F8C7
:10C1E0007C0A407801280DD0F249A1F148000E46A2
:10C1F00002F0C6FB022004F061F8EE4831464838F0
:10C2000002F0B2FBD5F8700D4078012810D0E94952
:10C210003431A1F17C000E4602F0B2FB022004F0A2
:10C220004DF8E4484FF400723146483802F0A1FB63
:10C23000E06F0188B0F90820891A41F2B0529142AA
:10C2400003DD3969491E396106E041F2B052D1423D
:10C2500002DA3969491C3961D74C616ED4F8303F34
:10C260000A88D21A41F2B3535E429A4205DDD4F8ED
:10C27000342F521EC4F8342F06E0B24204DAD4F848
:10C28000342F521CC4F8342F0A88C4F8302F0A887F
:10C29000D4F8341FC1EB41311144C4F82C1FD4F839
:10C2A0006415D4F848CF0A88A2EB0C029A4205DD47
:10C2B000D4F84C2F521EC4F84C2F06E0B24204DAD8
:10C2C000D4F84C2F521CC4F84C2F0A88C4F8482FBD
:10C2D0000A88D4F84C1FC1EB41311144C4F8441F03
:10C2E00001883869C0EB40300844B861A0F590502F
:10C2F000953800EE100AB8EEC00B9FEDB01B80EE33
:10C30000012BB7EEC20B87ED070AE86FB0F9020008
:10C3100000EE100AB8EEC00A9FEDAA8AF3EE0E0AEC
:10C3200020EE080A80EE201AB7EEC10A9FEDA61B88
:10C3300020EE010B97ED081AB7EEC12A9FEDA41B62
:10C3400002EE010BB7EEC00B87ED090A87ED080A74
:10C35000DFF8848298ED430A85ED220AB8F9480097
:10C3600000EE100AB8EEC00ADFED9C0A20EE200AAB
:10C3700085ED210AD5F87C0A90ED010ADFED988A57
:10C3800060EE280A9FED971A05F5006680EE810A97
:10C3900086EDA30AD0ED020AF1EE600AC6EDA10A0D
:10C3A000C0EE280A20EE880A03F012F8DFED8E0AAC
:10C3B00020EE200AD6EDAC0A20EE200A86EDA90A6E
:10C3C00010EE100A10F1814F02D9BFEE000A06E00C
:10C3D00010EE100AB0F17E5F01DDB7EE000A86EDC7
:10C3E000A90AD5F8700D05F5406190ED010AC0EE7F
:10C3F000080A20EEA80A81ED620AD1ED5F0A7B4BA4
:10C4000070EE600A10EE902A9A4205DDB5F88C2D88
:10C41000521EA5F88C2D09E010EE902A744B9A421A
:10C4200004D9B5F88C2D521CA5F88C2D81ED5F0A2E
:10C43000B5F98C2D00EE902AF8EEE00A9FED6D1A0A
:10C4400000EE810A81ED600A90ED020A81ED5E0A3C
:10C4500090ED020A81ED5E0A05F58050D0F8642A5D
:10C46000B2F9022000EE102A05F5C052B8EEC00A5B
:10C4700082ED9B0AD0F8303BB3F9023000EE103A5F
:10C48000B8EEC00A82EDCE0AD0F8FC2BB2F9022039
:10C4900000EE102A05F5E052B8EEC00A82ED010A5E
:10C4A000D0F8C83CB3F9023000EE103AB8EEC00A3A
:10C4B00082ED340AD0F8943DB3F9023000EE103A20
:10C4C000B8EEC00A82ED670AD0F8603EB3F90230D8
:10C4D00000EE103AB8EEC00A82ED9A0A04F62C7407
:10C4E000226800EE102AB8EEC00A80ED1C0A426EE7
:10C4F000B2F9023000EE103AB8EEC00B9FED3E1BD1
:10C50000B4F90C3020EE012B00EE103AB8EEC03B2F
:10C510009FED3B0B03EE002BB7EEC22B80ED1B2AE9
:10C52000B2F9083002EE103AB8EEC22A80ED1D2AA8
:10C530005288A281A26902EE102A05F5A052B8EE37
:10C54000C22A82ED5C2AD0F86435B3F9026002EEAB
:10C55000106AB4F92460B8EEC22B22EE011B02EE81
:10C56000106AB8EEC22B02EE001BB7EEC10B82EDD3
:10C570005B0AB3F9086000EE106AB8EEC00A82EDFB
:10C580005D0A5A88A284A4F62C7495ED190AD7ED99
:10C590000A0A70EE600A10EE902AB2F1804F41DB79
:10C5A00087ED0A0A94F8BB2F72B32EE03C010024F9
:10C5B000C865002458880024C8750024552E54FEF0
:10C5C000B5C03640DB0F49409A9999999999A93F8E
:10C5D000666666666666EE3FE45E002458A08B3AA7
:10C5E00000003443DB0F49C00681853F000034431F
:10C5F000000034C30000B4437B14AE47E17A843FAB
:10C60000AE47E17A14AEEF3F0CE0426EB4F8303F33
:10C610001288D21A7A80D0F86425B4F8483F12887C
:10C62000D21ABA80D8F84020137D80F8683FD27FB4
:10C6300053074FF0000201D480F8B12F90F8BD0FDE
:10C64000022809D09FED090A81ED0D0AC5F8DE2206
:10C65000C5F8E22C85EDE30A05F0BAF9BDEC028BD2
:10C6600001462846BDE8F04102F008BC0000000089
:10C6700010B50C4641F6BD710B5C002B13D0012B9D
:10C6800018D0022B01D0032B0CD10D4BD3ED0C0A8B
:10C6900093ED3A0AFFF76CFD84ED000A93ED0D0A65
:10C6A00082ED000A10BD9FED070A84ED000A82EDBD
:10C6B000000A10BD2146BDE81040FFF785BB000011
:10C6C000E45E0024000000002DE9F05F06462DED39
:10C6D000048B06F580544FF00008A149086CC27C19
:10C6E000002A0AD0B0F8150038B984F8BD8F84F854
:10C6F000B18F84F8AD8F84F8B08F94F8B00F9FEDB0
:10C70000998ADFF864A2012806F5406706F5E0552E
:10C7100054D085EDE48A85EDDC8A8AED0C8A87EDBC
:10C72000658A84F8B18F06F5C05095EDDC0AD0ED2E
:10C730009C0ADFED8E2AB0EE621AFCF7CCFE80ED8B
:10C740009C0AD0EDCF0AB0EE621A9AED0C0AFCF703
:10C75000C2FE80EDCF0AD5ED020A95EDDC0AB0EEFF
:10C76000621AFCF7B8FE85ED020AD5ED350AB0EE87
:10C77000621A9AED0C0AFCF7AEFE85ED350AD5ED8E
:10C78000680A95EDDC0AB0EE621AFCF7A4FE85EDAE
:10C79000680AD5ED9B0AB0EE621A9AED0C0AFCF716
:10C7A0009AFE85ED9B0A95EDDC0A85EDDD0A94F88D
:10C7B000AD0F4FF00109012809D013E095EDDE0A15
:10C7C00085EDDC0A9AED0D0A8AED0C0AABE794F8C8
:10C7D000552F012A06D194F8BD2F1AB1022084F8F2
:10C7E000BD0F0AE094F8552F02B130B994F8BD0F8F
:10C7F00018B1052801D084F8BD9F886B10F1814FD6
:10C8000002D084F8B89F01E084F8B88F91F82D0029
:10C81000012808D194F8B10F012804D194F8540FDD
:10C8200008B984F8549F94F8B10FDFF848B19FED30
:10C83000509A0128F1EE0C8A07D194F8541F01296F
:10C8400003D194F8BD1F022902D001280BD018E0B3
:10C85000F4F702FF86ED180AC7ED658A8BEDE49ABE
:10C8600084F8548F0DE094F8BD0F012801D00528FD
:10C8700007D1F4F7F1FE86ED180AC7ED658A8BED56
:10C88000E49ADAF80C0002280BD194F8B10F0128D1
:10C8900007D184F8B18F8BEDE48A87ED658ACAF8F9
:10C8A0000C8094F8B52F34493448012A03D090F80D
:10C8B000BA2F12B323E0D0F83C2F00EE102AB8EEC6
:10C8C000C00A80ED220AD0F8400F00EE100A2C4872
:10C8D000B8EEC00A80ED620A95EDE70A0A68BCEE80
:10C8E000C00A10EE100AD06395EDE90A0968BCEEA3
:10C8F000C00A10EE100A086411E080F8B99F95EDA7
:10C90000E80A0A68BCEEC00A10EE100AD06395ED82
:10C91000EA0A0968BCEEC00A10EE100A086494F82E
:10C92000BD0F94F8BE1F884215D096ED220A86ED01
:10C93000280A97ED600A87ED640A06F5006696ED11
:10C94000A30A86EDA70A84F8BE0F8AF80190CAF8F8
:10C950001080CAF81480BDEC048BBDE8F09F000085
:10C96000E45E0024000000003C010024CDCCCC3F5C
:10C9700000803B45C88100246C0D0024C87500244C
:10C98000C87900241CB504466A4601A92046FFF771
:10C990006FFE41F6BD7004F50061025D04F5E050E4
:10C9A00032B1012A19D0022A28D0032A26D02DE03C
:10C9B0009FED220A8DED010A8DED000A04F5C054A9
:10C9C00084ED9C0A84EDCF0A80ED020A80ED350AE1
:10C9D00080ED680A80ED9B0A18E094ED280ADDEDF1
:10C9E000010A30EE200A84ED280A91EDA70ADDED58
:10C9F000000A30EE200A81EDA70A07E09DED010A4A
:10CA000084ED280A9DED000A81EDA70A91EDA70AA1
:10CA1000D0EDD80AB4EEE00AF1EE10FA02D2B0EE90
:10CA2000600A08E0D0EDD70AB4EEE00AF1EE10FAA1
:10CA300001DDB0EE600A81EDA70A1CBD0000000018
:10CA40002DE9F84304460D461646002000902D4877
:10CA50002D4FDFF8B88085420BD1E06850F82600F2
:10CA600078620023D8F8000007F120016A4604F03C
:10CA700005FE274885420BD1E06950F82600F86290
:10CA8000002321496A46D8F80000283104F0F6FD59
:10CA9000204885420BD1E06A50F8260078630023D5
:10CAA00019496A46D8F80000303104F0E7FD1A4809
:10CAB00085420BD1E06B50F82600F8630023124941
:10CAC0006A46D8F80000383104F0D8FD1348854292
:10CAD0000BD1E06C50F82600786400230A496A46BE
:10CAE000D8F80000403104F0C9FD0098002807D0B4
:10CAF0000B494FF080500860BFF34F8FBFF36F8F2B
:10CB0000BDE8F883DCD20024148900244800002406
:10CB1000F8D2002414D3002430D300244CD30024B2
:10CB200004ED00E070B505460C46164619488442EF
:10CB300005D1194933462A46284600F03FF81748E0
:10CB4000844206D1164905F110023346284600F00A
:10CB500035F81448844206D1134905F120023346C2
:10CB6000284600F02BF81148844206D1104905F1FF
:10CB700030023346284600F021F80E48844208D19E
:10CB800005F14002334628460B49BDE8704000F0ED
:10CB900015B870BD00100140DCD2002400480040F0
:10CBA000F8D20024004C004014D300240078004048
:10CBB00030D30024007C00404CD300242DE9FF5FDB
:10CBC0000E46144698460027607A002874D1B8F1C2
:10CBD000000F1DD13046FEF7D1FBC0B22072217884
:10CBE00039B1884205D004B03046BDE8F05FFEF7A9
:10CBF000D0BBA079E179401E814209D1002504E033
:10CC00003046FEF7C6FB6D1CEDB2E079A842F7D8BE
:10CC1000B8F1000F50D03046FEF7C9FBC2B2E27146
:10CC2000A078824208D0E1788A4205D021798A42F0
:10CC300002D061798A4227D132B3E068006802707D
:10CC4000002507E03046FEF7A4FBE1686D1C09688B
:10CC50004855EDB2E079A842F4D8607830B1E16887
:10CC6000E27909688A5C824200D00F703046FEF794
:10CC70009EFBE071E06800680078E0B30098002255
:10CC80003146FFF7DDFE41E0B8B10020E178B1B1F7
:10CC9000002108402179A1B100210840617991B1BA
:10CCA0000021084228D0E068006802703046FEF794
:10CCB00065FBA52809D029E037E00120E6E701213E
:10CCC000E7E70121E9E70121EBE7002507E030462E
:10CCD000FEF75FFBE1686D1C09684855EDB2E0792D
:10CCE000A842F4D8E0680068007820B100980022DB
:10CCF0003146FFF7A5FE09E0002504E03046FEF7C7
:10CD000048FB6D1CEDB2E079A842F7D8A079E17933
:10CD1000401E814209D1002504E03046FEF739FB70
:10CD20006D1CEDB2E079A842F7D8607A01287DD178
:10CD3000B8F1000F7BD07068734B734D7249183394
:10CD4000DFF8C4C13035DFF8C081DFF8BC910CF1E9
:10CD5000480CDFF8B4A108F16008DFF8ACB109F1C4
:10CD6000780902680AF1900ADFF8A0E10BF1A80B3C
:10CD70008A422BD09A4229D0AA4227D0624525D098
:10CD8000424523D04A4521D052451FD05A451DD097
:10CD900072451BD05D481830824217D05B48303056
:10CDA000824213D05948483082420FD057486030F1
:10CDB00082420BD055487830824207D05348903099
:10CDC000824203D05148A830824204D1106820F03A
:10CDD0000100106003E0106820F00100106072682C
:10CDE000A07912685268821AE27172681268506003
:10CDF000706800680268120305D4026842F40022D9
:10CE00000260002004E0026822F400220260012097
:10CE1000726812688A422ED09A422CD0AA422AD036
:10CE2000624528D0424526D04A4501E047E05AE015
:10CE300021D052451FD05A451DD072451BD03349D1
:10CE400018318A4217D0314930318A4213D02F49E4
:10CE500048318A420FD02D4960318A420BD02B498C
:10CE600078318A4207D0294990318A4203D0274934
:10CE7000A8318A4204D1116841F00101116003E038
:10CE8000116841F001011160E179A278914208D066
:10CE9000E278914205D02279914202D062799142A2
:10CEA00021D101B3E26852F820201170217841B1FC
:10CEB000E26852F8202052788A4202D0E771BDE839
:10CEC000FF9F617841B1E268E37952F82020D25C9B
:10CED0008A4201D0E771F2E7E17921B10246009878
:10CEE0003146FFF7ADFDA079E179401E8142E6D1E0
:10CEF000002504E03046FEF74CFA6D1CEDB2E079F7
:10CF0000A842F7D8DBE700001000024010040240FE
:10CF100010B586B000245021234622460194049483
:10CF2000CDE90241A521009401F0AEF94021019420
:10CF30002023049400220094CDE90241FF21103007
:10CF400001F0A2F9103801942621049400220094E3
:10CF50001223CDE902412030114601F095F9203825
:10CF60000194FF2104940023009430301A46CDE947
:10CF70000241A52101F088F9303810212822CDE99D
:10CF800003141E23CDE90132142100910A2300224B
:10CF9000AA21403001F078F9403806B010BD0000F9
:10CFA00070B505462DED068BFDF7E0FB68650020AA
:10CFB00085F8FA0401229FED389ADFED398A3B4863
:10CFC00005F51D71F0EE492A9FED342AF0EE681A3E
:10CFD0009FED341ADFED340ABBEE040A01F082FE45
:10CFE0009FED338A31480122F3EE042AF0EE480A1D
:10CFF000B7EE002AF3EE041AB0EE601ABFEE080A8C
:10D0000005F5337101F06EFE9FED2A0A85ED1A0ACF
:10D010000024294EDFED299A9FED29AADFED29AAE8
:10D02000706804EBC40100EB410004EB840105EBE4
:10D030008101C86604EB440000EBC400012205EB4B
:10D04000C0011A48F0EE492AB0EE692AF0EE681ADB
:10D05000B0EE4A1AF0EE480AB0EE6A0A01F58A719B
:10D0600001F040FE641CE4B2042CD9D305F58060C5
:10D07000F2EE040AC0ED260ABAEE040A80ED270A91
:10D08000C0ED280A80ED290A2846BDEC068BBDE8D4
:10D09000704000F063BA000000803B4500007A4415
:10D0A00000409C460000C8C200000080B40A002472
:10D0B00000000000CDCCCC3E1C8800240000FA45C6
:10D0C0000000704200E0AB4570B50446002604F154
:10D0D0002B0104F11C0001F071FE04F5806528B1FC
:10D0E00095ED250AB1EE400A85ED250A04F2944338
:10D0F00020461A1F111F00F08DFB324804F53371D2
:10D10000D5ED1E0A006CB0F8480000EE100A2E485B
:10D11000B8EE400A01F068FD94EDBC0A85ED070AFF
:10D1200006EB860004EB8000D0ED1E0A90ED1D0A90
:10D1300006EB460000EBC60004EBC001224801F5F7
:10D140008A7101F051FD761CF6B2042EE8D394EDFD
:10D150004E0A85ED1A0A94ED640AB1EE400A85ED97
:10D160001B0A94ED7A0A85ED1C0A94ED900AB1EE43
:10D17000400A85ED1D0A04F20440FDF797FF95ED86
:10D180001A0ABDEEC00A10EE100A24F87C0F95EDC5
:10D190001B0AB1EE400ABDEEC00A10EE100AA082D2
:10D1A00095ED1C0ABDEEC00A10EE100A208595ED23
:10D1B0001D0AB1EE400ABDEEC00A10EE100AA087AB
:10D1C00070BD0000E45E0024B40A00242DE9F04F95
:10D1D00004460F4690462DED028B81B097ED000A74
:10D1E00004F0AAFD002879D198ED000A04F0A4FD0E
:10D1F000002873D194F8F10404F58065764E48B1A7
:10D20000616D0023B1F9060000F10A02152A66D308
:10D2100030809FE004F11C010091002308460122A8
:10D2200001F01CFE04F11F0B04F1220A04F1250990
:10D230009FED6A8AA0B9009800230122594601F0A7
:10D240000DFE68B9009800230122514601F006FE48
:10D2500030B9009800230122494601F0FFFDE0B3F8
:10D26000012084F8F904009901231A46084601F0C8
:10D27000F5FD50B195ED0A0A01F02FFED4ED1A0A22
:10D2800020EE200A86ED030A15E0012300981A46D5
:10D29000594601F0E3FD60B195ED0A0A01F01DFE6B
:10D2A000D4ED1A0AF1EE600A20EE200A86ED030A98
:10D2B00001E086ED038A012300981A46514601F0E9
:10D2C000CDFD80B195ED0A0A01F007FED4ED1A0AF2
:10D2D000F1EE600A20EE200A02E019E077E038E083
:10D2E00086ED040A18E0012300981A46494601F029
:10D2F000B5FD50B195ED0A0A01F0EFFDD4ED1A0A23
:10D3000020EE200A86ED040A06E086ED048A03E09A
:10D3100086ED038A86ED048A95ED2D0ADFED300A4D
:10D32000D6ED031A9FED2F1A20EE200A01EE810A96
:10D3300086ED030AD5ED2E1A61EEA00AD6ED041A89
:10D3400041EE810AC6ED040A85ED2D0AC5ED2E0ACF
:10D3500033E03380B1F9040000F10A01152901D34B
:10D36000708000E07380B6F900009FED1F8A00EE28
:10D37000100AF8EEC00A80EE880AD4ED1A0A60EEB0
:10D38000208A95ED0A0A01F0A8FD28EE800A86EDB4
:10D39000030AB6F9020000EE100AB8EEC00AC0EEA9
:10D3A000080A94ED1A0A20EE808A95ED0A0A01F027
:10D3B00094FD28EE000A86ED040A96ED030A87ED37
:10D3C000000A96ED040AB1EE400A88ED000A01B0A9
:10D3D000BDEC028BBDE8F08F2401002400000000AA
:10D3E000A4707D3F0AD7233C000025442DE9F04777
:10D3F000044601250026606D807A01280ED084F84D
:10D40000F154032794F8F1044FF0040848B184F86C
:10D41000A864606D817A022955D056E084F8F164E1
:10D42000EFE704F11C0001238146002204F14301CF
:10D4300001F014FD08B184F8FA6401230022484683
:10D4400004F1400101F00AFD70B194F8FA0430B122
:10D45000012804D0042802D0032803D004E084F873
:10D46000FA7401E084F8FA5401230022484604F1DA
:10D47000370101F0F3FC50B194F8FA04042803D00A
:10D4800010B184F8FA8402E008B184F8FA54012358
:10D490000022484604F13D0101F0E0FC012348462A
:10D4A00004F128011A4601F0D9FC010004F580605E
:10D4B00004D0B7EE000A80ED1F0AAAE79FED240A08
:10D4C00080ED1F0AA5E784F8FA64817A032902D166
:10D4D000C27A022A02D0032928D02CE01D494FF439
:10D4E00016730A8E9A4202D0098C99421BD1B0F968
:10D4F000081001F1C802B2F5C87F02D884F8FA54C6
:10D5000019E0154A40F28A23994203DB84F8FA8431
:10D51000157010E040F28A23D9420CDC84F8FA84BA
:10D52000FF21117007E084F8FA7404E0C17A03293E
:10D5300001D184F8FA74817A032904D1C27A012ACC
:10D5400001D184F8FA742046BDE8F04700F088B9AC
:10D55000000000007ED300243801002470B504468A
:10D560002DED028B00209FED450A04F5806585EDC9
:10D570002B0A9FED431ADFED430A00EB800104EB19
:10D580008101CA6EB2F9022000EE102AB8EEC00A7C
:10D5900020EE010A81ED1D0A00EB400202EBC00201
:10D5A00004EBC202D2ED551A61EEA01AC1ED1C1AAD
:10D5B000B0EEC00AD5ED2B1A30EE210A85ED2B0A0C
:10D5C000401CC0B20428D8D395ED2B0AB5EE008AD2
:10D5D00020EE080A85ED2B0A2B48006C007D84F8AC
:10D5E000A80404F20440FDF741FE2848DFED280AB4
:10D5F000C06F008800EE100AB8EE400AFDF7D2F9BD
:10D60000BDEEC00A10EE100A00B2A4F8600000EEF1
:10D61000100ADFED200AB8EEC00A20EE200A84EDE1
:10D62000190AD4ED1D1A94ED221A94ED270A71EE11
:10D63000C10A30EE802AD4ED2C0A32EE602A22EEA6
:10D64000082A85ED202AF1EE611A31EEC11A71EE39
:10D65000001A71EEA01A61EE881AC5ED211A31EE9A
:10D66000400A30EE600ADFED0C0A20EE080A80EE78
:10D67000201A85ED221ABDEC028B70BD000000005F
:10D680000A01DA3900007A44E45E0024C865002407
:10D6900000404645DB0F493A713D8A3E2DE9F04195
:10D6A00004461D462DED028B94F8FA049FED538A33
:10D6B000002823D0524F012897ED020A28D00328D2
:10D6C00055D0042820D1D7ED010AB7EE001A71EE2B
:10D6D000600A20EE800A84ED1A0A2046FFF776FDE4
:10D6E00004F11C01012388461A46404601F0B6FBAE
:10D6F00004F580669FED438AC0BB3FE081ED008A60
:10D7000082ED008A85ED008ABDEC028BBDE8F081D8
:10D7100084ED1A0A2046FFF759FDB4F9600004F5BC
:10D720001D71DFED398A32280DDD00EE100A374811
:10D73000F0EE480AB8EEC00A01F056FA94EDA60AD7
:10D7400020EE288A0FE010F1320F0CDA00EE100AFA
:10D750002E48F0EE480AB8EEC00A01F045FA94ED02
:10D76000A60A20EE288A85ED008ACDE71EE0BDECF2
:10D77000028B2046BDE8F041FFF728BD012340465B
:10D7800004F11F011A4601F069FB78B901234046F4
:10D7900004F122011A4601F061FB38B90123404629
:10D7A00004F125011A4601F059FB80B196ED0A0AF1
:10D7B00001F093FBD7ED010A97ED021A60EE810AA2
:10D7C00020EE200AC0EE080AC5ED000A9CE796ED9F
:10D7D0000A0A01F082FB0E48D7ED020A90F9000018
:10D7E00060EE200A00EE100AB8EEC00A20EE800AB1
:10D7F000C0EE080AC5ED000A86E700000000000040
:10D8000024010024713D8A3E6F12833AB40A002439
:10D810003801002491ED000AD2ED000A93ED001AC0
:10D82000DFED0E1A30EE602A01EE612A80ED1E2A2D
:10D83000B1EE402A32EE602A01EE612A80ED232A01
:10D8400030EE202A01EE612A80ED282A30EEC00A4F
:10D8500001EE610A80ED2D0A70470000713D8A3E9D
:10D8600010B504461948006CC17C002925D0B0F8D9
:10D87000150010BB002084F8FA0484F8F80404F5BD
:10D880001D71134801F03EFA114804F1BC0101F08A
:10D8900039FA0F4804F58A7101F034FA0C4804F59E
:10D8A000B67101F02FFA0A4804F5E27101F02AFA84
:10D8B000074804F5077101F025FA94F8FA0494F882
:10D8C000FB14884201D084F8FB0410BDE45E002400
:10D8D000B40A002430B505462DED028B83B09FEDD0
:10D8E0004C8A8DED028A8DED018A8DED008A01AAA8
:10D8F0006B4602A92846FFF7D1FE95F8FA0405F514
:10D90000806401280FD0032830D004284DD000288F
:10D9100005D184ED238A84ED248A84ED258A03B021
:10D92000BDEC028B30BD95ED190AB1EE400AF2F75D
:10D9300007FEB0EE408A95ED190AB1EE400AF2F703
:10D94000C3FDDDED020A9DED011A60EE201A48EEDE
:10D95000411AC4ED231A68EE200A40EE010AC4ED14
:10D96000240A9DED000A84ED250AD8E795ED190AF1
:10D97000F2F7E6FDB0EE408A95ED190AF2F7A4FD44
:10D98000DDED020A9DED011A60EE201A48EE411A03
:10D99000C4ED231A68EE200A40EE010AC4ED240A01
:10D9A0009DED000A84ED250AB9E795ED190AF2F715
:10D9B000C7FDB0EE408A95ED190AF2F785FD9DEDA1
:10D9C000021ADDED010A60EE011A48EE601AC4ED9C
:10D9D000231A28EE011A00EE201A84ED241A9DED78
:10D9E000000A84ED250A94ED261AD4ED270AB0EE3C
:10D9F000610AFCF781F984ED230A94ED281AD4ED2D
:10DA0000290A94ED240AFCF777F984ED240A86E7C5
:10DA10000000000070470000FEB5002409E09348B4
:10DA200000F0EDFE0446914800F009FFC0B20C285A
:10DA300064D9A52CF3D18D4800F001FFC0B20C28A9
:10DA40005CD98A4800F0DBFEA62857D100246D4639
:10DA5000864800F0D4FE2855641CE4B2042CF7D3A9
:10DA60000024824800F0CBFE29190871641CE4B23E
:10DA7000082CF6D300987E4D102840D011287CD079
:10DA8000A0F50070063801D0012837D1794C0098F4
:10DA9000801FC1B2217076483C30054600F01BFC67
:10DAA00006882846217800F016FC06812846217851
:10DAB00000F011FC9DF804209DF8051041EA0221B8
:10DAC00001802178284600F006FC9DF806209DF88C
:10DAD000071041EA022141802178284600F0FBFB33
:10DAE0009DF808209DF8091041EA022181802178E3
:10DAF000284600F0F0FB9DF80A108171FEBD5C4CD9
:10DB0000616F9DF8040000F00F020A70616F000958
:10DB10004870606F9DF805209DF8061041EA0221CB
:10DB20004160616F9DF8070002019DF8080042EA1C
:10DB300010128A60616F00F00F009DF8092042EA20
:10DB40000020C860606F1021D5ED140A95ED130A0E
:10DB50004068FBF785FF606F80ED010A606F0C2164
:10DB6000D5ED160A95ED150A8068FBF779FF606F11
:10DB700080ED020A606FC06800E01CE00C21D5ED6A
:10DB8000180A95ED170AFBF76BFF606F80ED030A2B
:10DB9000606F9DF80A1000EE101AB8EE400A80ED92
:10DBA000040A606F9DF80B1000EE101AB8EE400AE0
:10DBB00080ED050AFEBD2E4C7C34E16A9DF8040020
:10DBC00000F00F020A70E16A00094870E06A9DF8EF
:10DBD00005209DF8061041EA02214160E16A9DF8A6
:10DBE000070002019DF8080042EA10128A60E16A0B
:10DBF00000F00F009DF8092042EA0020C860E06AAA
:10DC00001021D5ED210A95ED200A4068FBF728FF89
:10DC1000E06A80ED010AE06A0C21D5ED230A95ED5A
:10DC2000220A8068FBF71CFFE06A80ED020AE06AC6
:10DC30000C21D5ED250A95ED240AC068FBF710FFED
:10DC4000E06A80ED030AE06A9DF80A1000EE101AFF
:10DC5000B8EE400A80ED040AE06A9DF80B1000EE71
:10DC6000101AB8EE400A80ED050AFEBD74D10024FA
:10DC700010880024EC000024FEB50546002409E0CD
:10DC8000694800F0BCFD0446674800F0D8FDC0B20A
:10DC90000C2864D9A52CF3D1634800F0D0FDC0B2A4
:10DCA0000C285CD9604800F0AAFDA62857D10024B2
:10DCB0006E465D4800F0A3FD3055641CE4B2042CB0
:10DCC000F7D30024584800F09AFD31190871641CFC
:10DCD000E4B2082CF6D30098544CB0F5017F08D07C
:10DCE0003EDCA0F50070013803D0012801D00228E5
:10DCF00035D10098401EC1B261704D48054600F014
:10DD0000EAFA06882846617800F0E5FA0681284696
:10DD1000617800F0E0FA9DF804209DF8051041EAD2
:10DD2000022101806178284600F0D5FA9DF806208E
:10DD30009DF8071041EA022141806178284600F0F1
:10DD4000CAFA9DF808209DF8091041EA0221818055
:10DD50006178284600F0BFFA9DF80A108171FEBD77
:10DD6000A0F50070053828D0FC28F8D19DF80400F3
:10DD700005F81C0F9DF8050068709DF807109DF8C8
:10DD80000600DFED2C0A40EA012000EE100AB8EE92
:10DD9000400A20EE200A85ED010A9DF8080028724D
:10DDA0009DF8090068729DF80A00A87203B0224825
:10DDB0001121BDE8F040FDF7F1B80021A1701C4829
:10DDC0000C30054600F087FA06882846A17800F056
:10DDD00082FA06812846A17800F07DFA9DF8042099
:10DDE0009DF8051041EA02210180A178284600F043
:10DDF00072FA9DF806209DF8071041EA0221418041
:10DE0000A178284600F067FA9DF808209DF80910CF
:10DE100041EA02218180A178284600F05CFA9DF851
:10DE20000A108171FEBD0000ECD10024EC0000243A
:10DE30001C880024CDCCCC3D88850024FEB5002470
:10DE400009E0874800F0DBFC0446854800F0F7FC59
:10DE5000C0B20C2867D9A52CF3D1814800F0EFFCA3
:10DE6000C0B20C285FD97E4800F0C9FCA6285AD160
:10DE700000246D467A4800F0C2FC2855641CE4B2C8
:10DE8000042CF7D30024764800F0B9FC2919087156
:10DE9000641CE4B2082CF6D3009840F20322714CC3
:10DEA0009042A0F2032108D03EDC10287BD0A0F5E0
:10DEB0000070013801D0012835D10098401EC1B250
:10DEC000E1706948054600F006FA06882846E178C0
:10DED00000F001FA06812846E17800F0FCF99DF88F
:10DEE00004209DF8051041EA02210180E1782846CE
:10DEF00000F0F1F99DF806209DF8071041EA022193
:10DF00004180E178284600F0E6F99DF808209DF868
:10DF1000091041EA02218180E178284600F0DBF90E
:10DF20009DF80A108171FEBD012903D0022901D09C
:10DF30000329F8D10098001FC1B221714A480C3062
:10DF4000054600F0C8F906882846217900F0C3F993
:10DF500006812846217900F0BEF99DF804209DF83D
:10DF6000051041EA022101802179284600F0B3F929
:10DF70009DF806209DF8071041EA02214180217991
:10DF8000284600F0A8F99DF808209DF8091041EAFC
:10DF9000022181802179284600F09DF99DF80A1020
:10DFA0008171FEBDFFE7304C243C616F9DF8040099
:10DFB00000F00F020A70616F00094870606F9DF8F1
:10DFC00005209DF8061041EA02214160616F9DF82D
:10DFD000070002019DF8080042EA10128A60616F92
:10DFE00000F00F009DF8092042EA0020C860606F31
:10DFF00025461021D5ED140A95ED130A4068FBF76C
:10E000002FFD606F80ED010A606F0C21D5ED160ABF
:10E0100095ED150A8068FBF723FD606F80ED020A1D
:10E02000606F0C21D5ED180A95ED170AC068FBF753
:10E0300017FD606F80ED030A606F9DF80A1000EE17
:10E04000101AB8EE400A80ED040A606F9DF80B10BC
:10E0500000EE101AB8EE400A80ED050AA1E70000B4
:10E0600064D20024EC00002434880024F7B506466E
:10E07000144611498C4203D10199304600F0C6F88C
:10E080000E498C4206D10E4D002301A91A4628687C
:10E0900003F042FA0B48844203D10199304600F064
:10E0A00017F80948844206D10848002301A91A46F6
:10E0B000006803F031FAFEBDF8D2002430D300240A
:10E0C0004C0000244CD3002414D30024500000241E
:10E0D0004A78AA2A7DD18B78A52B14D100F8442F39
:10E0E0008A784270CA7882700A79C2704A7902715D
:10E0F0008A794271CA7982710A7AC2714A7A027245
:10E100008A7A427244388A78A62A15D14A7800F869
:10E110004E2F8A784270CA7882700A79C2704A7922
:10E1200002718A794271CA7982710A7AC2714A7A15
:10E130000272897A41724E38B0F9461000EE101A18
:10E14000B8EEC01B9FED2C0B21EE001BB7EEC11BE0
:10E1500080ED3A1AB0F9502001EE102AB8EEC11B3A
:10E1600021EE001BB7EEC11B80ED391A90ED421A6B
:10E1700002EE101AB7EEC11AB8EEC22B12EE001B57
:10E18000B7EEC11B80ED401A11EE102A1C4BF7EEC2
:10E19000001A9A4205DD90ED412A32EE612A80EDA7
:10E1A000412A11EE102A174B9A4205D990ED411AD7
:10E1B00031EE211A80ED411A90ED411ADFED121A6D
:10E1C00002EE101A21EE211AB8EEC22BB7EEC11AD8
:10E1D00000E00FE002EE001BB7EEC11B80ED431A1A
:10E1E00001EE101AB8EEC11B21EE000BB7EEC00B0A
:10E1F00080ED420A70470000166881166881763FFC
:10E2000000008743000087C30000B44330B50A789C
:10E2100080F82C208A78002A00D0012280F82D2056
:10E2200000228B1884183034DD782571DD79257053
:10E23000DB7A2372521CD2B2042AF2D3836B074AD0
:10E2400013F1814F03D0012382F8553F02E00023F0
:10E2500082F8553F897B80F83C1030BDC87500249A
:10E2600010B5044607490648C1F81801FBF70AFB38
:10E27000FBF7D8FBFBF758FDFCF708F8206410BD4E
:10E2800068D30024E45E00242DE9F041044606A88A
:10E29000DDE9095CC1C821706270A370E07026716D
:10E2A0006771A57184F809C0082000F018FEE060CD
:10E2B000284600F014FEE1680860284600F00FFED2
:10E2C000E16848602046BDE8F081406801EBC1018B
:10E2D00000EB41007047426801F0030000EBC00012
:10E2E00002EB4000704710B5044621602281A37202
:10E2F00003EBC300400000F0F2FD6060204610BD5B
:10E3000010B504462160228684ED010AC4ED020A9C
:10E3100084ED031AC4ED041A84ED052AC4ED062A1F
:10E3200084ED073AC4ED083A84ED094AC4ED0A4A7F
:10E33000182000F0D9FDE062204610BD70B5154CE4
:10E340004FF0FF054FF00003216CCA7F96070BD5F5
:10E35000D20709D0104A92F8FA242AB1227F0F2A54
:10E3600005D0F02A03D007E080F8633006E0097D8D
:10E3700011B180F8635001E080F8633000F8645F09
:10E380004370064991ED090ABCEEC00A10EE101A5E
:10E39000817070BDE45E00240060002400640024ED
:10E3A00010B50446FBF712FA0120607784F83A00B2
:10E3B0000E489FED0D0A80ED000AB2EE040A80EDD2
:10E3C000010AB7EE040A80ED020A9FED090A80ED0A
:10E3D000030ADFED080AC0ED040A80ED050AB2EE7B
:10E3E0000F0A80ED060A10BD33338341A0D4002408
:10E3F000000000003333514138B50546154820224E
:10E4000005F11C01FCF7D0FF144A9FED130A82EDC1
:10E41000000A134C94ED1D0A82ED010A94ED220AC4
:10E4200082ED020A94ED270A82ED030A94ED2C0A8C
:10E4300082ED040A0B4A19210848FCF70BF8082062
:10E440000090094905F16303084840F2113200F0D9
:10E45000F3FA38BDF8D2002400E0F146FC64002451
:10E4600000600024580F0024940B0024108800241E
:10E4700010B504461948C07C012802D0652805D192
:10E4800002E00120607701E00020607714481E342C
:10E49000D0F88C0A606013489FED131BB0F9501040
:10E4A00000EE101AB8EEC00B20EE010BB7EEC00B59
:10E4B00010EE101A2160D0F8E810A160006CD0F8BE
:10E4C0005300E0601E3C0A4801F008FE03F080FAA9
:10E4D00001462046BDE8104000F0D0BC7ED30024A9
:10E4E000C8650024E45E0024166881166881763FC2
:10E4F000A0D4002410B50C462DED028BF0EE408A1E
:10E50000B0EE608A94F8A500000602D52046FBF71D
:10E5100049FD04F19400F3F77BF810EE100AC4F8FB
:10E52000980018EE900A606118EE101A216108EE4A
:10E53000101A08EE900A38EE680A10EE100AA06170
:10E54000D4F8A61009B120468847A06900EE100A49
:10E5500000F0C0FC206D00EE900AB4EEE00AF1EE8F
:10E5600010FA7BDD206800EE900AA06900EE100A28
:10E5700020EE800A10EE101AE161616800EE100AC8
:10E5800000EE901AD4F8981060EE800A00EE101A8F
:10E5900020EE800A10EE102AA26200EE100A606BD4
:10E5A00000EE900AA06870EE600A00EE100A20EEFD
:10E5B000801A00EE101AC1EE000A10EE900A606296
:10E5C00094F8A500400702D52046FBF722FF94F8F7
:10E5D000A500800602D52046FCF73EFA94F8A50077
:10E5E000800702D52046FCF798FA94F8A50040066B
:10E5F00002D52046FBF722FE94F8A500C00702D002
:10E600002046FBF77BFC206A00EE100AA06A00EEB1
:10E61000900A30EE200A10EE100A2062616ADFEDE7
:10E62000170A00EE101AE16980EE201A00EE901A27
:10E6300000EE100A30EE800A31EE000A10EE100AE9
:10E64000E06294F8A500C00602D52046FBF7EAFB7D
:10E650002046FBF731FB2046FBF73CFD6069206359
:10E66000E06AE063616A2164A1696163A16AA163F0
:10E6700000EE100ABDEC028B10BD000000007A44D1
:10E6800010B511EE100A086510EE900AC86410EE7D
:10E69000100A88640020086111EE904A0C6012EEA6
:10E6A000104A4C6012EE904A8C60886213EE104A59
:10E6B0008C6513EE904ACC6514EE104A0C6614EE8D
:10E6C000904A4C66A1F86820C1F8940081F8A53002
:10E6D0000023C1F89C30C1F8A03081F8A400C862C2
:10E6E00010BD30B500294FF0FF3014D00B68002B5F
:10E6F00011D0002A0FD0CC888D88AC420BD0C888AE
:10E70000185C1070C8880A89401CB0FBF2F302FB49
:10E710001300C880002030BD70B500294FF0FF30D5
:10E7200010D00C68002C0DD08B880D895B1CB3FBBE
:10E73000F5F605FB1633CD889D4203D08888225418
:10E740008B80002070BD70B50C461546002C4FF034
:10E75000FF3603D015B1206810B106E0304670BD19
:10E760002846F1F727FF206020B10020E080A0803C
:10E77000258170BD304670BD70B504460D46D0078A
:10E780003AD04021224604F12C032846F4F71CFD20
:10E79000002831D12068A062204600F050F8A06522
:10E7A00004F16001A5220E462046FFF7B5FFA62220
:10E7B00031462046FFF7B0FF00253146601990F83A
:10E7C00028202046FFF7A8FF6D1CEDB2042DF4D3DE
:10E7D00000253146601990F82C202046FFF79CFF59
:10E7E0006D1CEDB2082DF4D3216F002904D004F183
:10E7F0002800BDE87040084770BD0167704708B544
:10E800000021009100F160016A46FFF76AFF9DF860
:10E81000000008BD41677047426F42630023836375
:10E82000C3630822026443648364C364036543656D
:10E830000A46C36E00F134011846F4F747BC643051
:10E840008188028840880A44101AB0FBF1F201FB6B
:10E850001200704770B504461546E1660020206737
:10E86000AAB204F160012046FFF76DFFE56520467E
:10E8700070BD000003B52DED020B83B00A8E096850
:10E8800002F500729DF80C008DF804009DF80D0053
:10E890008DF805009DF80E008DF806009DF80F001C
:10E8A0008DF807000420009001AB024800F0C4F886
:10E8B00007B000BD10880024FEB5B0EE603AF0EE5F
:10E8C000412A07460B46102093ED021AD3ED010AA8
:10E8D000FBF7B2F802460C2093ED041AD3ED030ABD
:10E8E000B0EE430AFBF7A8F804460C2093ED081A93
:10E8F000D3ED070AB0EE620AFBF79EF805460C203E
:10E9000093ED0A1AD3ED090AB0EE610AFBF794F809
:10E9100006460C2093ED061AD3ED050AB0EE420A26
:10E92000FBF78AF8110A8DF804108DF805202109EB
:10E930008DF80610210141EA15218DF807108DF898
:10E94000085031098DF80910310141EA10218DF884
:10E950000A108DF80B001A8E1968082001AB009080
:10E96000384600F069F8FEBD0A8E0968FC2300F005
:10E9700097B80B8E09681A4492B2FC2300F090B845
:10E980000A8E0968FB2300F08BB80A8E0968FB2306
:10E9900000F086B80EB5130A8DF804308DF8052006
:10E9A00000228DF806208DF8072002920A89096856
:10E9B0000223009301AB00F03FF80EBD3EB5069C6C
:10E9C000150A8DF804508DF805201A0A8DF80620D6
:10E9D0008DF80730220A8DF808208DF809400022B2
:10E9E0008DF80A208DF80B200A8909680623009308
:10E9F00001AB00F021F83EBDFEB5DDE90845160A81
:10EA00008DF804608DF805201A0A8DF806208DF81F
:10EA10000730220A8DF808208DF809402A0A8DF85F
:10EA20000A208DF80B500A8909680823009301AB6E
:10EA300000F002F8FEBD00002DE9F84306460C4642
:10EA400017469846089D1048844206D10F49434610
:10EA50003A463046009500F03BF80D48844206D116
:10EA60000C4943463A463046009500F031F80A48D2
:10EA7000844206D1094943463A463046009500F0A3
:10EA800027F8BDE8F8830000F40A002474D10024BC
:10EA9000940B0024ECD10024340C002464D2002414
:10EAA0003EB5FF248DF804408DF805408DF80640F2
:10EAB0008DF807408DF808408DF809408DF80A4020
:10EAC0008DF80B300823009301ABFFF7B5FF3EBD77
:10EAD00070B50C461D46049E91B22046FFF79AFE83
:10EAE000324629462046BDE87040FFF795BE00003B
:10EAF00070B52DED048B40F2FF14012322463349FB
:10EB0000FFF7F1FB042331490C30DD012A46FFF702
:10EB1000EAFB0C382D49022322461830FFF7E3FBAD
:10EB200018382B4903232A462430FFF7DCFB24380E
:10EB30002749032322463030FFF7D5FB30382549DB
:10EB4000022322463C30FFF7CEFB3C3821499FEDA3
:10EB5000228ADFED228A9FED229ADFED229A01229E
:10EB60004830F1EE044AB0EE484AF0EE683AB0EEB2
:10EB7000483AF1EE042AB9EE042AF3EE0E1ABBEE7F
:10EB80000E1AF0EE490AB0EE690AFFF7B9FB4838F1
:10EB9000104902227C30F1EE044AB0EE484AF0EE11
:10EBA000683AB0EE483AF3EE0C2ABBEE0C2AF2EECD
:10EBB000041ABAEE041AF0EE490AB0EE690AFFF739
:10EBC0009FFB7C38BDEC048B70BD0000940B0024CF
:10EBD000340C0024F40A0024000000000000FA4372
:10EBE0005E0F49405E0F49C010B50C46002C4AD05C
:10EBF000C4ED070A84ED080A94ED141A84ED151A81
:10EC000094ED131A84ED141A30EEC00A84ED130A41
:10EC1000D4ED010A60EE800AC4ED0B0A00F05AF947
:10EC2000D4ED060AB4EEE00AF1EE10FA09D294ED42
:10EC30000C0AD4ED020A94ED131A00EE810A84ED59
:10EC40000C0A94ED110A84ED120A94ED100A84ED79
:10EC5000110A94ED130AD4ED140A30EE600A84ED23
:10EC6000100AD4ED030A20EE801A84ED0D1AD4EDBB
:10EC70000C0A94ED050AF4EEC00AF1EE10FA05DD77
:10EC800084ED0C0A0BE09FED160A10BDB1EE400AB0
:10EC9000F4EEC00AF1EE10FA01D284ED0C0A94ED04
:10ECA0000B0AD4ED0C0A30EE200A30EE010A84ED96
:10ECB000090AD4ED040AB4EEE00AF1EE10FA02DD1E
:10ECC000C4ED090A08E0F1EE600AB4EEE00AF1EEE4
:10ECD00010FA01D2C4ED090A94ED090A10BD000032
:10ECE0000000000000290CD00A7081ED010AC1ED7E
:10ECF000020A81ED031AC1ED041A81ED052AC1ED66
:10ED0000062A7047002919D09FED0D0A81ED150ADA
:10ED100081ED140A81ED130A81ED120A81ED110AC9
:10ED200081ED100A81ED0D0A81ED0C0A81ED0B0ACF
:10ED300081ED090A81ED070A81ED080A704700009C
:10ED40000000000070B504460D4600230126A88A85
:10ED500006FA03F1084207D003EB430120460A19E3
:10ED6000012100F03EF806E003EB430120460A19BA
:10ED7000002100F036F85B1CDBB2102BE7D3A87C37
:10ED800004F1300201280ED00021204600F029F8BD
:10ED9000E87C04F1330201280AD02046BDE8704027
:10EDA000002100F01EB80121204600F01AF8EFE71C
:10EDB0002046BDE87040012100F013B80878012812
:10EDC00001D000207047012070470878012801D049
:10EDD00018B104E00120107001E0002010701078DC
:10EDE0007047012903D1107808B9012010701078FC
:10EDF000012806D1002904D15078401C5070002011
:10EE0000107070474A780020002A02D04870012014
:10EE100070470020704710B54B7800241078002B05
:10EE200000D018B143B1012804D005E04C70012096
:10EE3000107001E04C701470107810BD10B51C46B5
:10EE4000002A02D0012A04D006E02246FFF7E3FFA1
:10EE500002E02246FFF7B9FF207810BD002B06D054
:10EE60001AB1012A07D1FFF7A9BFFFF7CBBF1AB12B
:10EE7000012A00D10878704748787047C268002A94
:10EE800000D1C1608368036181604268521C4260A6
:10EE9000CB1A00EE103AB7EE001AF8EE400A81EEF7
:10EEA000200ADFED0B0A20EE200A80ED050AC36878
:10EEB000C91A00EE101AB8EE401A00EE102AF8EE49
:10EEC000401A81EE810A20EE200A80ED060A704782
:10EED00000007A44B0EEC00A704700F0E0BC10B504
:10EEE00000F002F810BD000010B5040007D10124A5
:10EEF00005E0F1F7F5FD006800B9044880472046B9
:10EF0000F1F758FB0028F4D010BD0000D10C000828
:10EF100003B401984100009850EAC12018BF0420B2
:10EF20004A0D18BF40F0010040F2FF72B2EB515F92
:10EF300008BF40F00200012808BF052002B070475A
:10EF40000907090E002804DB00F1E02080F8001416
:10EF5000704700F00F0000F1E02080F8141D7047AA
:10EF600070B565482DED020B2DED048B059D25F048
:10EF70000044A04218DC6148844202DC0AD10498B3
:10EF800040B19DED040BBDEC048B02B0BDE87040B8
:10EF900000F026BF002DCCBF9FED590B9FED5A0B03
:10EFA000BDEC048B02B070BD5948A04215DD594834
:10EFB000A042D8BF4FF0FF3455DD9DED040B51EC5E
:10EFC000100BFFF7A5FF042808BF00F029FF9DEDF7
:10EFD000040BBDEC048B02B070BD9DED040B51EC35
:10EFE000100B01F0CBF8CDE904014B489FED4C0B21
:10EFF000A0421CDD4C48A0420BDD9DED042B0024FB
:10F000009FED4B1B12EE010B32EE011B80EE012B2C
:10F0100027E09DED041B9DED042B012431EE401BE8
:10F0200032EE000B81EE002B8DED042B1BE04248ED
:10F03000A0420FDD9DED042B02249FED411B9DEDB1
:10F04000043B32EE412B03EE010B82EE001B8DEDF3
:10F05000041B08E09DED040B9FED3B1B032481EE98
:10F06000002B8DED042B9DED040B3948062120EE7D
:10F07000009B29EE098BB0EE480B784400F024FE8B
:10F0800020EE099B3348B0EE480B0521784400F090
:10F090001BFE20EE080B002C0BDA9DED042B39EE45
:10F0A000001B9DED040BBDEC048B02B002EE410B86
:10F0B00070BD2948784439EE000B00EBC4009DED8B
:10F0C000042B90ED001B254812EE001B9DED040B58
:10F0D00031EE400B784400EBC400002D90ED001B96
:10F0E00031EE400BB8BFB1EE400BBDEC048B02B06B
:10F0F00070BD000000000000000010440000F07F20
:10F10000182D4454FB21F93F182D4454FB21F9BF1D
:10F110000000DC3F0000203E0000F33F0000000044
:10F12000000000000000F03F0000E63F000000008B
:10F1300000000000000000400080034000000000CC
:10F14000000000000000F83F000000000000F0BFD9
:10F150007A3B0000403B0000F83A0000B83A00005B
:10F1600070B55F4E2DED040B2DED028B82B0DDF8F6
:10F170001CC0DDE905235C422CF000411C4341EA40
:10F18000D474049D22F00040B44205D86C422C4354
:10F1900040EAD474B4420BD99DED061B9DED040BDF
:10F1A00002B0BDEC028B04B0BDE8704000F01BBEA5
:10F1B000ACF14054A4F17F641C430BD0022404EA58
:10F1C000AC7444EAD27405439FED478B9FED482B06
:10F1D0000DD016E09DED040B51EC100B00F076FF06
:10F1E00041EC100B02B0BDEC028B04B070BD002CE2
:10F1F00014BF012C9DED040BF4D0022C2ED0032C57
:10F200002FD00B439FED3C1B9FED3D0B0AD0B1422D
:10F210001DD1B04209D121F0804120F080400791FA
:10F22000059014E0002ADDDA15E0374B7B44002C12
:10F2300008BF93ED000BD5D0012C04BF93ED000B5C
:10F24000B1EE400BCED0022C08D0032C09D0B04236
:10F250000AD1002AC6DAB0EE410BC3E7B0EE480B84
:10F26000C0E7B0EE420BBDE7401A00153C28C8BF0E
:10F270008DED000B17DCBCF1000FBEBF10F13C0F91
:10F280009FED230B8DED000B0DDB9DED041B9DED24
:10F29000062B81EE020B51EC100B00F06FFF00F01B
:10F2A00015FFCDE90001002C08BF9DED000B99D0A2
:10F2B000012C0CD09DED001B9FED170B022C31EEA5
:10F2C000400B0CBF38EE400B30EE480B8AE701983C
:10F2D00080F0004001909DED000B83E700000000EE
:10F2E0000000F07F00000000182D4454FB2109406D
:10F2F000182D4454FB2109C0182D4454FB21F9BF9B
:10F30000182D4454FB21F93F283A0000000000006A
:10F310000000000000000000075C143326A6A13C9A
:10F3200010B529499FED261B2DED020B84B00598E1
:10F3300020F000408842D8BF9DED040B2DDD23490D
:10F34000884209D1049840B94FF00100F1F723FC3D
:10F3500000F04EFD06B010BD05DB9DED040B30EE58
:10F36000000B06B010BD68469DED040B00F0B4FA2A
:10F3700010F0030004BF9DED021B9DED000B0CD0AF
:10F3800001280ED09DED021B9DED000B022810D030
:10F39000012000F0D1FC06B010BD00F025FC06B045
:10F3A00010BD9DED021B9DED000B012000F0C4FC83
:10F3B00001E000F019FC06B0B1EE400B10BD0000FA
:10F3C0000000000000000000FB21E93F0000F07F8A
:10F3D00010EE101A08B5434A6846B2EB410F26D921
:10F3E0004FF0E640B0EB410F94BF00204FF0FF30EC
:10F3F00000900098DFED3C0A002860DB10F0010F60
:10F4000046D060EE000ADFED391A9FED391A10F090
:10F41000020F00EEE11ADFED371A40EE811A21EEFD
:10F42000A01AF0EE400A40EE010A2ED041E0324B25
:10F4300021F0004293423FD911F0004FDFED2F0A37
:10F4400020EE201ADFED2E0A19BF31EE601A71EEA0
:10F45000200A31EE201A71EE600ABDEEE01A11EEBC
:10F46000100A9FED281A00F0030000EEC10A9FED7C
:10F47000261A009000EEC10A9FED241A00EEC10A80
:10F480009FED231A00EEC10AB3E7F1EE600A10E027
:10F4900020EE000A9FED1F1ADFED1F1A10F0020F79
:10F4A00040EE011A9FED1D1A00EE211A40EE010AEE
:10F4B000EBD1B0EE600A08BD00F0CAFC99E710EE8F
:10F4C000100A4000B0F17F4FF3D307D14FF0010095
:10F4D000F1F761FBBDE8084000F0B2BCBDE80840B0
:10F4E00000F0AABCB61F927E0000803F336D4C39FD
:10F4F000DA82083CA0AA2ABE490E494683F9223F77
:10F500000000004B0000C93F00A0FD390020A233DD
:10F510001A61342CB93AB2BACA9F2A3DDDFFFFBE48
:10F5200010B5794A2DED020B2DED088B82B00B99A9
:10F53000C80F21F00041914242D3744A8A4219D83F
:10F540000A9AC1F31301114309D09DED0A0B02B0D1
:10F55000BDEC088B02B0BDE8104000F041BC0028B3
:10F5600014BF9FED6B0B9DED0A0B02B0BDEC088B39
:10F5700002B010BD9DED0A0B9FED671BB4EEC10BF1
:10F58000F1EE10FA0ADD0220F1F705FB02B0BDEC46
:10F59000088B02B0BDE8104000F036BC9FED601B48
:10F5A000B4EEC10BF1EE10FA0AD20220F1F7F3FA31
:10F5B00002B0BDEC088B02B0BDE8104000F030BCDA
:10F5C000594A9FED5B9B8A4239D25B4A914213D2E2
:10F5D0005A49794401EBC0019DED0A1B91ED000BE6
:10F5E000574931EE408B794401EBC00191ED00ABFE
:10F5F000C0F101010C1A1DE05249794401EBC00031
:10F600009DED0A1B90ED000B9FED4F2B9DED0A8B9E
:10F6100001EE020BBDEEC00B10EE104A00EE104AD8
:10F62000B8EEC00B9FED4A1B00EE418B9FED4A1BCD
:10F6300020EE01AB38EE4A0B8DED0A0B15E0484881
:10F6400088420FD99DED0A0B9FED471B30EE010B51
:10F65000B4EEC90BF1EE10FAC4BF9DED0A0B30EE0B
:10F66000090B82DC9DED0A0B00244148052120EEA8
:10F6700000BBB0EE4B0B784400F026FB9DED0A1B5F
:10F680009DED0A2B0BEE401B9FED3B0B22EE012B59
:10F69000BCB130EE411B6FF47F70844282EE010BEF
:10F6A0003AEE400B30EE480B39EE400B10EE900A6C
:10F6B0008DED000B10DB00EB045001909DED000B75
:10F6C00053E731EE401B82EE010B9DED0A1B30EE3D
:10F6D000410B39EE400B48E74FF07A5101EB0451F2
:10F6E000084401909DED001B9FED250B21EE008B42
:10F6F00051EC180BFFF70CFC042808BF00F090FB3E
:10F70000B0EE480B31E70000422E86400000F07F4B
:10F710000000000000000000EF39FAFE422E864093
:10F7200051302DD5104987C0422ED63F0000000031
:10F73000000000000000F03FB2A2F03F7235000070
:10F740006E3500003A350000FE822B654715F73F05
:10F750000000E0FE422EE63F763C7935EF39EA3D87
:10F760000000303E000000009C7500883CE4377EBD
:10F77000EE34000000000000000000000000004027
:10F78000000000000000700110B529499FED261B04
:10F790002DED020B84B0059820F000408842DCBFBC
:10F7A00000209DED040B2EDD2249884209D10498EA
:10F7B00040B94FF00100F1F7EEF900F019FB06B087
:10F7C00010BD05DB9DED040B30EE000B06B010BD47
:10F7D00068469DED040B00F07FF810F003000DD09B
:10F7E000012814D09DED021B9DED000B022816D0C0
:10F7F00000F0FAF906B0B1EE400B10BD9DED021B12
:10F800009DED000B012000F097FA06B010BD9DEDB4
:10F81000021B9DED000B00F0E7F906B010BD0120C2
:10F8200000F08AFAE6E70000000000000000000097
:10F83000FB21E93F0000F07F00B52DED028BB1EE1A
:10F84000C08B83B018EE100A18EE901A8DED008B65
:10F85000002818BF0120084320F00040C0F17F605D
:10F8600000F1E040C00F14D010EE101A10EE900A14
:10F870008DED000B002918BF0121084320F0004046
:10F88000C0F17F6000F1E040C00F04BF0120F1F73C
:10F8900082F9B0EE480B03B0BDEC028B00BD10B591
:10F8A0002DED028BB1EEC08A18EE100A20F0004058
:10F8B000C0F1FF40C00F0AD010EE100A20F0004047
:10F8C000C0F1FF40C00F04BF0120F1F764F9B0EEB2
:10F8D000480ABDEC028B10BD2DE9F14F04462DED19
:10F8E000020B2DED048B94B09FED9D0B80ED020B70
:10F8F000199E9D4826F0004585420ADC9DED180BB7
:10F90000002084ED000B14B0BDEC048B03B0BDE807
:10F91000F08F96489FED969B9FED978BA84225DD33
:10F9200097489FED991B9FED9A2B9DED180B002E8C
:10F930000DDD30EE490B854212BF30EE480B30EE44
:10F94000410B30EE420B84ED000B0120DBE730EE83
:10F95000090B854212BF30EE080B30EE010B30EE82
:10F96000020B84ED000B4FF0FF30CCE78A48A84231
:10F9700053DB9DED180B51EC100B00F0FFFB41EC3D
:10F98000100BB0EE401B9FED862B9FED870B290DD2
:10F99000DFF81CC201EE020B0120FDEEC00B10EEE1
:10F9A000903A00EE903AB8EEE02BB0EE410B02EE4A
:10F9B000490B22EE081BFC44032830EE411B84ED6A
:10F9C000001B1DD011EE902A00EB4015113DC2F333
:10F9D0000A528A1A954213DA0CEB0012B0EE403B41
:10F9E00092ED000B401C20EE021B33EE410B33EE78
:10F9F000403B33EE411B92ED023B12EE031BDBE773
:10FA0000002EA8BF1846BFF67EAF94ED000B5842FB
:10FA1000B1EE400B84ED000B75E7C6F3130040F424
:10FA2000801EC6F30A50A0F2F530471100F01F0502
:10FA3000C5F12000DDF860B0139000200890099017
:10FA400005200DF1080C5B49002D07EB00027944FD
:10FA500008BF51F8221009D051F8223001EB820181
:10FA6000AB404A68139922FA01F11943A1FB0E2613
:10FA7000A1FB0B131A449A4234BF0123002303EB6A
:10FA800006080CEB8003D3E901A60E448E4234BF76
:10FA90000121002192448A4411B1924502D903E028
:10FAA000924501D2012100E00021C3E901A64144B1
:10FAB0004CF82010011EA0F10100C4DC04989DED5B
:10FAC000050A00F10050810F04989FED3B4B800028
:10FAD00001EE100ADDED060A9DED072AB8EEC13BE6
:10FAE000B8EE401BB8EE600BB8EE422B002021EEC2
:10FAF000041B9FED334B20EE040B9FED334B22EEA6
:10FB0000042B30EE024B34EE014B34EE034B8DED03
:10FB1000004B00909DED004B199834EE433B10F0E4
:10FB2000004F33EE411B31EE400B32EE401B9DED9A
:10FB3000000B9FED272B20EE020B9FED272B01EEF4
:10FB4000020B9DED001B9FED262B01EE020B1CBF4F
:10FB50004942B1EE400B84ED000B0846D3E60000AD
:10FB60000000000000000000FB21E93F7CD90240BA
:10FB700000004054FB21F93F3163621A61B4D03D6B
:10FB8000FB21F93F000000000000601A61B4D03D85
:10FB90007370032E8A19A33BFB213941000000003A
:10FBA00083C8C96D305FE43F000000000000E03F03
:10FBB000A63200003E320000000000000000103EAF
:10FBC000000000000000103C000000000000103A9F
:10FBD0003326A611460B113C182D4454FB21F93D48
:10FBE00000000054FB21F93D10B52DED040B2DED67
:10FBF000068B82B0B0EE41AB09989FED299B20F0B7
:10FC00000044B4F1795F0FDA9DED080BBDEEC00B37
:10FC100010EE100A002801BFB0EE490B02B0BDEC97
:10FC2000068B04B008BF10BD9DED080B1E480621D1
:10FC300020EE008BB0EE480B784400F045F820EE43
:10FC4000080B9DED081B1C48844228EE000B01EEBA
:10FC50004A0B9FED171B28EE011BBCBF31EE400B7A
:10FC600039EE400B16DB1548A042BCBF9FED142BAC
:10FC70008DED002B06DBA4F5001001900020009014
:10FC80009DED002B31EE421B39EE422B31EE400B45
:10FC900032EE400B02B0BDEC068B04B010BD00008C
:10FCA000000000000000F03FEC2F0000000000000A
:10FCB000000000000000E03F3333D33F0000E93F85
:10FCC000000000000000D23F491E00EBC102B0EE70
:10FCD000401B92ED000B31F006020DD0491E00EBE7
:10FCE000C102B0EE403B92ED002B31F00602B0EEC7
:10FCF000420B03EE010BF1D1022914D004290AD0E2
:10FD0000062918BF704790ED0A2B00EE012B90EDED
:10FD1000080B02EE010B90ED062B00EE012B90ED8F
:10FD2000040B02EE010B90ED022B00EE012B90ED87
:10FD3000000B02EE010B704731B504462DED040BAC
:10FD40002DED068BB0EE419B07989DED060B20F044
:10FD50000040B0F1795F0DDA51EC100BFFF7D8F8E5
:10FD6000042808BF00F05CF89DED060BBDEC068B87
:10FD700005B030BD20EE008B1348052128EE00AB06
:10FD8000B0EE480B7844FFF79FFF9FED111B8CB13D
:10FD90009FED112B29EE022B0AEE402B9DED060B59
:10FDA00018EE029B0AEE419B30EE490BBDEC068B30
:10FDB00005B030BD08EE001B9DED060B0AEE010BF1
:10FDC000BDEC068B05B030BDC02F00000000000068
:10FDD000495555555555C5BF000000000000E03F8E
:10FDE00030EE000B704730EE010B70470000000052
:10FDF0009FED031B81EE010B704700000000000027
:10FE000000000000000000009FED030B20EE000B3F
:10FE100070470000000000000000000000000070BB
:10FE20009FED030B20EE000B704700000000000068
:10FE3000000000000000001030EE000A70470000D3
:10FE4000DFED020A80EEA00A70470000000000000B
:10FE50002DE9F0014FF07F42B2EB410F9FBF4FF011
:10FE6000FF310160BDE8F00170474FF0004242EA07
:10FE70000123C1F3C752783A551112F01F0C434CBD
:10FE8000CCF120067C44C1F3C752A2F178024FEABC
:10FE9000621204EB820254F8254008BFD2E90156F1
:10FEA00012D0556804FA0CF425FA06F73C4397681B
:10FEB00005FA0CF527FA06F8D26807FA0CFCF240AE
:10FEC00045EA08054CEA0206A4FB034CA5FB0352D5
:10FED000A6FB03631D449D4234BF0126002613196F
:10FEE000334416B1934202D903E0934201D2012276
:10FEF00000E00022624402F1200C9206DC0C42EA8F
:10FF0000443200EE102A5B03DFED210AF8EEC01A3E
:10FF100000EE103A4FEA9C1C11F0004FB8EE400A78
:10FF2000C0F800C020EE201A00EE105ADFED190ACA
:10FF3000B8EE400A20EE200A71EE810A70EE800AC7
:10FF400010EE902A02F500626FF30B0200EE902A89
:10FF500070EEE11A31EEC11ADFED101A30EE411ADF
:10FF60009FED0D0A20EE800A01EE210A9FED0C1A8A
:10FF700000EE810A04BFBDE8F0017047CCF180516A
:10FF80000160BDE8F001B1EE400A7047A02E00000C
:10FF9000000000360000802C22AAFD29DB0FC92FAB
:10FFA0000000C92F10B5094932220948FEF752FC5A
:10FFB0000748322207497830FEF74CFC04484622B5
:10FFC000BDE810400449F030FEF744BCF40A0024B8
:10FFD00074D10024940B0024340C002410B5024882
:10FFE000FEF786FD10BD00001088002410B5024801
:10FFF000FCF78EFF10BD0000C088002438B5144AFD
:020000040801F1
:1000000000241449502314480094FBF7DAF91248ED
:100010004023124A12491C300094FBF7D2F90E48D3
:100020002623104A104938300094FBF7CAF90A48D1
:10003000FF230E4A0E4954300094FBF7C2F90648DC
:1000400010230C4A0C4970300094FBF7BAF938BD04
:10005000E4130024EC0F0024DCD20024D414002488
:100060008010002414110024300E002404120024F7
:10007000C40E0024F4120024580F0024704700001E
:1000800010B50548FBF73AF9A0F20440034ABDE871
:1000900010400349F0F7E0BB0464002400000008AE
:1000A00015DA000870470000074800F11C01FF2224
:1000B0000A700D23CB7720310A7002234B70091D83
:1000C0000A700820487070476065002410B541EC44
:1000D000100BFEF745FF51EC100B10BD10B5044698
:1000E00094ED000A60EE000A94ED010A40EE000A69
:1000F000B7EEE00AFFF7A0FBB7EEC00BD4ED020AA3
:1001000094ED051A70EEC10A94ED061A00F072F92A
:10011000DFED140A20EE200ADFED130A80EE201A2C
:1001200084ED071A94ED000AD4ED030A30EE600A5C
:10013000D4ED040AB7EEC01A94ED010A30EE600A5D
:10014000B7EEC00AFFF70CF89FED081B20EE010B7D
:100150009FED081B80EE012BB7EEC20B84ED080A61
:1001600010BD000000003443DB0F494000000000D8
:100170000080664000000060FB21094082B0CDE9AC
:10018000000121F0004001909DED000B02B051EC08
:10019000100B7047F3F7B0FDF7F760FDF7F789FB39
:1001A000F7F710F9F6F714FFF7F7E6FAF7F748FA5A
:1001B000F7F770F9F6F77AFFF6F7C0FFF7F708F8E8
:1001C000F7F79CF9F7F770FAF7F7A2FAF7F708FBD9
:1001D000F7F7E0F9F7F762FBF7F71AFD40F2262090
:1001E000F1F75CFA00F078F8F7F73CF800F088F8DF
:1001F000FEE7000010B52DED088BB0EE609AB0EE72
:10020000418AF6EE009A2A4CD4ED000A94ED011AC8
:1002100060EEA90A60EE810A94ED021A60EE810A8E
:1002200094ED031A80EE81AA2AEE000AB7EEC00A06
:10023000FFF776F9B7EE002B30EE42BBB7EEC80AF7
:10024000B0EE408BFFF76CF82AEE091AB7EEC11A30
:1002500020EE010B8BEE001BB7EEC10B84ED040A00
:10026000B5EEC00AF1EE10FA06D29FED120A84ED47
:10027000040ABDEC088B10BDB0EE480BFFF784FA02
:10028000B7EEC91A94ED042A20EE011B9FED0A0A6D
:1002900022EE000A20EE020AB7EEC22A20EE290A58
:1002A000B7EEC00A11EE020BB7EEC00BE1E700009B
:1002B000B80A002400000000B5A61C4110B5EFF3F9
:1002C0000581002902D06FF0050403E0002408B185
:1002D00000F0F8FE204610BDEFF30580002802D0A4
:1002E0006FF0050070470548016811B14FF0FF300D
:1002F000704701210160002070470000BC0000240D
:1003000010B5EFF30580002802D06FF0050010BD96
:1003100007480168012902D04FF0FF3010BD054A9F
:10032000002111700221016000F03AFF002010BD91
:10033000BC0000241FED00E02DE9FF470B464FF005
:100340000008CDF80C80EFF3058199BB90B38026AF
:1003500018240025691E72B3176807B13D469769D6
:1003600007B13C46671E382F02D21779FF0703D02A
:10037000002004B0BDE8F087576907B1BE08D2F885
:1003800008C0BCF1000F0CD0D2F80C90B9F15C0F92
:1003900007D3D2F81090B9F1000F02D00FB10121AC
:1003A0000BE0BCF1000F08D1D76837B9176927B93E
:1003B000002102E01BE0FFE70021012901D059B133
:1003C00015E09168126902912946CDE90042324652
:1003D00001F0C2FA03900AE003A9B2B2CDE90041EC
:1003E000294601F087FA012801D0CDF80C80039846
:1003F000BFE7000010B52DED088BB0EE40AAF0EE7F
:10040000608AF0EE41AA0024B0EE688AB7EECA9A7C
:10041000B7EEC80AB0EE491BFEF7A2FEB7EEC0BBAE
:10042000F0EE6A0AB0EE4A0AB0EE4B1AFFF7E2FEAF
:10043000B5EEC00AF1EE10FA02D19FED0DBA11E04F
:1004400038EEC00ADFED0B0A20EE200A38EE008AF3
:10045000B0EEC00A10EE100A0749884202DB641CA5
:10046000142CD5DBB0EE4B0ABDEC088B10BD0000A0
:10047000000000009A99993EACC527372DE9F0415C
:1004800004460F46134EF5683068001D00F0DCFC92
:10049000601C07D137B13168BDE8F0410E48091D35
:1004A00000F02ABD2C4430684460AC4206D231686A
:1004B000B06B091DBDE8F04100F006BD3168706BFE
:1004C000091D00F001FDB06A844200D2B462BDE8AB
:1004D000F08100006C000024001B002470B504466D
:1004E00000F016FD1C4DA868401CA860286810B1DB
:1004F000686938B10CE02C60A868012808D100F0C8
:1005000099F905E02868E16AC06A884200D82C6041
:10051000686A401C68626064E06A2969884200D9A0
:10052000286100EB80000D4901EB8000211D00F0E7
:10053000E3FC00F00DFD686900280CD02868E16A32
:10054000C06A884207D206494FF080500860BFF366
:100550004F8FBFF36F8F70BD6C00002450160024C6
:1005600004ED00E038B500F0D3FC104C2068C8B9A9
:100570000F4800F09BFC0E48143000F097FC0C482C
:10058000E060143020610A4B002010210090F03B05
:100590000A2003F1500200F043FF206010B105A1D2
:1005A00000F05AFDBDE8384000F0D2BCA80000249D
:1005B000041C0024546D72510000000070B50C4DF5
:1005C0000C4E11E000F0A4FCF068C468201D00F09F
:1005D0003BFCA868401EA8606868401E686000F088
:1005E000B7FC204600F053F868680028EAD170BDD7
:1005F0006C000024EC1A00240B4630B4026C002A74
:100600000CD0C1681144C1608468A14201D3016863
:10061000C160C168184630BCF0F780B930BC704783
:100620002DE9F041044617460026A56B226C002AEE
:1006300010D0C7B1E068F0F771F9E168206C091AD1
:10064000E1602268914202D2A168081AE060022F9C
:1006500016D017E02068A8B9A06801F025FA064670
:100660000020A0600EE06068F0F758F9216C606827
:1006700008446060A168884204D32068606001E09B
:1006800005B16D1E6D1CA5633046BDE8F08110B547
:10069000044694F8590000280BD0012811D00228F4
:1006A00014D0502080F31188BFF34F8FBFF36F8FAA
:1006B000FEE7206B00F062FC2046BDE8104000F031
:1006C0005DBC2046BDE8104000F058BC10BD0000E5
:1006D0000749CA681168002904D00021016019B1D6
:1006E000002070470121F9E7D068006870470000DA
:1006F000A80000244FF470510F48420706D0C01DD7
:1007000020F007000C49411AC1F570510B4A1060E6
:10071000002353600144083921F00701183A1160A1
:100720004B600B600B1A4360016040689060506042
:100730004FF0004050617047E4220024D8000024AC
:10074000074E4FF08054074DFFF738FF30680128FF
:10075000FAD92C60BFF34F8FBFF36F8FF4E700001F
:100760005016002404ED00E070B51D46049C0029DD
:1007700009D02260E06321640121204600F086FE5A
:1007800084F84C5070BD2460F4E72DE9F05F824698
:100790000E4617469B46DDE90A590C9CB900A52276
:1007A000206BF0F732F9206B7F1E00EB870020F002
:1007B0000707780707D0502080F31188BFF34F8FC9
:1007C000BFF36F8FFEE74FF0000866B100202218DC
:1007D000315C82F83410315C11B1401C1028F6D322
:1007E00084F8438001E084F83480382D00D3372525
:1007F000E562E564C4F85080201D00F062FB04F15E
:10080000180000F05EFB2461C5F13800A06164624D
:10081000C4F8548084F858805A465146384600F04F
:10082000A7FA2060B9F1000F01D0C9F80040BDE877
:10083000F09F000070B50024114D04EB840005EB1F
:10084000800000F033FB641C382CF6D30D4800F018
:100850002DFB0C48143000F029FB0A48283000F02A
:1008600025FB08483C3000F021FB0648503000F0E2
:100870001DFB0548034941631431816370BD0000CD
:1008800050160024B01A00246C00002430B513491F
:1008900000E011460A688242FBD34B685C18844230
:1008A00003D140681844486008460D68446823181E
:1008B000AB420DD1094B183B1B689A4206D05268D7
:1008C000224442600A681268026002E0036000E0AD
:1008D0000260814200D0086030BD0000D8000024D2
:1008E00070B500244160006191420C4D0AD8D11AC4
:1008F0008269914201D301240EE0011D286900F0B4
:10090000E3FA09E09A4203D2994201D3012403E0B9
:10091000011DE86800F0D8FA204670BDA800002448
:1009200010B5044600F0F4FAA06B20B1002400F0EA
:100930000FFB204610BD0124F9E710B5044600F076
:10094000E7FAA06BE16B884201D1012400E00024AA
:1009500000F0FEFA204610BDF8B505460E461748D1
:10096000C068C068C468201D00F06EFA94F82800C2
:10097000410718D5A0692B46324641192046FFF79A
:10098000AFFFA0B100202A46034601460090204652
:1009900001F09CF958B9502080F31188BFF34F8FB4
:1009A000BFF36F8FFEE720F0010084F82800216A72
:1009B00001B02046BDE8F04008470000A800002430
:1009C00030B587B03C4D6EE00398002803DADDE9CE
:1009D0000420069990470398002864DB059C606911
:1009E00010B1201D00F030FA02A800F0AFF8024666
:1009F00003980A2857D2DFE800F00505052D334A91
:100A000005052D3394F8280040F0010084F82800F3
:100A10000498A169034601442046FFF761FF68B3CB
:100A2000216A2046884794F8280040073BD50020DB
:100A3000009004980023A16942181946204601F04D
:100A400045F9D8B9502080F31188BFF34F8FBFF319
:100A50006F8FFEE714F8280F20F00100207022E0CD
:100A600094F8280040F0010084F828000498A06160
:100A700028B1811813462046FFF732FF13E05020BB
:100A800080F31188BFF34F8FBFF36F8FFEE794F8A9
:100A90002800810703D4204600F070FA03E020F01C
:100AA000010084F828002868002203A900F046FE0F
:100AB000002889D107B030BDA8000024F8B506464B
:100AC0000D4600F0B5FB684600F040F8044600987B
:100AD00010B101F063F8F8BD45B9A64206D801F09F
:100AE0005DF821463046FFF737FFF8BD0C481DB1D1
:100AF0000169096891B100250068311B2A4600F0A0
:100B0000BDFA01F04BF80028EFD106494FF08050B4
:100B10000860BFF34F8FBFF36F8FF8BD0125EBE780
:100B2000A800002404ED00E00748416B0968002993
:100B300005D0416BC968C9684968816270474FF048
:100B4000FF318162704700006C00002470B50546DB
:100B500000F03EFF0446074EB068844204D200F025
:100B60000BF80120286001E000202860B4602046D6
:100B700070BD0000A8000024F8B51A4E20E0C0683F
:100B80000568C468201D00F05FF9216A2046884787
:100B900094F82800400713D5A0692844A84206D934
:100BA00060602461211DF06800F08EF908E00020EB
:100BB0002A46034601460090204601F087F840B1DE
:100BC000F06801680029DAD1F0683169F1603061BC
:100BD000F8BD502080F31188BFF34F8FBFF36F8FA4
:100BE000FEE70000A800002409484068401C07D028
:100BF000502080F31188BFF34F8FBFF36F8FFEE754
:100C0000502080F31188BFF34F8FBFF36F8FFEE743
:100C1000E000002408B56846FFF75AFD0099FFF789
:100C20004DFFFFF7CDFEF6E72DE9F041044600F059
:100C30006FF994F9455004F1240609E0606A48B15F
:100C4000304600F06FFF08B100F06CFA6D1E6DB217
:100C5000002DF3DC4FF0FF3684F8456000F078F9A2
:100C600000F056F994F9445004F1100709E02069A6
:100C700048B1384600F056FF08B100F053FA6D1E37
:100C80006DB2002DF3DC84F84460BDE8F04100F063
:100C90005FB900002DE9F0410546002600F0C8FAD2
:100CA000324F386808B9FFF725FD786905424DD104
:100CB0008DB1083568070ED005F00700C0F10800B7
:100CC0000544680707D0502080F31188BFF34F8F89
:100CD000BFF36F8FFEE7CDB37868854236D82349DE
:100CE00018310846046801E0214604466068A842BD
:100CF00002D220680028F7D13868844226D00E68D6
:100D00000836206808606068411B10290ED96019F8
:100D1000420707D0502080F31188BFF34F8FBFF3F5
:100D20006F8FFEE741606560FFF7B0FD616878682E
:100D3000401A7860BA68904200D2B860786901437E
:100D4000616000202060F868401CF86000F026FF19
:100D5000700707D0502080F31188BFF34F8FBFF387
:100D60006F8FFEE73046BDE8F0810000C000002430
:100D700024384FF08073036221F00101C1610449FE
:100D8000816142606FF0020140F820197047000055
:100D9000E90B0108F0B5002855D0002953D002789E
:100DA000437842EA0322C2F30A050D804278837831
:100DB000D20842EA4312C2F30A034B808278C47815
:100DC000920942EA8402047942EA8422C2F30A02C6
:100DD0008A8004794679640844EAC614C4F30A0494
:100DE000CC804679C6F301168E724679B609CE726A
:100DF0008679C77946EA07268E81067A477A46EAD7
:100E00000726CE81867AC77A46EA07260E82067BB7
:100E10008E74467BCE74867BC77B46EA07268E821D
:100E2000067C407C46EA0020A5F580650D80A3F590
:100E300080634B80A2F580628A80A4F58064CC80B8
:100E4000A0F580600881F0BD0169D0E901329A60A7
:100E5000D0E901235A604A68824201D182684A601F
:100E6000002202610868401E0860086870470000A0
:100E7000034B036003F15C00086080201060704742
:100E80002C1C0024044B036003F15C0008604FF449
:100E90008070106070470000881E0024502080F38E
:100EA0001188BFF34F8FBFF36F8FFEE700F108018A
:100EB00041604FF0FF328260C1600161002101603A
:100EC000704700210161704730B50C68621C02D088
:100ED00000F1080202E0026904E01A4653681D6846
:100EE000A542FAD953684B6099608A6051600861E5
:100EF0000168491C016030BD42684A6093688B609C
:100F000093685960916008610168491C01607047ED
:100F1000502080F31188BFF34F8FBFF36F8F0A49C2
:100F20004868401C486001280CD10848006810F04F
:100F3000FF0F07D0502080F31188BFF34F8FBFF30E
:100F40006F8FFEE770470000E000002404ED00E032
:100F500009494868002806D0401E4860002801D191
:100F600080F311887047502080F31188BFF34F8FB2
:100F7000BFF36F8FFEE70000E000002470B500288B
:100F80002AD008380446154D60686969084207D1BF
:100F9000502080F31188BFF34F8FBFF36F8FFEE7B0
:100FA00022683AB1502080F31188BFF34F8FBFF30E
:100FB0006F8FFEE78843606000F03AF96068696807
:100FC000084468602046FFF761FC2869401C2861DE
:100FD000BDE8704000F0E2BD70BD0000C00000241C
:100FE0004FF0E0200021016181614FF47A720449E1
:100FF0000968B1FBF2F1491E4161072101617047A7
:101000006400002410B5EFF73BFA114910280ED305
:1010100000F1E02090F8F0030A78904207D25020C7
:1010200080F31188BFF34F8FBFF36F8FFEE709483E
:101030000068896800F4E060884207D9502080F396
:101040001188BFF34F8FBFF36F8FFEE710BD000015
:10105000E00000240CED00E010B50022064B53F830
:1010600032401CB1521C082AF9D310BD43F832108B
:1010700003EBC201486010BD1016002470B5044691
:101080000D461646FFF744FF94F944304FF0000038
:101090005B1C01D184F8440094F94510491C01D12E
:1010A00084F84500FFF754FFA06B28B904F1240031
:1010B0003246294600F056F82046BDE87040FFF75A
:1010C000B3BD0000024610B50020002A12D00F4820
:1010D000006B38B1502080F31188BFF34F8FBFF3FE
:1010E0006F8FFEE700F0A4F800211046FFF7C6F965
:1010F00000F054FD002807D105494FF080500860EA
:10110000BFF34F8FBFF36F8F10BD00006C00002442
:1011100004ED00E002490A6A0260C9684160704754
:101120006C00002401490120C86170476C00002454
:1011300010B50C4600280AD0094909681831FFF794
:10114000C3FE2046BDE810400121FFF797B95020AB
:1011500080F31188BFF34F8FBFF36F8FFEE700005E
:101160006C00002470B50D46144600280DD00B49C4
:1011700009681831FFF7C0FE0CB14FF0FF3521466A
:101180002846BDE87040FFF779B9502080F31188F8
:10119000BFF34F8FBFF36F8FFEE700006C0000249A
:1011A00030B587B000250695059504AA05A906A8BF
:1011B000FFF75EFEDDE90510049A002302901A484D
:1011C000CDE9005116A100F0C7FB184CE06208B150
:1011D000012000E00020012801D100F043FD01289A
:1011E00009D0401C19D1502080F31188BFF34F8FD4
:1011F000BFF36F8FFEE7502080F31188BFF34F8F4E
:10120000BFF36F8F4FF0FF30A06201206061E56097
:1012100007B0BDE8304000F051B807B030BD000065
:1012200049444C4500000000410701086C000024BF
:101230000248016B491C0163704700006C000024E8
:1012400010B51C4C206B002802D00120E06110BDBD
:101250000020E061206821680068096B884204D89A
:10126000216820683431FFF719FE2069124901E036
:10127000C0B1401E00EB800251F82220002AF7D0B6
:1012800000EB800201EB82014A6852684A6001F17A
:1012900008039A4201D152684A604968C9682160CE
:1012A000206110BD502080F31188BFF34F8FBFF332
:1012B0006F8FFEE76C000024501600241CB53748E1
:1012C0000168374A914207D1502080F31188BFF35B
:1012D0004F8FBFF36F8FFEE700683149491E884288
:1012E00007D1502080F31188BFF34F8FBFF36F8F6A
:1012F000FEE72C4908780190FF20087008780090DC
:101300009DF800009DF8002000F0F000904207D00A
:10131000502080F31188BFF34F8FBFF36F8FFEE72C
:101320009DF80000204C00F0500020700720A060C5
:1013300006E0A068401EA0609DF8000040000090FC
:101340009DF800000006F4D4A068032807D05020C0
:1013500080F31188BFF34F8FBFF36F8FFEE74FF419
:101360004070A060019808700C482030016841F47A
:1013700070010160016841F070410160FFF730FECB
:1013800000206060EFF744F80848016841F04041F0
:101390000160EFF729F800201CBD000000ED00E01F
:1013A00071C20F4100E400E0E000002434EF00E0EF
:1013B00010B5502080F31188BFF34F8FBFF36F8FAC
:1013C00000F00CFB18B104494FF080500860002079
:1013D00080F3118810BD000004ED00E0F8B505466B
:1013E0000E461746002D13D005FB06F05030FFF7D0
:1013F00051FC044654B122465032002084F8460085
:101400003B46314628460094FFF7AEF92046F8BD2A
:10141000502080F31188BFF34F8FBFF36F8FFEE72B
:1014200038B5049D002804D05BB102B189B1C2B1C6
:1014300020E0502080F31188BFF34F8FBFF36F8FF0
:10144000FEE7502080F31188BFF34F8FBFF36F8FFB
:10145000FEE7502080F31188BFF34F8FBFF36F8FEB
:10146000FEE739B1502080F31188BFF34F8FBFF3EF
:101470006F8FFEE7502400941C46012384F8463009
:101480002B460094FFF770F9204638BD70B504462E
:101490000D46002C25D0FFF73BFDD4E90F20216835
:1014A00002FB0011A1600021A16321686160E06B73
:1014B000216C401E226800FB0121E1604FF0FF30EB
:1014C00084F8440084F8450004F110008DB1FFF762
:1014D000EDFC04F12400FFF7E9FCFFF739FD0120E2
:1014E00070BD502080F31188BFF34F8FBFF36F8F13
:1014F000FEE721690029F0D000F014FB0028ECD0B1
:1015000004494FF080500860BFF34F8FBFF36F8FD7
:10151000E3E7000004ED00E02DE9FF4782B0044658
:101520008A461E460025002C03D0BAF1000F08D0D1
:1015300011E0502080F31188BFF34F8FBFF36F8FFE
:10154000FEE7206C38B1502080F31188BFF34F8F35
:10155000BFF36F8FFEE7022E0AD1E06B012807D0A0
:10156000502080F31188BFF34F8FBFF36F8FFEE7DA
:1015700000F020FA48B9049838B1502080F311885F
:10158000BFF34F8FBFF36F8FFEE7DFF8EC804FF0B4
:1015900080574FF00009FFF7BBFCA06BE16B88425E
:1015A00005D3022E03D0049808B325B327E03246B2
:1015B00051462046FFF734F8616A59B104F124001E
:1015C00000F0B0FA68B1C8F80070BFF34F8FBFF3F6
:1015D0006F8F06E028B1C8F80070BFF34F8FBFF3DC
:1015E0006F8FFFF7B5FC012006B0BDE8F087FFF76D
:1015F000AFFC0020F8E76846FFF78CFD0125FFF7F8
:10160000A7FCFFF715FEFFF783FC94F94400401C8C
:1016100001D184F8449094F94500401C01D184F82C
:101620004590FFF795FC04A9684600F025F930B114
:101630002046FFF7F9FA00F0B1FA0020D4E720467F
:10164000FFF77BF990B1049904F11000FFF770FDEA
:101650002046FFF7E9FA00F0A1FA00289BD1C8F86C
:101660000070BFF34F8FBFF36F8F94E72046FFF7F3
:10167000DBFA00F093FA8EE704ED00E02DE9F04785
:101680000446894690461F46002C03D0B9F1000F4E
:1016900008D011E0502080F31188BFF34F8FBFF3C3
:1016A0006F8FFEE7206C38B1502080F31188BFF3B4
:1016B0004F8FBFF36F8FFEE7022F0AD1E06B012837
:1016C00007D0502080F31188BFF34F8FBFF36F8F87
:1016D000FEE7FFF797FC5020EFF3118680F31188A7
:1016E000BFF34F8FBFF36F8FA06BE16B884206D3C0
:1016F000022F04D0002086F31188BDE8F08794F90A
:101700004550A06B3A4649462046FEF789FF681CC3
:1017100004D06D1C84F845500120ECE7606A002875
:10172000FAD004F1240000F0FDF90028F4D0B8F15B
:10173000000FF1D00120C8F80000EDE72DE9F747D0
:1017400083B004468A460026002C03D0BAF1000F6D
:1017500008D011E0502080F31188BFF34F8FBFF302
:101760006F8FFEE7206C38B1502080F31188BFF3F3
:101770004F8FBFF36F8FFEE700F01CF948B9059853
:1017800038B1502080F31188BFF34F8FBFF36F8FB4
:10179000FEE7DFF8E09000274FF08058FFF7B8FB36
:1017A000A56BC5B151462046FEF726FF6D1EA56309
:1017B000206950B104F1100000F0B4F928B1C9F863
:1017C0000080BFF34F8FBFF36F8FFFF7C1FB012086
:1017D00006B0BDE8F087059808B126B107E0FFF72D
:1017E000B7FB0020F4E701A8FFF794FC0126FFF700
:1017F000AFFBFFF71DFDFFF78BFB94F94400401C86
:1018000001D184F8447094F94500401C01D184F85A
:101810004570FFF79DFB05A901A800F02DF858B110
:101820002046FFF701FA00F0B9F92046FFF778F8F3
:101830000028B3D00020CBE72046FFF771F890B125
:10184000059904F12400FFF773FC2046FFF7ECF93B
:1018500000F0A4F90028A1D1C9F80080BFF34F8F90
:10186000BFF36F8F9AE72046FFF7DEF900F096F995
:1018700094E7000004ED00E02DE9F04105460C4638
:10188000002D11D0C4B1FFF743FB194EF0686B680F
:10189000C11A2268571C17D02F68366AB74215D074
:1018A000834213D801241DE0502080F31188BFF338
:1018B0004F8FBFF36F8FFEE7502080F31188BFF387
:1018C0004F8FBFF36F8FFEE700240BE08A4206D9EB
:1018D000501A20602846FFF71DFC002402E000207B
:1018E00020600124FFF734FB2046BDE8F0810000B2
:1018F0006C0000242DE9FF5F81468A4616469B4610
:10190000DDE90E78B000FFF7C5F9054628000AD0DA
:101910005C20FFF7BFF904460CB1256304E02846BC
:10192000FFF72CFB00E000249CB1002084F8590054
:10193000CDE900785B463246CDE902405146484643
:10194000FEF723FF2046FEF7C9FD012004B0BDE8E5
:10195000F09F4FF0FF30F9E7F0B585B00746DDE9BD
:101960000A600C9C002815D0E4B15C250395206327
:10197000022084F85900002004ADCDE90240CDE9F1
:1019800000653846FEF701FF2046FEF7A7FD0498E4
:1019900005B0F0BD502080F31188BFF34F8FBFF327
:1019A0006F8FFEE7502080F31188BFF34F8FBFF396
:1019B0006F8FFEE705484169002903D0006B18B11D
:1019C0000020704701207047022070476C000024FF
:1019D0000148C068704700006C0000242DE9F04108
:1019E00000262F4F386B002805D0B869401CB8611D
:1019F0003046BDE8F081FD686D1CFD609DB9786BD7
:101A0000006838B1502080F31188BFF34F8FBFF3C7
:101A10006F8FFEE7786BB96B7963B863386A401CE7
:101A20003862FFF781F8B86ADFF8788085420DD315
:101A3000786B006838B1786BC068C46860688542AC
:101A400012D2B86202E04FF0FF30B8623868C06A64
:101A500000EB800058F82000012800D90126F86921
:101A60000028C5D00126C3E7201DFFF7EDF9A06AC5
:101A700018B104F11800FFF7E7F9E06A3969884204
:101A800000D9386100EB8000211D08EB8000FFF7D2
:101A900033FAE06A3968C96A8842C9D30126C7E7C0
:101AA0006C0000245016002470B504460020002C61
:101AB0002BD01A4D29688C4207D0502080F3118812
:101AC000BFF34F8FBFF36F8FFEE7216DF1B1491E5A
:101AD0002165E36CE26A9A4217D0002915D1201DD6
:101AE000FFF7B2F9E06CE062C0F13800A061E06A93
:101AF0002969884200D9286100EB8000084901EB80
:101B00008000211DFFF7F8F9012070BD502080F3FF
:101B10001188BFF34F8FBFF36F8FFEE76C00002477
:101B20005016002470B5C068C468002C14D004F1AD
:101B300018000646FFF788F9154D2A6BA2B1154823
:101B40003146FFF7D9F9E06A2968C96A88421CD989
:101B500001200121E96170BD502080F31188BFF39D
:101B60004F8FBFF36F8FFEE7201DFFF76DF9E06A1F
:101B70002969884200D9286100EB8000064901EB01
:101B80008000211DFFF7B8F9DDE7002070BD0000DF
:101B90006C000024D81A0024501600242DE9F041CE
:101BA000002400272B4D286B002807D0FFF7B0F941
:101BB000286B401E2863286B40B146E0502080F31C
:101BC0001188BFF34F8FBFF36F8FFEE7A868E0B3B4
:101BD000DFF8848001261CE0D8F80C00C46804F10A
:101BE0001800FFF731F9201DFFF72EF9E06A296987
:101BF000884200D9286100EB8000184901EB800081
:101C0000211DFFF779F9E06A2968C96A884200D383
:101C1000EE61D8F800000028DED10CB1FEF784FF99
:101C2000AC6944B1FFF7DAFE00B1EE61641E002C2E
:101C3000F8D10020A861E86938B1012708493807C0
:101C40000860BFF34F8FBFF36F8FFFF781F93846FE
:101C5000BDE8F0816C000024D81A0024501600243E
:101C600004ED00E030B587B00024FEF77BFC134D97
:101C70002868B0B100200690059004AA05A906A81E
:101C8000FFF700F9DDE905100222029000230E485B
:101C9000CDE90021049A0AA1FFF75EFE686000B159
:101CA000012414B107B0204630BD502080F31188C4
:101CB000BFF34F8FBFF36F8FFEE70000A800002433
:101CC000546D722053766300150C01082DE9FF4115
:101CD00006469C460A9F0020002E15D0154D2C6804
:101CE000002C0ED000910192029606291BDAFFF714
:101CF00061FE022810D0002328681A466946FFF7C3
:101D00000BFC04B0BDE8F081502080F31188BFF3D4
:101D10004F8FBFF36F8FFEE7286800233A4669466E
:101D2000FFF7FAFBEDE70023624669462046FFF71E
:101D3000A5FCE6E7A80000241CB59FED120B8DED75
:101D4000000BDDE90001002801D0012000E00020A7
:101D5000014321F000400D49081AC00F50B98DED24
:101D6000000B01984900B1EB400F01D1009818B168
:101D7000002018B1002002E00120FAE7012080F0E5
:101D800001001CBD00000000000000000000F07F0A
:101D90004FF00000E1EE100A70470000802D0108AE
:101DA0000000000000000000000000000000000033
:101DB0000002000018000000000000000000000009
:101DC000B82D010800000000000000000000000025
:101DD00000000000000200000A00000000000000F7
:101DE00000000000702D010800000000000000004D
:101DF0000000000000000000000400000D000000D2
:101E000000000000000000009C2D01080000000000
:101E100000000000000000000000000000040000BE
:101E20000E00000000000000000000008C2D0108E2
:101E300000000000000000000000000000000000A2
:101E4000000400000C000000000000000000000082
:101E5000A82D0108000000000000000000000000A4
:101E600000000000000800000D000000000000005D
:101E700000000000E42D0108000000000000000048
:101E80000000000000000000000200000F00000041
:101E90000000000000000000F42D01080000000018
:101EA0000000000000000000000000000002000030
:101EB0000F0000000000000000000000342E0108A8
:101EC0000000000000000000000000000000000012
:101ED000000200000F0000000000000000000000F1
:101EE000142E0108000000000000000000000000A7
:101EF00000000000000200000F00000000000000D1
:101F000000000000042E0108000000000000000096
:101F10000000000000000000000200000F000000B0
:101F20000000000000000000C82D010800000000B3
:101F3000000000000000000000000000000400009D
:101F40000D0000000000000000000000D82D010876
:101F50000000000000000000000000000000000081
:101F6000000800000B00000000000000000000005E
:101F7000242E010800000000000000000000000006
:101F800000000000000200000F0000000000000040
:101F900000000000000610160006101600010203E3
:101FA00004050607080C101418203040000000003B
:101FB0000000000000000000000000000000000021
:101FC0000100000002000000030000000400000007
:101FD00000000000050000000000000000000000FC
:101FE00000000000060000000000000000000000EB
:101FF00000000000070000000100020004000600CD
:1020000008000A000C0010002000400080000001C1
:102010000101010307010000080402040801010195
:10202000000000000102030401020304060708097E
:10203000005EBCE2613FDD83C29C7E20A3FD1F41A8
:102040009DC3217FFCA2401E5F01E3BD3E6082DC98
:10205000237D9FC1421CFEA0E1BF5D0380DE3C6288
:10206000BEE0025CDF81633D7C22C09E1D43A1FF78
:102070004618FAA427799BC584DA3866E5BB590768
:10208000DB856739BAE406581947A5FB7826C49A58
:10209000653BD987045AB8E6A7F91B45C6987A2448
:1020A000F8A6441A99C7257B3A6486D85B05E7B938
:1020B0008CD2306EEDB3510F4E10F2AC2F7193CD28
:1020C000114FADF3702ECC92D38D6F31B2EC0E5018
:1020D000AFF1134DCE90722C6D33D18F0C52B0EE08
:1020E000326C8ED0530DEFB1F0AE4C1291CF2D73F8
:1020F000CA947628ABF517490856B4EA6937D58BE8
:102100005709EBB536688AD495CB2977F4AA4816D7
:10211000E9B7550B88D6346A2B7597C94A14F6A8C7
:10212000742AC896154BA9F7B6E80A54D7896B35B7
:102130000000891112239B322446AD573665BF74C7
:10214000488CC19D5AAFD3BE6CCAE5DB7EE9F7F877
:102150008110080193331A22A5562C47B7753E64A7
:10216000C99C408DDBBF52AEEDDA64CBFFF976E857
:1021700002218B30100299132667AF763444BD5587
:102180004AADC3BC588ED19F6EEBE7FA7CC8F5D937
:1021900083310A2091121803A7772E66B5543C4567
:1021A000CBBD42ACD99E508FEFFB66EAFDD874C917
:1021B00004428D5316619F702004A9153227BB3647
:1021C0004CCEC5DF5EEDD7FC6888E1997AABF3BAF7
:1021D00085520C4397711E60A1142805B3373A2627
:1021E000CDDE44CFDFFD56ECE9986089FBBB72AAD7
:1021F00006638F7214409D512225AB343006B91707
:102200004EEFC7FE5CCCD5DD6AA9E3B8788AF19BB6
:1022100087730E6295501C41A3352A24B1163807E6
:10222000CFFF46EEDDDC54CDEBB962A8F99A708B96
:10223000088481951AA793B62CC2A5D33EE1B7F0C6
:102240004008C919522BDB3A644EED5F766DFF7C76
:10225000899400859BB712A6ADD224C3BFF136E0A6
:10226000C1184809D33B5A2AE55E6C4FF77D7E6C56
:102270000AA583B4188691972EE3A7F23CC0B5D186
:102280004229CB38500AD91B666FEF7E744CFD5D36
:102290008BB502A499961087AFF326E2BDD034C166
:1022A000C3394A28D11A580BE77F6E6EF55C7C4D16
:1022B0000CC685D71EE597F42880A1913AA3B3B246
:1022C000444ACD5B5669DF78600CE91D722FFB3EF6
:1022D0008DD604C79FF516E4A9902081BBB332A226
:1022E000C55A4C4BD7795E68E11C680DF33F7A2ED6
:1022F0000EE787F61CC495D52AA1A3B03882B19306
:10230000466BCF7A5448DD59622DEB3C700EF91FB5
:102310008FF706E69DD414C5ABB122A0B9923083E5
:10232000C77B4E6AD5585C49E33D6A2CF11E780F95
:1023300000000000920E493CB10AC93C2BC3163D77
:102340002EFB483D752B7B3D04A9963D80B6AF3DE5
:1023500036BDC83D2FBCE13D73B2FA3D87CF093E83
:102360008340163EB5AB223EA2102F3ECF6E3B3EC1
:10237000C2C5473E0115543E135C603E7F9A6C3ED9
:10238000CCCF783EC07D823E938E883E229A8E3E90
:1023900032A0943E86A09A3EE59AA03E128FA63EB9
:1023A000D47CAC3EEF63B23E2A44B83E491DBE3EEB
:1023B00015EFC33E53B9C93ECA7BCF3E4136D53E29
:1023C00080E8DA3E4F92E03E7533E63EBBCBEB3E13
:1023D000EA5AF13ECBE0F63E275DFC3EE4E7003FE3
:1023E0003D9C033F824B063F9BF5083F6B9A0B3F9A
:1023F000DA390E3FCDD3103F2A68133FD9F6153F87
:10240000C07F183FC6021B3FD17F1D3FCBF61F3F49
:102410009967223F25D2243F5636273F1594293FFE
:102420004AEB2B3FDE3B2E3FBB85303FC9C8323FD6
:10243000F304353F233A373F4268393F3B8F3B3FF8
:10244000F9AE3D3F67C73F3F70D8413F01E2433F90
:1024500003E4453F65DE473F12D1493FF8BB4B3FA0
:10246000029F4D3F207A4F3F3D4D513F4918533F0A
:1024700031DB543FE595563F5348583F6AF2593F88
:102480001A945B3F532D5D3F05BE5E3F2146603F82
:1024900097C5613F5A3C633F59AA643F880F663F26
:1024A000D86B673F3CBF683FA7096A3F0C4B6B3F47
:1024B0005E836C3F93B26D3F9ED86E3F73F56F3F66
:1024C0000809713F5213723F4714733FDD0B743F8D
:1024D0000BFA743FC6DE753F07BA763FC58B773F70
:1024E000F853783F9812793F9DC7793F02737A3F3E
:1024F000BE147B3FCDAC7B3F283B7C3FC9BF7C3FBC
:10250000AC3A7D3FCCAB7D3F23137E3FB0707E3F26
:102510006DC47E3F580E7F3F6D4E7F3FAB847F3F43
:102520000FB17F3F97D37F3F43EC7F3F11FB7F3F4E
:102530000000803F11FB7F3F43EC7F3F97D37F3FFD
:102540000FB17F3FAB847F3F6D4E7F3F580E7F3F83
:102550006DC47E3FB0707E3F23137E3FCCAB7D3F8A
:10256000AC3A7D3FC9BF7C3F283B7C3FCDAC7B3F35
:10257000BE147B3F02737A3F9DC7793F9812793F23
:10258000F853783FC58B773F07BA763FC6DE753F75
:102590000BFA743FDD0B743F4714733F5213723FC5
:1025A0000809713F73F56F3F9ED86E3F93B26D3F40
:1025B0005E836C3F0C4B6B3FA7096A3F3CBF683F93
:1025C000D86B673F880F663F59AA643F5A3C633F08
:1025D00097C5613F2146603F05BE5E3F532D5D3F7D
:1025E0001A945B3F6AF2593F5348583FE595563F6E
:1025F00031DB543F4918533F3D4D513F207A4F3F07
:10260000029F4D3FF8BB4B3F12D1493F65DE473F2C
:1026100003E4453F01E2433F70D8413F67C73F3F76
:10262000F9AE3D3F3B8F3B3F4268393F233A373F4E
:10263000F304353FC9C8323FBB85303FDE3B2E3FF8
:102640004AEB2B3F1594293F5636273F25D2243F8E
:102650009967223FCBF61F3FD17F1D3FC6021B3F2C
:10266000C07F183FD9F6153F2A68133FCDD3103FDE
:10267000DA390E3F6B9A0B3F9BF5083F824B063FC2
:102680003D9C033FE4E7003F275DFC3ECBE0F63E88
:10269000EA5AF13EBBCBEB3E7533E63E4F92E03E4D
:1026A00080E8DA3E4136D53ECA7BCF3E53B9C93EBB
:1026B00015EFC33E491DBE3E2A44B83EEF63B23E0D
:1026C000D47CAC3E128FA63EE59AA03E86A09A3EF0
:1026D00032A0943E229A8E3E938E883EC07D823EEA
:1026E000CCCF783E7F9A6C3E135C603E0115543E21
:1026F000C2C5473ECF6E3B3EA2102F3EB5AB223E39
:102700008340163E87CF093E73B2FA3D2FBCE13DB0
:1027100036BDC83D80B6AF3D04A9963D752B7B3DC7
:102720002EFB483D2BC3163DB10AC93C920E493CD5
:1027300000000000920E49BCB10AC9BC2BC316BDF3
:102740002EFB48BD752B7BBD04A996BD80B6AFBDE1
:1027500036BDC8BD2FBCE1BD73B2FABD87CF09BE7F
:10276000834016BEB5AB22BEA2102FBECF6E3BBEBD
:10277000C2C547BE011554BE135C60BE7F9A6CBED5
:10278000CCCF78BEC07D82BE938E88BE229A8EBE8C
:1027900032A094BE86A09ABEE59AA0BE128FA6BEB5
:1027A000D47CACBEEF63B2BE2A44B8BE491DBEBEE7
:1027B00015EFC3BE53B9C9BECA7BCFBE4136D5BE25
:1027C00080E8DABE4F92E0BE7533E6BEBBCBEBBE0F
:1027D000EA5AF1BECBE0F6BE275DFCBEE4E700BFDF
:1027E0003D9C03BF824B06BF9BF508BF6B9A0BBF96
:1027F000DA390EBFCDD310BF2A6813BFD9F615BF83
:10280000C07F18BFC6021BBFD17F1DBFCBF61FBF45
:10281000996722BF25D224BF563627BF159429BFFA
:102820004AEB2BBFDE3B2EBFBB8530BFC9C832BFD2
:10283000F30435BF233A37BF426839BF3B8F3BBFF4
:10284000F9AE3DBF67C73FBF70D841BF01E243BF8C
:1028500003E445BF65DE47BF12D149BFF8BB4BBF9C
:10286000029F4DBF207A4FBF3D4D51BF491853BF06
:1028700031DB54BFE59556BF534858BF6AF259BF84
:102880001A945BBF532D5DBF05BE5EBF214660BF7E
:1028900097C561BF5A3C63BF59AA64BF880F66BF22
:1028A000D86B67BF3CBF68BFA7096ABF0C4B6BBF43
:1028B0005E836CBF93B26DBF9ED86EBF73F56FBF62
:1028C000080971BF521372BF471473BFDD0B74BF89
:1028D0000BFA74BFC6DE75BF07BA76BFC58B77BF6C
:1028E000F85378BF981279BF9DC779BF02737ABF3A
:1028F000BE147BBFCDAC7BBF283B7CBFC9BF7CBFB8
:10290000AC3A7DBFCCAB7DBF23137EBFB0707EBF22
:102910006DC47EBF580E7FBF6D4E7FBFAB847FBF3F
:102920000FB17FBF97D37FBF43EC7FBF11FB7FBF4A
:10293000000080BF11FB7FBF43EC7FBF97D37FBFF9
:102940000FB17FBFAB847FBF6D4E7FBF580E7FBF7F
:102950006DC47EBFB0707EBF23137EBFCCAB7DBF86
:10296000AC3A7DBFC9BF7CBF283B7CBFCDAC7BBF31
:10297000BE147BBF02737ABF9DC779BF981279BF1F
:10298000F85378BFC58B77BF07BA76BFC6DE75BF71
:102990000BFA74BFDD0B74BF471473BF521372BFC1
:1029A000080971BF73F56FBF9ED86EBF93B26DBF3C
:1029B0005E836CBF0C4B6BBFA7096ABF3CBF68BF8F
:1029C000D86B67BF880F66BF59AA64BF5A3C63BF04
:1029D00097C561BF214660BF05BE5EBF532D5DBF79
:1029E0001A945BBF6AF259BF534858BFE59556BF6A
:1029F00031DB54BF491853BF3D4D51BF207A4FBF03
:102A0000029F4DBFF8BB4BBF12D149BF65DE47BF28
:102A100003E445BF01E243BF70D841BF67C73FBF72
:102A2000F9AE3DBF3B8F3BBF426839BF233A37BF4A
:102A3000F30435BFC9C832BFBB8530BFDE3B2EBFF4
:102A40004AEB2BBF159429BF563627BF25D224BF8A
:102A5000996722BFCBF61FBFD17F1DBFC6021BBF28
:102A6000C07F18BFD9F615BF2A6813BFCDD310BFDA
:102A7000DA390EBF6B9A0BBF9BF508BF824B06BFBE
:102A80003D9C03BFE4E700BF275DFCBECBE0F6BE84
:102A9000EA5AF1BEBBCBEBBE7533E6BE4F92E0BE49
:102AA00080E8DABE4136D5BECA7BCFBE53B9C9BEB7
:102AB00015EFC3BE491DBEBE2A44B8BEEF63B2BE09
:102AC000D47CACBE128FA6BEE59AA0BE86A09ABEEC
:102AD00032A094BE229A8EBE938E88BEC07D82BEE6
:102AE000CCCF78BE7F9A6CBE135C60BE011554BE1D
:102AF000C2C547BECF6E3BBEA2102FBEB5AB22BE35
:102B0000834016BE87CF09BE73B2FABD2FBCE1BDAC
:102B100036BDC8BD80B6AFBD04A996BD752B7BBDC3
:102B20002EFB48BD2BC316BDB10AC9BC920E49BCD1
:102B30000000008000000000000000000000E03FF6
:102B4000000000000000E0BF0000E0FE422EE63F73
:102B50000000E0FE422EE6BF763C7935EF39EA3DD3
:102B6000763C7935EF39EABD3E5555555555C53F4B
:102B700093BDBE166CC166BF2CDE25AF6A56113FF1
:102B8000F16BD2C541BDBBBED0A4BE726937663EF3
:102B90004FBB610567ACDD3F182D4454FB21E93F75
:102BA0009BF681D20B73EF3F182D4454FB21F93F64
:102BB000E2652F227F2B7A3C075C143326A6813CEA
:102BC000BDCBF07A8807703C075C143326A6913C95
:102BD000C4EB98999999C9BF711623FEC671BCBF01
:102BE0006D9A74AFF2B0B3BF9AFDDE522DDEADBF69
:102BF0002F6C6A2C44B4A2BF0D5555555555D53F81
:102C0000FF8300922449C23F6E204CC5CD45B73F9B
:102C1000513DD0A0660DB13FEB0D76244B7BA93F13
:102C200011DA22E33AAD903F4C5555555555A53F25
:102C30007751C1166CC156BF9015CB19A001FA3E51
:102C4000AD529C804F7E92BEC4B1B4BD9EEE213E7B
:102C5000D43888BEE9FAA8BD0000000000000000DA
:102C600000004054FB21F93F3163621A61B4D03D4A
:102C70000000601A61B4D03D7370032E8A19A33B23
:102C80000000002E8A19A33BC14920259A837B3975
:102C900000000000000000006E83F9A22915444ED8
:102CA000D15727FCC0DD34F5999562DB4190433C58
:102CB000AB6351FE61C5BBDE3A6E24B7E0D24D4234
:102CC000EA2E49061C92D1091CEB1DFE3EA729B134
:102CD000F53582E88444BB2E26709CE9417E5FB4C2
:102CE00039D69139F43953838B5F849C3B28F9BDE5
:102CF000FF97F81F0F9805DE8B112FEF1F6D0A5AF3
:102D0000CF7E366DB709CB27663F464F2DEA5F9ED3
:102D1000C7BA27757BF1E5EBF739073DEA92528A8E
:102D2000B15FFB6B085D8D1F000000006E83F9A290
:102D30002915444ED15727FCC0DD34F5999562DB47
:102D40004190433CAB6351FEA6F810111111813F35
:102D5000D561C119A0012ABF7DFEB157E31DC73E51
:102D6000EB9C2B8AE6E55ABE7CD5CF5A3AD9E53D95
:102D700047696D62616C5F7461736B323536000058
:102D800064656661756C745461736B00436F727235
:102D90006573706F6E645F7461736B004775617209
:102DA000645F7461736B00004D6573736167655F89
:102DB0007461736B0000000052544F537379737445
:102DC000656D5F7461736B00436861737369735FF2
:102DD0007461736B000000005549447261775F7441
:102DE00061736B0043414E315F52785F7461736B66
:102DF0000000000043414E325F52785F7461736B94
:102E00000000000043414E335F52785F7461736B82
:102E100000000000445231365F52785F7461736B7A
:102E200000000000526566657265655F52785F74E8
:102E300061736B0053657269616C5F52785F746196
:102E4000736B0000842E010800000024F40A0000C7
:102E50000803000850300108F40A00247CE0000058
:102E60006403000841D2FFFF19D2FFFF3DD2FFFFEC
:102E70000DD2FFFF69D1FFFF75D1FFFF29D1FFFF01
:102E80007DD1FFFF0158320182103C90D003040134
:102E9000771AAA010143AE3F9A99193FE0114B01FD
:102EA000010811033A2F442B0207051113080412DD
:102EB00085A36603B2230C2C544F50490A151649BA
:102EC0000B274341493A01490B14C602490F2956C1
:102ED000495349444E490A157649080B1A464F4C46
:102EE0004C4F575F594157493A05491305029C70A9
:102EF0000352DB52149911091FDB394911130602E1
:102F00000A11FC4999A301203B01064E130204B4A7
:102F1000ED03D5A9DB0924493A07791308040D14F8
:102F2000AE05AB01490D2052464944DB499219DBFD
:102F300012EA9A2ADB0A380F9212850B1430029299
:102F40000D20465249434939971401021912F39E44
:102F5000030301020396012D3B02059219DB9CF04D
:102F60000552454A141E0929DB292C19DB120A12C5
:102F7000643AB238494301FF01A062072204B30357
:102F8000D3B2230E254C4556454C49130202A58465
:102F9000038403B2140A29509219490A17E8490216
:102FA000255919D421140806012009C2031B0288DF
:102FB000018801122F02338579497ABE4912E31A3A
:102FC000390601302933130205120312F3073D12AB
:102FD00003EB01F4021204120223C1031AC1960981
:102FE0003C491302020F3EF7021B028C04491304F2
:102FF0000228082903EE015704EEEB0939491301B1
:103000000208083D5A03C1012604C14913060208FB
:10301000083D780399010D0499491149490D3F78FC
:10302000031B0249298E0B3D0D04490139A3FFFF03
:103030001201031001013011D7A3F03ECDCC9C3F0B
:103040002EF1B93AA245363DFA3F2501170000009E
:04000005080002CD20
:00000001FF
