:020000040800F2
:10000000C0BE0024390400084D70000805680008CF
:10001000F96F000871140008ED8700080000000067
:10002000000000000000000000000000790300084C
:10003000F119000800000000D503000855730008FE
:100040005304000853040008530400085304000834
:100050005304000853040008530400085304000824
:100060005304000853040008530400082115000835
:100070002D15000839150008451500085115000810
:100080005D1500086915000853040008F9190008F7
:10009000051A00085304000853040008530400081C
:1000A00053040008C57400085304000853040008F2
:1000B00053040008530400085304000853040008C4
:1000C00053040008530400085304000853040008B4
:1000D000530400089D870008C587000853040008E2
:1000E00053040008530400080000000053040008F3
:1000F0005304000853040008530400085304000884
:100100005304000853040008530400085304000873
:10011000557A0008617A0008530400085304000867
:100120005304000853040008530400085304000853
:100130005304000853040008530400085304000843
:1001400000000000000000000000000000000000AF
:100150005304000853040008530400085304000823
:100160005304000853040008530400085304000813
:100170005304000853040008530400080000000062
:1001800053040008530400085304000853040008F3
:1001900053040008530400085304000853040008E3
:1001A0005304000853040008530400080000000032
:1001B00053040008530400085304000853040008C3
:1001C0005304000853040008000000000000000071
:1001D00000000000000000005304000800000000C0
:1001E000000000000000000000000000000000000F
:1001F0000000000000000000530400085304000841
:1002000053040008530400080000000053040008D1
:100210005304000853040008530400085304000862
:100220005304000800000000530400080000000010
:1002300053040008530400080000000053040008A1
:100240005304000853040008530400085304000832
:100250005304000853040008530400085304000822
:100260005304000853040008530400085304000812
:100270005304000853040008530400080000000061
:1002800053040008530400085304000853040008F2
:1002900000000000530400085304000800000000A0
:1002A0000000000053040008530400085304000831
:1002B000530400085304000853040008111A0008EE
:1002C00053040008530400085304000800F002F827
:1002D00000F042F80AA090E8000C82448344AAF19E
:1002E0000107DA4501D100F037F8AFF2090EBAE89C
:1002F0000F0013F0010F18BFFB1A43F0010318475A
:10030000ECCC00000CCD0000103A24BF78C878C1B6
:10031000FAD8520724BF30C830C144BF04680C600B
:10032000704700000023002400250026103A28BF53
:1003300078C1FBD8520728BF30C148BF0B60704757
:100340001FB50CF081FB9DE8030000F001FF00F0F9
:10035000D1FE1FBD10B510BD00F084FF1146FFF7A0
:10036000EFFF0AF0B3FE00F0A2FF03B4FFF7F2FFC5
:1003700003BC00F0E1FF00002C4B19680868B0E8EE
:10038000F04F80F30988BFF36F8F4FF0000080F3C8
:10039000118870470000000008480068006880F37A
:1003A00008884FF0000080F3148862B661B6BFF38E
:1003B0004F8FBFF36F8F00DF00BF00BF08ED00E07D
:1003C000DFF80C00016841F470010160704700BF64
:1003D00088ED00E0EFF30980BFF36F8F134B1A68CD
:1003E0001EF0100F08BF20ED108A20E9F04F1060BA
:1003F00009B44FF0500080F31188BFF34F8FBFF363
:100400006F8F0BF0A1FD4FF0000080F3118809BC45
:1004100019680868B0E8F04F1EF0100F08BFB0EC84
:10042000108A80F30988BFF36F8F7047540000244F
:10043000EFF30580704700000948804709480047EE
:10044000FEE7FEE7FEE7FEE7FEE7FEE7FEE7FEE784
:10045000FEE7FEE704480549054A064B70470000E1
:1004600005740008CD020008C0AA0024C0BE002404
:10047000C0BA0024C0BA002470B405880E8844684D
:10048000D1F804C05368B54208D1408849888842F1
:1004900001BF11888D425188884203D070BC6FF033
:1004A0000200704705FB00F1880827D094ED001A80
:1004B000DCED000A94ED010ADCED011A31EE201AA0
:1004C000D4ED020A70EE211A9CED020A83ED001AA7
:1004D000C3ED011A94ED031ADCED031A30EE800A25
:1004E000401E71EE210A83ED020A04F11004C3EDEF
:1004F000030A03F110030CF1100CD7D111F0030023
:1005000030D0B0F1004F30D200282BDD211F1B1F4F
:10051000ACF1040210F0010F0AD091ED010AD2ED06
:10052000010A091D121D30EE200A83ED010A1B1D70
:10053000400817D091ED010AD2ED010A401E30EEBD
:10054000200A83ED010A91ED020AD2ED020A01F1BF
:10055000080102F1080230EE200A83ED020A03F1DD
:100560000803E7D170BC00207047B4EC010A401EBC
:10057000FCEC010A30EE200AA3EC010AF5D1F1E708
:1005800001804280436070472DE9F34F84B00498A6
:1005900040680090486801900498B0F800E04588F1
:1005A000DFEDFE0A00200290B0EE600AAE4506D1F3
:1005B00008884988884204BF7146864504D06FF098
:1005C000020006B0BDE8F08F01985FEA010C18BF89
:1005D000B7EE001A3DD000BFBEEB0C0117D0B1F151
:1005E000004F80F01F82002911DD021F11F0010F62
:1005F0001CBFC2ED010A121D4B1006D0C2ED010A4C
:10060000C2ED020A08325B1EF8D100EB8100BCF19A
:100610000102A0EC011A19D0B2F1004F80F008825B
:10062000002A13DD031F12F0010F1CBFC3ED010AE6
:100630001B1D511008D000BFC3ED010AC3ED020A13
:10064000491E03F10803F7D100EB8200BCF1010C55
:10065000C2D14FF000080395002D14BFB0EE602A00
:10066000002000F0BF8100BF009908FB05F001EBFE
:10067000800B0199DBED002A01EB80000346F0EED0
:10068000421AC64552D9AEEB0802ABEB850112F017
:10069000010F17D001EB850191ED000AB5EEC00AFC
:1006A000F1EE10FA07DDB4EEE10AF1EE10FA09DD21
:1006B000F0EE401A06E0B1EE400AF4EEC01AF1EE98
:1006C00010FAF5D3521031D001EB850C9CED000AE5
:1006D000B5EEC00AF1EE10FA05DDB4EEE10AF1EE76
:1006E00010FA09DD06E0B1EE400AF4EEC01AF1EEB0
:1006F00010FA01D2F0EE401A01EBC50191ED000AAB
:10070000B5EEC00AF1EE10FA05DDB4EEE10AF1EE45
:1007100010FA09DD06E0B1EE400AF4EEC01AF1EE7F
:1007200010FA01D2F0EE401A521ECDD1F5EEC01AE9
:10073000F1EE10FA00F07381F5EEC02A0126F1EE19
:1007400010FA0099D4BFB1EE620AB0EE620AB4EEBC
:10075000610AF1EE10FA1CBFAEEB0802B2F1010C17
:1007600047D005FB08F201EB820292ED001A00BFB0
:10077000B0EE410A05FB06F4B5EEC00A00EB8404B6
:10078000F1EE10FACCBFF0EE400AF1EE400AF4EEC2
:10079000610AF1EE10FA28D1B5EB080C11D0BCF1CA
:1007A000004F7DD2BCF1000F0BDD00BF92ED000ABF
:1007B000D1ED000ABCF1010CE2EC010AA1EC010A46
:1007C000F4D129000ED0B1F1004F6AD2002909DD21
:1007D00094ED000AD0ED000A491EE4EC010AA0ECF9
:1007E000010AF5D1012002900BE0761CBCF1010C4E
:1007F000BED10298012804D0F5EEC02AF1EE10FA1D
:100800007ED09BED000AB5EB08009A465946064695
:1008100022D0B0F1004F74D200281DDD091F10F066
:10082000010F06D0F0EE400A80EEA01A81ED011A09
:10083000091D401010D000BFD1ED010A401E80EE0E
:10084000801A81ED011A91ED021AC1EE000AC1ED84
:10085000020A01F10801EFD1280026D0B0F1004FC3
:100860007ED2002821DDAAF1040110F0010F06D08C
:10087000D1ED010A80EE801A81ED011A091D4010A8
:1008800013D000BFD1ED010A401E80EE801A81ED29
:10089000011AD1ED020A80EE801A81ED021A01E000
:1008A000CBE0D6E001F10801ECD1DDE900124FF018
:1008B00000095FEA0E0773D0C14504BF01EB860152
:1008C00002EB850274D091ED000ADC4650463300FD
:1008D00035D01C46B6F1004F7ED2002C2FDD0B1F09
:1008E000ABF1040C16F0010F0FD0F0EE400ADCED76
:1008F000011AB0EE601A00EEE11A83ED011A01E070
:100900008DE0B1E01B1D0CF1040C741015D000BF7C
:10091000D3ED010A9CED011A40EE410AC3ED010A34
:10092000D3ED020A9CED021A0CF1080C40EE410ACC
:10093000C3ED020A0833641EEAD101EB86012B00E5
:1009400036D0B3F1004F72D2002B31DDA2F1040C8E
:10095000AAF1040013F0010F0CD0DCED010A00E055
:100960008BE090ED011A001D40EE410ACCED010A2A
:100970000CF1040C5C1019D0DCED010A90ED011AA9
:1009800040EE410ACCED010ADCED020A90ED021ABC
:10099000083040EE410ACCED020A03E000000000FE
:1009A0000DE005E0641E0CF1080CE5D102EB8302BA
:1009B00001EB88017F1E09F101097FF47DAF0098EA
:1009C00008F10108001D00900398401E03907FF479
:1009D0004BAE0299012900E058E004BF06B0BDE823
:1009E000F08F00BFB5EEC00AF1EE10FA7FF4E9AD6A
:1009F00004990EFB05F3002B4A684FF000010BD958
:100A000002EB810C9CED000AB5EEC00AF1EE10FA83
:100A100002D1491C8B42F3D88B427FF4D2AD6FF0E8
:100A20000400CEE5E0EC010A491EFBD1EFE538E019
:100A3000E0EC010A521EFBD108E692ED000AD1ED6E
:100A4000000ABCF1010CE2EC010AA1EC010AF4D1AC
:100A5000B7E694ED000AD0ED000A491EE4EC010A65
:100A6000A0EC010AF5D1BDE6D1ED000A401E80EEF2
:100A7000801AA1EC011AF7D1EEE6D3ED000A401E70
:100A800080EE801AA3EC011AF7D10EE7BCEC011A34
:100A9000D1ED000A5B1E40EE410AE1EC010AF5D1FE
:100AA0004DE7B0EC011AD2ED000A5B1E40EE410AA0
:100AB000E2EC010AF5D17BE72DE9F04F82B0466800
:100AC00053680193058847884B8800200090088868
:100AD000874201BFB2F800C06545528893421EBFED
:100AE0006FF0020002B0BDE8F08F9FED412A4FEA9F
:100AF000970EC7F3400B00BFDDE9000202EB800A4E
:100B00004A6898464FF00009B0EE420AB4465FEAE0
:100B10000E0025D092ED001ADCED001A02EB8302E4
:100B2000DCED010A01EE810A92ED001A02EB83026C
:100B3000401ED2ED001A02EB830200EE810A9CED0A
:100B4000021ADCED030A00040CF1100C000C01EE9B
:100B5000210A92ED001A02EB830200EE810AD9D13C
:100B600017F0030026D0ACF10404A2EB830210F0CE
:100B7000010F08D002EB8302D4ED010A92ED001AB6
:100B8000241D00EE810A5FEA0B0013D002EB830CF8
:100B9000D4ED010A9CED001A02EBC302401E00EEE8
:100BA000810AD4ED020A92ED001A04F1080400EE65
:100BB000810AEBD109F10100AAEC010A1FFA80F9C0
:100BC000486800EB8902A8F101001FFA80F8B8F12B
:100BD000000F99D1009806EB8706184480B2009068
:100BE000681E05042D0C87D102B00020BDE8F08FEF
:100BF0000000000070B405880E884468D1F804C075
:100C00005368B54208D140884988884201BF11889D
:100C10008D425188884203D070BC6FF0020070474B
:100C200005FB00F1880827D094ED001ADCED000ADE
:100C300094ED010ADCED011A31EE601AD4ED020ADE
:100C400070EE611A9CED020A83ED001AC3ED011AE1
:100C500094ED031ADCED031A30EEC00A401E71EE6B
:100C6000610A83ED020A04F11004C3ED030A03F1E3
:100C700010030CF1100CD7D111F0030030D0B0F1FB
:100C8000004F30D200282BDD211F1B1FACF10402C6
:100C900010F0010F0AD091ED010AD2ED010A091DF1
:100CA000121D30EE600A83ED010A1B1D400817D0AB
:100CB00091ED010AD2ED010A401E30EE600A83ED8B
:100CC000010A91ED020AD2ED020A01F1080102F1D6
:100CD000080230EE600A83ED020A03F10803E7D14F
:100CE00070BC00207047B4EC010A401EFCEC010A05
:100CF00030EE600AA3EC010AF5D1F1E72DE9F04FDF
:100D000002884768B0F802804888D1F8049082B021
:100D10004FF0000A1646824207BF098888456FF0E7
:100D2000020002B018BFBDE8F08F4FEA980B02EB4B
:100D300042000190C8F34000CDF8000009EB8A01A1
:100D4000BBF1000F33D0019801EB820C01EB800462
:100D50003B46E64601EBC2054FEA0B0093ED000A65
:100D6000401E81ED000A93ED010A01EB02118CEDAA
:100D7000000A93ED020A0CEB021C85ED000A93EDCC
:100D8000030A05EB021584ED000A04EB021403F1DB
:100D90001003E3D10EEB820000EB820000EB820136
:100DA000ABF10100504307EB0B1701EB001118F0FA
:100DB000030C21D03B1FA1EB82011CF0010F06D0D8
:100DC00093ED010A01EB82011B1D81ED000A0098E1
:100DD00080B100BF93ED010A01EB820401EBC20177
:100DE00084ED000A93ED020A401E81ED000A03F132
:100DF0000803EFD107EB8C070AF101001FFA80FA14
:100E0000701E0604360C99D102B00020BDE8F08FA8
:100E100070B5064600F080F9056806F10B0020F079
:100E20000704B4429CBF002070BD2B466A68BAB16B
:100E30001068A04210D304F1080188423CBF5068FA
:100E4000586007D35168101941601168091B01608F
:100E500058601460101D70BD13465268002AE7D117
:100E60002146284600F060F90028DED170BD53EA23
:100E7000020C00F069802DE9F04B4FF00006002BCA
:100E80001FBFB3FA83F503FA05F424FA05F65E40B2
:100E900012BF1643B2FA82F502FA05F4C5F1200535
:100EA0001EBF22FA05FC44EA0C04203556EA044C25
:100EB0004FEA144418BF641C4FF000084FF00009BB
:100EC000904271EB030C39D3002919BFB1FA81F7B5
:100ED00001FA07F6B0FA80F700FA07F6C7F1200723
:100EE0001EBF20FA07FC46EA0C062037B6FBF4FCCE
:100EF000A7EB0507103F07F01F0BCBF120060CFAFC
:100F00000BFB2CFA06F644BFB3460026202FA4BFE5
:100F10005E464FF0000B5BEA060C08BF4FF0010B7A
:100F200019EB0B09ABFB027C48EB0608C01B06FB68
:100F300002CC0BFB03CC71EB0C01C1E70B46024664
:100F400041464846BDE8F08B13B54FF000004FF026
:100F50000001AFF30080BDE81C407047032A40F257
:100F6000308010F0030C00F0158011F8013BBCF14B
:100F7000020F624498BF11F801CB00F8013B38BF63
:100F800011F8013BA2F1040298BF00F801CB38BF71
:100F900000F8013B11F0030300F02580083AC0F08F
:100FA000088051F8043B083A51F804CBA0E8081037
:100FB000F5E7121D5CBF51F8043B40F8043BAFF36A
:100FC0000080D20724BF11F8013B11F801CB48BFC4
:100FD00011F8012B24BF00F8013B00F801CB48BFFA
:100FE00000F8012B704710B5203AC0F00B80B1E833
:100FF0001850203AA0E81850B1E81850A0E818504E
:10100000BFF4F5AF5FEA027C24BFB1E81850A0E856
:10101000185044BF18C918C0BDE810405FEA827C70
:1010200024BF51F8043B40F8043B08BF7047D20787
:1010300028BF31F8023B48BF11F8012B28BF20F828
:10104000023B48BF00F8012B704702F0FF0343EA60
:10105000032242EA024200F002B84FF000020429E3
:10106000C0F0128010F0030C00F01B80CCF1040CD7
:10107000BCF1020F18BF00F8012BA8BF20F8022B0B
:10108000A1EB0C0100F00DB85FEAC17C24BF00F8B1
:10109000012B00F8012B48BF00F8012B70474FF0DF
:1010A000000200B5134694469646203922BFA0E8B8
:1010B0000C50A0E80C50B1F12001BFF4F7AF0907C4
:1010C00028BFA0E80C5048BF0CC05DF804EB8900B5
:1010D00028BF40F8042B08BF704748BF20F8022BF8
:1010E00011F0804F18BF00F8012B70477047704710
:1010F0007047000070B5064C7C44064D7D4403E00B
:10110000206820448047241DAC42F9D170BD000006
:1011100010BF000028BF00000048704764AA0024E8
:10112000704770477047704738B504460A4600203C
:101130006946AFF30080002808BF38BD0246009919
:10114000204600F06BF8012038BD012000F080B887
:10115000F8B5AFF30080054600200C46102000BF14
:101160000646A819A0420DD9324669460020AFF3C1
:101170000080070008BF00F06BF80098A04218BF7D
:101180000546C419FFF7C8FF05600746F01D20F0AB
:1011900007004619284600F00AF8B44208BFF8BD17
:1011A000A21B31463868BDE8F84000F037B800218E
:1011B0000160C0E9011070471020704770B5044607
:1011C000051FFFF7A9FF0068002C14BF446870BD1D
:1011D000002C18BFAC423CBF20466468F8D30168BD
:1011E0000A18AA4218BF456003D12A68054611446F
:1011F000016028684119A1421CBF6C6070BD616824
:10120000696021680844286070BD0000004870478C
:101210005CAA00240048704790AA00240346406856
:101220008C46002818BF88423CBF03464068F8D36C
:1012300018681844884207D00CF1030020F007001A
:10124000001D411A521A0146081D0A60FFF7B6BF79
:1012500010B500F03BF8BDE8104000F031B800F0E8
:101260005DB870477546FFF7D1FFAE460500694689
:10127000534620F00700854618B020B5FFF7EAF87E
:10128000BDE820404FF000064FF000074FF0000887
:101290004FF0000B21F00701AC46ACE8C009ACE808
:1012A000C009ACE8C009ACE8C0098D46704710B56C
:1012B0000446AFF300802046BDE81040FFF755B864
:1012C000002801D000F038B87047000010B50128A0
:1012D00005D0002103A000F040F8012010BD09A1B5
:1012E000F8E7000053494752544D454D3A204F7599
:1012F00074206F662068656170206D656D6F72790E
:10130000000000003A2048656170206D656D6F72C5
:101310007920636F727275707465640010B500F0A7
:1013200038F8016919B100220261884701E080683C
:10133000804700F007F8000001491820ABBEFEE727
:101340002600020010B5002000F054F8FFF702F864
:10135000BDE810400120FFF7EFBF70B505460C4611
:101360000A2000E06D1C00F039F835B1287800281B
:10137000F8D102E0641C00F031F814B120780028A4
:10138000F8D1BDE870400A2000F028B810B5FFF78A
:10139000D9FF70B500F02AF804680546A4B92020EA
:1013A000FFF736FD040011D0094900202C60C4E984
:1013B00000010849A1602073206160610649A061B5
:1013C00009B100F01EF8E061204670BDFFF7BAFFDA
:1013D000000000008D1300080000000008B56946F9
:1013E0008DF800000320ABBE08BD00000048704728
:1013F00098AA002410B500F023F8BDE81040FFF7CC
:101400005FBF10B58820FFF703FD002801D0002141
:10141000017010BD802902D808B1017809B10020FF
:101420007047012100F8081B704718B100F108024D
:10143000914201D0002070470021017070470000E8
:1014400010B5002102A0FFF788FF012010BD0000A9
:10145000534947414252543A2041626E6F726D6166
:101460006C207465726D696E6174696F6E00000046
:10147000FEE70000094C4FF0FF36094D324608499F
:1014800020680AF0D1FF0028F8D00648696808F003
:10149000E9FC0548012107F0A5FCEFE72C0000243A
:1014A000D80000245C5D0024885B0024094C4FF0C8
:1014B000FF36094D3246084920680AF0B5FF00287A
:1014C000F8D00648696808F017FD0548022107F0C2
:1014D00089FCEFE730000024E00000245C5D00247C
:1014E000885B00240B4809F0D5F80B4C0B4D0948DC
:1014F00009F010F9074809F0E3F8064809F07AF80E
:10150000002328681A4621460AF07EFE022009F0D0
:1015100000FEECE734520024806000242800002400
:10152000014800F0E7BE0000AC070024014800F0CD
:10153000E1BE000024080024014800F0DBBE0000EA
:101540009C080024014800F0D5BE0000BC06002421
:10155000014800F0CFBE000034070024014800F02D
:10156000C9BE00007C030024014800F0C3BE000097
:10157000F4030024294A016891423AD0274A1832DC
:10158000914236D0254A3032914232D0234A4832F5
:1015900091422ED0214A603291422AD01F4A78329D
:1015A000914226D01D4A9032914222D01B4AA83245
:1015B00091421ED01A4A91421BD0194A18329142C8
:1015C00017D0174A3032914213D0154A483291420F
:1015D0000FD0134A603291420BD0114A78329142B7
:1015E00007D00F4A9032914203D00D4AA83291425F
:1015F00011D1CAB21823103AB2FBF3F26FF309010A
:10160000032A02F00703074AD25CC26500D9091D0C
:1016100081650846704721F0FF01F9E7100002409C
:101620001004024018CC000830B5224A012301689A
:101630009142CAB21BD01F4C1434A14217D01D4C8A
:101640002834A14213D01B4C3C34A1420FD0194C7A
:101650005034A1420BD0174C6434A14207D0154C32
:101660007834A14203D0134C8C34A1420CD1142104
:10167000114C083AB2FBF1F10F4A803201F01F051C
:1016800004EB8101AB4010E00C4D1824103A0D44DE
:10169000B2FBF4F1A82D00D80831094A01F01F046B
:1016A00002EB8101064AA3408032603080E80E00E0
:1016B00030BD00000854025800580258F0FBFDBF2E
:1016C0000008024010B50279531E072B2DD8174C85
:1016D0000168A1421BD0154C1434A14217D0134C01
:1016E0002834A14213D0114C3C34A1420FD00F4CEE
:1016F0005034A1420BD00D4C6434A14207D00B4CA6
:101700007834A14203D0094C8C34A14203D108495A
:10171000074C443102E00749064C443104EB820295
:10172000C0E91B2101219940416710BD08540258AE
:10173000FC580258FC08024010B583694FF0C07491
:10174000826A0146002053B1B3F5005F15D072B133
:10175000012A0CD0022A0AD0032A09D104E01AB1C6
:10176000012A06D0022A03D1C96AC90100D5012085
:1017700010BDC96AA142FAD010BD002AF7D0012AD3
:10178000F2D0022AF3D0032AF3D010BD2DE9F04F96
:10179000804E804FDFF8FC911836DFF8F8A148370B
:1017A0000468856D0AF1300ADFF8ECB14C45DFF8CA
:1017B000ECC1DFF8ECE16DD0B4426BD0544569D098
:1017C000BC4267D0DFF8D081A8F11808444561D049
:1017D0005C455FD064455DD074455BD0DFF8C48163
:1017E000444557D0DFF8BC8108F11808444551D072
:1017F000DFF8B08108F1300844454BD0DFF8A48110
:1018000008F14808444545D0DFF8988108F16008A0
:1018100044453FD0DFF88C8108F17808444539D041
:10182000DFF8808108F19008444533D0DFF87481F7
:1018300008F1A80844452DD0DFF86C81444529D033
:10184000DFF8648108F11408444523D0DFF858819B
:1018500008F1280844451DD0DFF84C8108F13C0808
:10186000444517D0DFF8408108F15008444511D0B5
:10187000DFF8348108F1640844450BD0DFF8288193
:1018800008F17808444505D0DFF81C8108F18C0880
:10189000444509D1D0E91948C4F80480C46E1CB18C
:1018A000D0E91C48C4F8048004684C452ED0B442EA
:1018B0002CD054452AD0BC4228D0374E183EB442D2
:1018C00024D05C4522D0644520D074451ED0354ECE
:1018D000B4421BD0334E1836B44217D0314E303696
:1018E000B44213D02F4E4836B4420FD02D4E60363E
:1018F000B4420BD02B4E7836B44207D0294E9036E6
:10190000B44203D0274EA836B44215D190F85C609B
:101910003F2406F01F06B440AC600468256825F437
:10192000802525602EE09A600068C160BDE8F08FD8
:1019300099600068C260F9E71B4EB4421BD01A4E92
:101940001436B44217D0184E2836B44213D0164E6F
:101950003C36B4420FD0144E5036B4420BD0124E27
:101960006436B44207D0104E7836B44203D00E4EDF
:101970008C36B442DAD190F85C60012406F01F0680
:10198000B4406C60046863608368402B0368CFD107
:10199000C9E700001000024088000240A000024099
:1019A000B800024010040240085402580C4D4FF099
:1019B000FF370C4E0C4C3A460A4928680AF034FDB1
:1019C0000028F8D070682146401C0AF079F82046BB
:1019D00007F036F80548072107F004FAEBE70000A6
:1019E00038000024F0000024A85F0024885B002455
:1019F000704772B6FEE70000014801F0A1BC00008C
:101A000004010024014801F09BBC0000A401002453
:101A1000014801F095BC000044020024F0B50368C1
:101A20004FF6FC716D4C426BD3F884508D4345EA00
:101A30008205C3F88450036853F8845F068F25F449
:101A40007F0545EA06451D60836B654D9F1802685A
:101A5000D2F888308B4343EA8703C2F888300268A3
:101A600052F8883F868F23F4FE0343EA064313604F
:101A7000066856F8A03FC26B8B4307EB420243EA6D
:101A800082033360076857F8A03FB0F8406023F442
:101A9000FE0343EA06433B60D0E9103603FB06220F
:101AA0000368D3F8B0608E4346EA8206C3F8B0609C
:101AB0000368B0F84860D3F8B07027F4FE0747EA2F
:101AC0000646C3F8B060D0E91267036806FB072238
:101AD000D3F8AC608E4346EA8206C3F8AC60D0E926
:101AE0001467036806FB0722D3F8F0608E4346EACA
:101AF0008206C3F8F0600368B0F85860D3F8F0705D
:101B000027F47C1747EA0646C3F8F0600368876D40
:101B100053F8C06F02EB47028E4346EA8201196018
:101B20000168B0F85C20D1F8C03023F47C1343EA9C
:101B30000242C1F8C020016890F86020D1F8C0309E
:101B400023F07C5343EA0262C1F8C020416B04EBEE
:101B50008101C166826B01EB82020267C36B02EBFB
:101B6000C3024267D0E91034634302EB8302826709
:101B7000D0E91234634302EB8302C267D0E9143424
:101B8000634302EB8302C0F88020836D02EBC30342
:101B9000C0F88430C46D826E544303EB8403C0F8F4
:101BA0008830046E544303EB8402C0F89020AA42AC
:101BB0000AD9D0F89C20032142F02002C0F89C20D2
:101BC00080F898100120F0BD002200E004C1D0F898
:101BD00090308B42FAD80020F0BD000000AC0040ED
:101BE000FCD30040F0B58E680C69D1E9005744EA97
:101BF0000604DFB145F080452C43866ED1E906C569
:101C00004F695E4391F8203045EA0C05D0F884E036
:101C10000020D1F80CC047EA0363114F1D430EEBBF
:101C2000860345EA0C05E3E8024511E044EA8544F1
:101C3000E3E71418155CA67894F803C094F801E063
:101C4000360445EA0C6446EA0E252C43001D10C3F9
:101C5000CC6807EB144424788442EAD8F0BD000035
:101C6000BCCB0008204808B507F064F91E4C1F4E95
:101C70001F4D204F1C4807F0A7FC1B4807F050FDE4
:101C800094F8BC0620B3184807F010FF164807F078
:101C90004FFBB4F96804314600901448B4F96C3233
:101CA000B4F970200C3808F099FFB4F9E035B4F9B4
:101CB00024250E490C39084608F07DFF00233868BA
:101CC0001A4629460AF0A0FA012009F022FAD1E7C3
:101CD0000020009003460246044831460C3808F0C4
:101CE0007DFF00231A46E4E7BC540024146000245E
:101CF00070600024280000244FF4967009F009FA5F
:101D0000024807F083F80220F8E70000885B00240F
:101D10002DE9F84F044601F0C1FF00903CB194F862
:101D20003500022806D0802161650020E4E0012012
:101D3000BDE8F88FC74DC74EC64918352068303604
:101D4000DFF81483DFF814938842DFF814A3DFF878
:101D500014B32ED0A8422CD0B0422AD0404528D06F
:101D6000484526D0504524D0584522D0BD4A183287
:101D700090421ED0BC4A90421BD0BB4A18329042BF
:101D800017D0B94A3032904213D0B74A4832904205
:101D90000FD0B54A603290420BD0B34A78329042AD
:101DA00007D0B14A9032904203D0AF4AA832904255
:101DB00009D1026822F01E0202602068426922F006
:101DC0008002426103E0026822F00E02026027688E
:101DD0008F4238464DD0A8424BD0B04249D0404502
:101DE00047D0484545D0504543D0584541D09D4AFD
:101DF000183290423DD09C4A90423AD09A4A1832CA
:101E0000904236D0984A3032904232D0964A483288
:101E100090422ED0944A603290422AD0924A783230
:101E2000904226D0904A9032904222D08E4AA832D8
:101E300090421ED08D4A90421BD08C4A1432904260
:101E400017D08A4A2832904213D0884A3C329042B6
:101E50000FD0864A503290420BD0844A643290426E
:101E600007D0824A7832904203D0804A8C3297421F
:101E700004D1206E026822F48072026075492068E5
:101E8000884228D0A84226D0B04224D0404522D053
:101E9000484520D050451ED058451CD071491831B6
:101EA000884218D07049884215D06F49183188424D
:101EB00011D06D49303188420DD06B49483188428C
:101EC00009D069496031884205D067497831884234
:101ED00001D065499031016821F0010101600EE0F7
:101EE00001F0DCFE0099401A052808D9202262651D
:101EF0000321002084F8351084F8340017E738688F
:101F0000C007EDD1534A0121206890422ED0A8424B
:101F10002CD0B0422AD0404528D0484526D0504544
:101F200024D0584522D04F4B183398421ED04E4BE8
:101F300098421BD04C4B1833984217D04A4B303341
:101F4000984213D0484B483398420FD0464B6033E9
:101F500098420BD0444B7833984207D0424B903391
:101F6000984203D0404BA833984208D194F85C7053
:101F70003F23A06D07F01F07BB40836007E094F884
:101F80005C30A06D03F01F0301FA03F34360206887
:101F900090424DD0A8424BD0B04249D0404547D0A6
:101FA000484545D0504543D0584541D02D4A183278
:101FB00090423DD02C4A90423AD02B4A183290425F
:101FC00036D0294A3032904232D0274A48329042A5
:101FD0002ED0254A603290422AD0234A783290424D
:101FE00026D0214A9032904222D01F4AA8329042F5
:101FF0001ED01E4A90421BD01C4A1432904217D069
:102000001A4A2832904213D0184A3C3290420FD0DC
:10201000164A503290420BD0144A6432904207D094
:10202000124A7832904203D0104A8C3290420BD13F
:10203000D4E919024260E06E30B1026822F4807285
:102040000260D4E91C024260002084F8351084F854
:1020500034006DE61000024058000240700002405B
:1020600088000240A00002401004024008540258B8
:102070002DE9F05F28B190F83510022904D08021B5
:1020800041650120BDE8F09F904C904B0168183CE1
:1020900018338E4ADFF83C92A1428D4CDFF838E2CB
:1020A0008E4FDFF83CB2DFF83CA28F4D8F4E31D01F
:1020B00091422FD099422DD0A1422BD0494529D011
:1020C000714527D0B94225D0DFF810C20CF1180CA9
:1020D00061451FD0DFF808C2ACF1600C614519D032
:1020E000DFF8FCC1ACF1480C614513D0DFF8F0C15A
:1020F000ACF1300C61450DD0DFF8E4C1ACF1180C47
:10210000614507D0594505D0514503D0A94201D0BA
:10211000B1422CD1DFF8B4C14FF0040880F835800B
:10212000ACF1180C61451DD091421BD0994219D0D9
:10213000A14217D0494515D0714513D0B94211D0ED
:102140006648183081420DD065486038814209D018
:1021500063484838814205D061483038814201D017
:102160005F481838086820F001000860ABE0D1F83B
:1021700000C02CF00E08DFF854C1C1F80080ACF1AB
:10218000180C0168614527D0914225D0994223D08F
:10219000A14221D049451FD071451DD0B9421BD065
:1021A000DFF838C10CF1180C614515D0DFF830C1EB
:1021B000ACF1600C61450FD0DFF824C1ACF1480CE4
:1021C000614509D0DFF818C1ACF1300C614503D08E
:1021D000DFF80CC1ACF1180CD1F800C02CF0010CE8
:1021E000C1F800C0DFF8E4804FF0010C0168A8F1ED
:1021F0001808414546D0914244D0994242D0A1426C
:1022000040D049453ED071453CD0B9423AD0334ADE
:102210001832914236D0324A603A914232D0304A36
:10222000483A91422ED02E4A303A91422AD02C4A36
:10223000183A914226D0594524D0514522D0A9427E
:1022400020D0B1421ED02A4A91421BD0284A1432D3
:10225000914217D0264A2832914213D0244A3C3268
:1022600091420FD0224A503291420BD0204A643220
:10227000914207D01E4A7832914203D01C4A8C32D8
:10228000914218D1016E0A6822F480720A6090F8B7
:102290005C20816D02F01F020CFA02F24A60D0E964
:1022A00019124A60C16E31B10A6822F480720A6064
:1022B000D0E91C124A600022016D80F835C080F818
:1022C000342001B188470020DCE6000028000240ED
:1022D000580002407000024088000240A000024006
:1022E0007004024088040240A0040240B804024086
:1022F000085402582DE9FC5F0446F74E0020DFF831
:10230000D88300904FF41652F44808F11808A56DD0
:10231000DFF8C493DFF8C0A3016809F13009206831
:102320000AF1480AB1FBF2F1B04201912F68D5F8E9
:1023300000C0DFF8ACB335D04146884232D04845C2
:1023400030D050452ED058452CD0E5491831884220
:1023500028D0E3493031884224D0E14948318842CD
:1023600020D0E04988421DD0DE491831884219D07A
:10237000DC493031884215D0DA494831884211D0E1
:10238000DFF860E30EF1600E70450BD0D54A78326D
:10239000904207D0D34B9033984203D0D149A83113
:1023A00088427DD194F85C20082102F01F0201FAD6
:1023B00002F23A424AD0B04232D0404530D048458D
:1023C0002ED050452CD058452AD0C54A18329042BC
:1023D00026D0C34A3032904222D0C14A483290427D
:1023E0001ED0C04A90421BD0BE4A1832904217D02D
:1023F000BC4A3032904213D0BA4A483290420FD091
:10240000B84A603290420BD0B64A7832904207D038
:10241000B44A9032904203D0B24AA832904203D1DB
:10242000026802F0040202E0026802F008026AB1E7
:10243000026822F00402026094F85C0000F01F00C1
:102440008140A960606D40F00100606594F85C0017
:10245000012100F01F008140394240D02068B04285
:1024600034D0404532D0484530D050452ED0584524
:102470002CD09B4A1832904228D0994A3032904250
:1024800024D0974A4832904220D0964A90421DD09C
:10249000944A1832904219D0924A3032904200E069
:1024A000AFE113D08F4A483290420FD08D4A60324C
:1024B00090420BD08B4A7832904207D0894A9032B2
:1024C000904203D0874AA83290427DD1406910F0F3
:1024D000800F04D0A960606D40F00200606594F840
:1024E0005C00042100F01F00814039423ED020688A
:1024F000B04232D0404530D048452ED050452CD047
:1025000058452AD0764A1832904226D0744A303242
:10251000904222D0724A483290421ED0714A904274
:102520001BD0704A1832904217D06E4A3032904217
:1025300013D06C4A483290420FD06A4A60329042BF
:102540000BD0684A7832904207D0664A9032904267
:1025500003D0644AA83290424ED1006810F0020FB6
:1025600004D0A960606D40F00400606594F85C00E0
:10257000102100F01F008140394258D02068B0423D
:1025800034D0404532D0484530D050452ED0584503
:102590002CD0534A1832904228D0514A30329042BF
:1025A00024D04F4A4832904220D04E4A90421DD00B
:1025B0004C4A1832904219D04A4A3032904215D0D3
:1025C000484A4832904200E014E00FD0454A603259
:1025D00090420BD0434A7832904207D0414A903221
:1025E000904203D03F4AA832904207D1006800F0E1
:1025F000080006E0006872E70068B7E7006800F0CE
:102600000400A0B1A96020680168490304D50068EE
:10261000000308D5A16C07E00168C90503D401686F
:1026200021F008010160216C09B12046884794F827
:102630005C00202100F01F008140394279D02068E1
:10264000B04232D0404530D048452ED050452CD0F5
:1026500058452AD0224A1832904226D0204A303299
:10266000904222D01E4A483290421ED01D4A9042CB
:102670001BD01C4A1832904217D01A4A303290426E
:1026800013D0184A483290420FD0164A6032904216
:102690000BD0144A7832904207D0124A90329042BE
:1026A00003D0104AA832904203D1006800F0100015
:1026B00002E0006800F00200B0B3A96094F83500B1
:1026C0000428206801680FD049037ED50068000304
:1026D0002BD4616C2AE00000100002404C00002462
:1026E000700002401004024021F0160101602068D1
:1026F000416921F080014161206C08B9A06C20B1D2
:102700002068016821F00801016094F85C303F21E5
:10271000012003F01F0300229940A96084F83500CE
:1027200084F83420216D65E003E0E16B09B12046B7
:102730008847606D00287DD0606DC00759D0206843
:10274000042184F83510B0422BD0404529D04845AB
:1027500027D0504525D0584523D09D49884220D0C8
:102760009B49183188421CD099493031884218D091
:102770009849884215D097491831884211D0954917
:10278000303188420DD093494831884209D091496F
:102790006031884205D08F497831884201D08D4917
:1027A0009031016821F00101016020680099019ACF
:1027B000491C0091914202D80168C907F6D100680E
:1027C000C00710D003200FE0FFE70168C905ACD4B3
:1027D00003680121002223F01003036084F8351000
:1027E00084F83420A1E7012084F83500002084F823
:1027F0003400E16C00291DD002B02046BDE8F05F36
:102800000847754988421DD073491431884219D050
:1028100071492831884215D06F493C31884211D026
:102820006D49503188420DD06B496431884209D0DE
:10283000694900E084E07831884203D066498C31F0
:1028400088427DD194F85C800427016808F01F0855
:1028500007FA08F717EA0C0F009746D04F0744D540
:1028600000980F04686003D5C8033CD4A16CC1E78D
:10287000880638D42068B0422DD055496039884246
:1028800029D0484527D0504525D0584523D0504918
:10289000884220D04E49183188421CD04C493031F2
:1028A000884218D04B49884215D04A49183188428D
:1028B00011D04849303188420DD0464948318842CC
:1028C00009D0704507D0904205D0984203D04149C5
:1028D000A831884203D1016821F0080102E00168B3
:1028E00021F004010160216C84E7022707FA08F750
:1028F00017EA0C0F00974ED08F074CD500980F04A5
:10290000686003D5C80344D4616C73E7880640D47B
:102910002068B0422FD02E49603988422BD04845DC
:1029200029D0504527D0584525D02949884222D062
:102930002749183188421ED025493031884200E0AD
:1029400044E018D02349884215D0224918318842E2
:1029500011D02049303188420DD01E49483188427B
:1029600009D0704507D0904205D0984203D019494C
:10297000A831884203D1016821F0140102E0016806
:1029800021F00A010160012184F83510002084F84B
:102990003400E16B2EE7082202FA08F212EA0C0F6B
:1029A00014D0090712D5016821F00E01016094F8D6
:1029B0005C100120002201F01F0100FA01F16960A2
:1029C000606584F8350084F8342012E7BDE8FC9F88
:1029D0008800024010040240085402582DE9F05FBC
:1029E000044601F05BF9002C07467DD0E24E02213F
:1029F00020684FF00308DFF884934FF00005DFF8FC
:102A000080A3B042DFF87CB334D0DB4A1832904266
:102A100030D048452ED050452CD058452AD0D94AE0
:102A20001832904226D0D74A3032904222D0D54A2E
:102A3000483290421ED0D44A90421BD0D24A18321B
:102A4000904217D0D04A3032904213D0CE4A48320A
:102A500090420FD0CC4A603290420BD0CA4A7832B2
:102A6000904207D0C84A9032904203D0C64AA8325A
:102A700090427DD184F83510B04284F834502ED085
:102A8000BD49183188422AD0484528D0504526D023
:102A9000584524D0BB491831884220D0B94930313B
:102AA00088421CD0B7494831884218D0B64988427C
:102AB00015D0B5491831884211D0B3493031884218
:102AC0000DD0B1494831884209D0AF4960318842C0
:102AD00005D0AD497831884201D0AB4990310168C9
:102AE00021F00101016008E025E100BF01F0D6F806
:102AF000C01B052801D920211AE120680068C00701
:102B0000F4D1D4E902032168103418438E4694E8C6
:102B10008410D4E9033809683A4310439B4A40EAD9
:102B20000C00676918431140103C40EA0800042F6C
:102B300040EA010003D1D4E90B1211430843616854
:102B4000A1F12902052A0BD9163A032A08D9083A15
:102B5000012A05D9083A032A02D97439032901D870
:102B600040F48010CEF800002068676A406900E0F9
:102B700020E0042F20F0070047EA00070DD1D4E938
:102B80000A01074349B12046FEF7D6FD28B140208F
:102B90006065012184F83510CDE02068476120464A
:102BA000FEF7E8FC94F85C203F2102F01F02914000
:102BB000816055E0764A90421BD0754B14339842A1
:102BC00017D0734B2833984213D0714B3C33984243
:102BD0000FD06F4B503398420BD06D4B64339842FB
:102BE00007D06B4B7833984203D0694B8C339842B3
:102BF0007ED184F8351084F83450664B0168A268A1
:102C000001EA030E402A74D0802A73D05FF00002DC
:102C1000D4E90378D4E9053142EAD70242EAD80878
:102C20005B4AD4E9077C48EAD30848EAD10141EA83
:102C3000D701524241EA1C11142341EA0E010160FE
:102C400020681044B0FBF3F08000E0652046FEF7FA
:102C500091FC94F85C20012102F01F029140416038
:102C60002068B04257D044491831884253D0484573
:102C700051D050454FD058454DD042491831884227
:102C800049D040493031884245D03E494831884298
:102C900041D03D4988423ED03B49183188423AD024
:102CA00039493031884236D037494831884232D0AC
:102CB0003549603188422ED03349783188422AD054
:102CC00031499031884226D02F49A831884222D0FC
:102CD0002F4988421FD02E49143188421BD02C49DD
:102CE0002831884217D02A493C31884213D002E06B
:102CF0001DE017E018E02649503188420BD02449E6
:102D00006431884207D022497831884203D0204973
:102D10008C31884229D12046FEF786FCA0688028A5
:102D20000CD00CE0102273E74FF4804270E7402192
:102D3000616584F835800120BDE8F09F6560216EF3
:102D400020790860D4E9190141606068401E0728B5
:102D500008D82046FEF7B6FCE06E0560D4E91C01F9
:102D6000416002E0E566256765670120656584F8D6
:102D700035000020E0E70000100002404000024063
:102D80005800024070000240100402403F8010FED4
:102D9000085402580F00FEFF2DE9F84F04008C463E
:102DA0004FF00000009014D094F83400012812D0A5
:102DB00094F835500120002184F83400012D0CD006
:102DC000C00260650120009084F834100098BDE8CE
:102DD000F88F0120FBE70220F9E78C4D02262068DE
:102DE00084F83560A8428A4D61658A4E8A4FDFF8C3
:102DF0002C82DFF82C92DFF82CA2DFF82CB226D040
:102E0000A84224D0B04222D0B84220D040451ED0A3
:102E100048451CD050451AD0584518D0834988429F
:102E200015D082491831884211D08049303188420A
:102E30000DD07E494831884209D07C4960318842B2
:102E400005D07A497831884201D0784990310168BB
:102E500021F00101016061462046FEF797FC6B49B5
:102E6000206888422CD0A8422AD0B04228D0B8424C
:102E700026D0404524D0484522D0504520D0584542
:102E80001ED06A4A90421BD0684A1832904217D02E
:102E9000664A3032904213D0644A483290420FD092
:102EA000624A603290420BD0604A7832904207D03A
:102EB0005E4A9032904203D05C4AA83290420CD1D4
:102EC000026822F01E0242F016020260206C88B1F5
:102ED0002068026842F008020BE0026822F00E024D
:102EE00042F00A020260206C20B12068026842F0C1
:102EF00004020260206888424BD0A84249D0B04208
:102F000047D0B84245D0404543D0484541D05045D0
:102F10003FD058453DD0454A90423AD0434A1832B6
:102F2000904236D0414A3032904232D03F4A483205
:102F300090422ED03D4A603290422AD03B4A7832AD
:102F4000904226D0394A9032904222D0374AA83255
:102F500090421ED0364A90421BD0354A14329042DD
:102F600017D0334A2832904213D0314A3C32904233
:102F70000FD02F4A503290420BD02D4A64329042EB
:102F800007D02B4A7832904203D0294A8C329042A3
:102F90000DD1206E0268D20303D5026842F480721C
:102FA0000260E06E18B1026842F48072026020682C
:102FB000884226D0A84224D0B04222D0B84220D0A5
:102FC00040451ED048451CD050451AD0584518D011
:102FD0001649884215D015491831884211D0134935
:102FE000303188420DD011494831884209D00F490B
:102FF0006031884205D00D497831884201D00B49B3
:103000009031016841F001010160DFE610000240EB
:103010002800024040000240580002407000024078
:1030200088000240A0000240B800024010040240A4
:103030000854025810B590F89830012B09D0022B93
:1030400007D0D0F89C1041F00201C0F89C1001207C
:1030500010BD03689C6D0C4203D1DC6D44F001048B
:1030600004E09C6D31EA04041FD00324DC658B0569
:1030700005D50368D3F8E0401443C3F8E0404B059E
:1030800005D50368D3F8E4401443C3F8E44000686E
:10309000084A01EA0203446D074A1C43446510686C
:1030A00040EA91701060002010BDDC6D44F0020415
:1030B000DCE70000FFFFCF3F14A8004070B50446D6
:1030C00090F89800022804D0D4F89C0040F0080042
:1030D0000DE02068D0F8C03013F07C5F0BD0D0F842
:1030E000C4309B020CD5D4F89C0040F40070C4F8A6
:1030F0009C00012070BDD4F89C0040F02000F6E751
:10310000D0F8C400C0F3044520462B46FEF76AFD04
:1031100021680120A840C1F8D000C4F89400002024
:1031200070BD704770B590F89820012A09D0022A26
:1031300007D0D0F89C1041F00201C0F89C1001208B
:1031400070BD0B68CA6883B10B69072A43EA4273F2
:1031500025D00C7A4A6942EA84724968006F00EB14
:10316000C100C0E90032002070BD072A0DD00C7AE2
:10317000D6060D8A4B6943EA847246EA0543C06E5F
:1031800049681A4340F82120EDE70B8A4FF060555B
:10319000D1E9062442EA034245EA0423EFE78A69BB
:1031A000DBE7704770470000F0B590F898400025C5
:1031B000022C04D0D0F89C1041F008012BE04029EB
:1031C0004FF0004605D0412929D0046D8C4219D911
:1031D00042E00468D4F8A07017F4FE0F12D0D4F8BF
:1031E000A4707F0613D0D4F8A470FF0105D5D4F8DD
:1031F000A070B6EBD77F00D10125D4F8A470466F3C
:10320000446C24E0D0F89C1041F0200103E0D0F899
:103210009C1041F48071C0F89C100120F0BD04683E
:10322000D4F8B07017F4FE0FECD0D4F8B4707F0669
:10323000EDD0D4F8B470FF0105D5D4F8B070B6EB7A
:10324000D77F00D10125D4F8B470866FC46CC7F362
:1032500005273D446C4302E0446DC66F4C4306EBCA
:103260008404266816F080465660266836D026F01C
:1032700060461660D4F800C000262F4F0CF0005CAA
:10328000C2F808C0D4F800C00CF0004CC2F810C05E
:10329000B4F804C01FFA8CFCC2F81CC0D4F804C0F7
:1032A0000CF4702CC2F80CC0D4F804C00CF4801CD0
:1032B000C2F814C0D4F804C00CF4001CC2F818C042
:1032C000D4F804C0CCF3066CC2F820C0D4F804C013
:1032D00008344FEADC7CC2F824C008E0C6F38A4612
:1032E000C7E700BF14F806C003F806C0761CD2F882
:1032F0000CC007EB1C4C9CF800C0B445F2D8402928
:103300000AD041290CD020294FF001020CD20068CC
:103310008A40C0F898200DE00068C0F8A85009E085
:103320000068C0F8B85005E0006801F01F018A404D
:10333000C0F89C200020F0BDBCCB00087047000006
:103340002DE9FF5FDFF80CB304460BF10401DBF855
:10335000000025680F68AA468007D5F85090696D6F
:10336000D5F850806E6D2A6DD5F854C02B6D00EAEB
:103370008770009009F470496F6D286D01EA0901AA
:103380000191DAF85410DAF85490DAF8505008F055
:103390000F0806EA0806029602F0F00203F07153E5
:1033A0006FEA09061F4000F060700CEA020CCDF8CD
:1033B0000CC0F20501EA00090CD4E843C00509D4A9
:1033C00000214FF48073CAF85030CBF8001020462B
:1033D000FFF7B4FF700512D4E84340050FD420680E
:1033E00000234FF48068D0F8DC20D0F8E410C0F857
:1033F0005080CBF800301140204600F037FBDFF85A
:1034000058A2009850B12268830F00EA0A001065A4
:10341000CBF8003020460099FFF783FE019850B1A9
:103420002268830F00EA0A001065CBF800302046BE
:10343000019900F01DFB029850B12268830F00EA49
:103440000A001065CBF800302046029900F0CEFA51
:10345000039850B12268830F00EA0A001065CBF888
:1034600000302046039900F0E1FA30050CD4E8431F
:10347000000509D4236800204FF400621A65CBF8D8
:103480000000204600F0F5FAB00512D4E8438005AC
:103490000FD4206800234FF40078D0F8D820D0F85B
:1034A000E010C0F85080CBF800301140204600F00A
:1034B000DEFA30030CD4E843000309D4236800206B
:1034C0004FF400221A65CBF80000204600F08CFA79
:1034D000F0030CD4E843C00309D4236800204FF460
:1034E00080321A65CBF80000204600F0BEFA700367
:1034F0000CD4E843400309D4226800204FF4802311
:103500001365CBF80000204600F0AEFAB0030FD4EC
:10351000E84380030CD4236800204FF400321A657E
:10352000CBF80000D4F89C0040F08000C4F89C0068
:10353000B9F1000F0BD022684FEA997309EA0A002B
:103540001065CBF8003049462046FFF72BFE5FB1EF
:103550002268BB0F07EA0A001065CBF80030D4F8E8
:103560009C003843C4F89C003C492068884268D1DC
:10357000606881468068800763D0D9F82060D9F8F8
:103580002410D9F82080D9F82400D9F820C0D9F81F
:103590002470D9F82030D9F82450D9F8202003F429
:1035A000FC4306F00F0AD9F824601D40D9F824B076
:1035B00008F030080CF4C07C02F4F02211EA0A0191
:1035C00000EA080807EA0C0706EA0206D9F820A074
:1035D00004D0C9F82010204600F043FAB8F10000EA
:1035E00005D0616808624146204600F03CFA6FEA67
:1035F0000B0040060ED46FEA0A0040060AD4606849
:103600004021C36BC26B01622046190C02F03F02DD
:1036100000F028FA2FB1606807623946204600F0B2
:103620001FFA35B160680562D4F89C002843C4F8DD
:103630009C0036B160680662D4F89C003043C4F840
:103640009C00D4F89C00002802D02046FFF7A9FD7A
:10365000BDE8FF9F10A80040FFFFCF3F00A0004043
:103660002DE9F04194B08D494C2204466846FDF79F
:10367000BAFC64B18A4D2068A84202D100F580707E
:10368000606094F898004FF0000820B108E0012035
:1036900014B0BDE8F081204684F8998000F002F96A
:1036A0002068816921F01001816100F0F7FA032799
:1036B000064604E000F0F2FA801B0A2811D82068C0
:1036C00080690007F6D42068816941F001018161B9
:1036D00000F0E4FA06460DE000F0E0FA801B0A284C
:1036E00008D9D4F89C0040F00100C4F89C0084F88C
:1036F0009870CCE720688069C007EDD020688169A8
:1037000041F002018161207C01282068816937D065
:1037100041F040018161607C01282068816932D0DC
:1037200021F480418161A07C0128206881692DD02D
:1037300041F4805181612068A268816921F440715F
:10374000114381612068816921F0A40181612068B1
:10375000016921F010010161E068012819D010B35E
:1037600002281BD02068816941F0800181612068B6
:10377000016941F010010161E06803280ED012E0F8
:1037800021F04001C6E741F48041CBE721F48051AC
:10379000D0E72068816941F0040103E02068816975
:1037A00041F020018161207E6FF0FF02D4E90773B0
:1037B000A68A1102400602EB0727A0F100703843E9
:1037C00027685B1E184301EB06463043F861A0688A
:1037D000B0F5407F11D104F12800A68C6FF00F0CDA
:1037E00089C801EB0641401E02EB03221043226808
:1037F0000CEB071318430843D060206E30B12068EB
:10380000626ED0F8C0101143C0F8C010D4E917128E
:103810006846D14209D02168A36E51F8C82F50F8EC
:10382000233022F007021A430A60216C49B1216853
:10383000626C51F8BC3F50F8226023F0070232431B
:103840000A60A16C51B12168E36C51F8BC2F50F8AB
:10385000233022F0700242EA03120A60216D51B156
:103860002168626D51F8BC3F50F8220023F4E062F9
:1038700042EA002008602068A84204D1606881689C
:1038800021F003018160C4F894800121C4F89C8078
:1038900084F898102046FEF7C1F8F9E6CCCB000872
:1038A00000A000402DE9F04387B00446142168468B
:1038B000FDF7F5FB464B0026444A03252468022702
:1038C000DFF810810C3A18684FF0090C3F49444565
:1038D000DFF8049100F1010022D10128186007D11E
:1038E000086840F480700860086800F480700590F3
:1038F000106840F00800106010686946CDE9005774
:1039000000F00800CDE90265CDE904C0484600F0AA
:10391000B1F800220521132000F05EFA132026E002
:10392000DFF8B880444527D10128186007D108681E
:1039300040F480700860086800F48070059010689A
:1039400040F00200106010686946029600F0020024
:1039500005906020CDE900072148CDE9035C00F027
:1039600089F800220521142000F036FA142000F016
:1039700025FA07B0BDE8F083DFF868C06445F8D1E8
:103980000128186007D1086840F480700860086852
:1039900000F480700590106840F008001060106816
:1039A0000521029600F008000590CDE903514FF47F
:1039B00040506946CDE90007484600F05BF8002218
:1039C00005219F2000F008FA9F20D0E7EC44025820
:1039D0003C00002400A00040000C025800A400405D
:1039E0000004025800D40040704700000B4B0A4608
:1039F0000168994202D1014609480CE0094B9942FD
:103A000003D101460648703005E0074B994204D1C6
:103A100001460348E03007F074B8704700A000404A
:103A20009CA8002400A4004000D40040704790F8F7
:103A30009810012907D0D0F89C1041F00401C0F87B
:103A40009C1001207047022180F898100022016824
:103A50008B6923F001038B61C0F89C2010467047EE
:103A6000704770477047704770477047704770479E
:103A7000704770472DE9F84F03247A4D00234FF02B
:103A800001094FF0B04B4FF00F0AE4E009FA03F6DA
:103A9000324078D00F7907F00307012F01D0022FB1
:103AA0001AD187684FEA430ED1F80CC004FA0EF819
:103AB00027EA08070CFA0EFC4CEA070CC0F808C00D
:103AC000476891F804C0B743CCF3001C0CFA03FC20
:103AD0004CEA070CC0F804C00E79F643B6070BD0C9
:103AE000C6684FEA43088F6804FA08FC26EA0C0609
:103AF00007FA08F73743C7600E7906F00306022E6F
:103B000012D1DE080F694FEA437C00EB8606B64609
:103B1000366A4FEADC6C0AFA0CF807FA0CF726EA68
:103B200008063743CEF820700F7906684FEA43083D
:103B300007F0030704FA08FC07FA08F726EA0C0660
:103B4000374307604E6816F4403F1CD0464E376836
:103B500047F00207376036689F0706F002060096B6
:103B600023F0030606F1B046B6463F0FD6F80864C8
:103B7000DFF8F8800AFA07FC404526EA0C0603D174
:103B80004FF0000C3AE065E0DFF8E4C0604502D198
:103B90004FF0010C32E0DFF8DCC0604502D14FF09D
:103BA000020C2BE0DFF8D0C0604502D14FF0030CCF
:103BB00024E0DFF8C8C0604502D14FF0040C1DE0DE
:103BC000DFF8BCC0604502D14FF0050C16E0DFF80D
:103BD000B4C0604502D14FF0060C0FE0DFF8A8C07A
:103BE000604502D14FF0070C08E0DFF8A0C0604547
:103BF00002D14FF0090C01E04FF00A0C0CFA07FC5F
:103C00004CEA060CCEF808C44F68DBF80060FF02EF
:103C100026EA020600D516435F46CBF80060D1F8CD
:103C200004C0DBF804605FEA8C2C26EA020600D5AB
:103C300016437E606E684F6826EA0206BF0300D511
:103C400016436E602E684F6826EA0206FF0300D511
:103C500016432E605B1C0A6832FA03F67FF416AF37
:103C6000BDE8F88F80000058F44402580000025864
:103C70000004025800080258000C025800100258B4
:103C80000014025800180258001C02580024025860
:103C90000AB1816170470904FBE7000001488068B0
:103CA00070470000400000240248816802781144F7
:103CB0008160704740000024032010B500F0ACF88C
:103CC00001F07CF80F4A104914681368C4F303220A
:103CD00003F00F038A5CC95C02F01F0201F01F01B0
:103CE000D0400A4A20FA01F11160094908600F200A
:103CF00000F010F808B1012010BD00F04DF80020D0
:103D000010BD00001844025848CC000850000024A0
:103D10004C00002410B5102804468AB02AD2002294
:103D20000146192000F058F8192000F047F815480E
:103D300004601548016841F001010160006808A9AC
:103D400000F001000990684600F0C4FF01F024F87B
:103D50000E49400000220E4CB0FBF1F10D4840F23C
:103D6000E7330460C0E90332491EC0E9011201F0E3
:103D7000B3FB10B101200AB010BD064801F02EFCC3
:103D8000F9E7000044000024F044025840420F00CC
:103D90000000014014090024074882B0016841F086
:103DA00002010160006800220F2100F00200009073
:103DB000901E02B000F010B8F4440258002809DB4D
:103DC000410900F01F028900012001F1E02190402B
:103DD000C1F80001704700000E4BF0B41B680D469F
:103DE000C3F30223C3F10706042E00D90426191DCC
:103DF000072901D2002300E0DB1E012404FA06F1AA
:103E00009C40491E2940641E994014402143F0BC47
:103E100007F0D0B80CED00E0064900F0070210B53D
:103E20004FF6FF040868044B204040EA0220184384
:103E3000086010BD0CED00E00000FA05134970B5F4
:103E40000A68D243520705D5096801F0070181428B
:103E500013D118E00A6822F0070202430A60FFF754
:103E60001DFF0A4D4FF47A760446083D07E000BF77
:103E7000FFF714FF001BB04201D9012070BD286874
:103E8000C0438004F4D4002070BD00000C480258E8
:103E900010B500F04DFF05490968054AC1F302114C
:103EA000515C01F01F01C84010BD000020440258C1
:103EB00048CC0008494930B5484C0B1D0A681434F9
:103EC00009681D68246802F00303C5F30012C1F3FA
:103ED0000531C4F3CC04002914FB02F200EE102AD1
:103EE000F8EE400A75D03F4A9FED3D1AB7EE000A42
:103EF0006BB1DFED3D1A012B01D0022B64D002EE35
:103F0000101A1168F8EE422A81EEA22A21E0334C01
:103F1000283C23689B0612D5344B246801EE901A86
:103F20001168C4F3C104F8EE612AE34001EE903A4F
:103F3000C1F30801F8EE611A81EEA22A0BE001EE4E
:103F4000901ADFED2B2A00BFF8EE611A116882EE9D
:103F5000A12AC1F3080101EE901A1168F8EE611A66
:103F600040EE811A71EE800A62EE200AC1F346210A
:103F700001EE101AB8EE411A31EE001AC0EE811AA5
:103F8000BCEEE11A80ED001A1168C1F3064101EEA2
:103F9000101AB8EE411A31EE001AC0EE811ABCEECA
:103FA000E11A80ED011A1168C1F3066101EE101AE1
:103FB000B8EE411A31EE000A80EE801ABCEEC10A5A
:103FC00080ED020A30BD04E001EE901ADFED092A0F
:103FD000BAE70021016041608160F3E7284402589C
:103FE00000000039384402580024744A0090D0037D
:103FF0000024744C20BCBE4B494930B5484C0B1DC5
:104000000A681C3409681D68246802F00303C5F3BC
:104010000022C1F30551C4F3CC04002914FB02F2C1
:1040200000EE102AF8EE400A75D03F4A9FED3D1A87
:10403000B7EE000A6BB1DFED3D1A012B01D0022B68
:1040400064D002EE101A1168F8EE422A81EEA22A1C
:1040500021E0334C283C23689B0612D5344B24685E
:1040600001EE901A1168C4F3C104F8EE612AE3402E
:1040700001EE903AC1F30801F8EE611A81EEA22A2E
:104080000BE001EE901ADFED2B2A00BFF8EE611A6B
:10409000116882EEA12AC1F3080101EE901A11689D
:1040A000F8EE611A40EE811A71EE800A62EE200A83
:1040B000C1F3462101EE101AB8EE411A31EE001A92
:1040C000C0EE811ABCEEE11A80ED001A1168C1F34E
:1040D000064101EE101AB8EE411A31EE001AC0EE98
:1040E000811ABCEEE11A80ED011A1168C1F3066174
:1040F00001EE101AB8EE411A31EE000A80EE801A75
:10410000BCEEC10A80ED020A30BD04E001EE901A57
:10411000DFED092ABAE70021016041608160F3E721
:104120002844025800000039404402580024744AD0
:104130000090D0030024744C20BCBE4B2DE9FE4FF0
:104140000546DFF800A450F8081B0024FD4FC943C2
:10415000019005F1280026460AF1240A0090080182
:104160001DD4686E50B1B0F5801F0CD0B0F5001FA3
:104170000ED0B0F5401F1ED001240FE0386840F487
:104180000030386017E00198022102F083FF03E05D
:104190000098022103F00EF804000CD0264628886F
:1041A000C043C00523D4A86D05281ED2DFE800F067
:1041B0000C11161B1B006A6EDAF8001021F4401176
:1041C0001143CAF80010EAE7386840F4003038605C
:1041D00009E00198002102F05DFF03E00098002152
:1041E00002F0E8FF0446C4B100E001242646288816
:1041F000DFF85083C04308F12C0840052FD4D5F8D0
:10420000A400B0F5C00F28D010DCB8B1B0F5001F85
:1042100019D0B0F5800F0FD11AE0AA6DDAF80010AE
:1042200021F007011143CAF80010E0E7B0F5000FD4
:1042300013D0B0F5200F10D001240FE0386840F4FF
:104240000030386009E00198002102F023FF03E00C
:104250000098002102F0AEFF044694B1264628885B
:10426000C043000530D4D5F8A800B0F1407F29D074
:1042700011DCC0B1B0F1807F1AD0B0F1007F10D155
:104280001BE0D5F8A420D8F8001021F460011143F8
:10429000C8F80010E3E7B0F1806F13D0B0F1A06F61
:1042A00010D001240FE0386840F40030386009E095
:1042B0000198002102F0EEFE03E00098002102F0D8
:1042C00079FF044694B126462868DFF878B2C043E7
:1042D0000BF1200B80011FD4E86CD8B110280FD04F
:1042E000202812D0302815D0012414E0D5F8A820B9
:1042F000D8F8001021F0E0611143C8F80010E3E79E
:10430000386840F40030386004E00198022102F07F
:10431000C1FE044674B126462888C043C0042BD48D
:10432000E86DB0F5005F20D00DDCA0B1B0F5805F86
:104330000FD115E0EA6CDBF8001021F030011143D9
:10434000CBF80010E8E7B0F5405F13D0B0F5804F30
:1043500010D001240FE0386840F40030386009E0E4
:104360000198002102F096FE03E00098002102F07F
:1043700021FF04468CB126462888C043800429D4F6
:10438000286EB0F5403F23D010DC08B3B0F5803F75
:1043900014D0B0F5003F0FD115E0EA6DDAF8001047
:1043A00021F4E0411143CAF80010E5E7B0F5802F91
:1043B0000ED0B0F5A02F0BD001240AE00198012106
:1043C00002F068FE03E00098012102F0F3FE0446CB
:1043D00094B126462888C04340042AD4D5F8AC00BE
:1043E000B0F1405F23D010DC08B3B0F1805F14D08F
:1043F000B0F1005F0FD115E02A6EDAF8001021F459
:10440000E0211143CAF80010E4E7B0F1804F0ED06C
:10441000B0F1A04F0BD001240AE00198012102F075
:1044200039FE03E00098012102F0C4FE044674B195
:1044300026462888C04300041FD4E86ED8B1B0F1E6
:10444000805F0ED0B0F1005F10D0012414E0D5F8E9
:10445000AC20D8F8001021F0E0411143C8F800105A
:10446000E7E7386840F40030386004E00198012143
:1044700002F010FE044674B126462868C043C0010D
:104480001ED4A86CD0B101280ED0022811D0032868
:1044900014D0012413E0EA6EDAF8001021F0405144
:1044A0001143CAF80010E8E7386840F4003038607B
:1044B00004E00198022102F0EDFD04466CB12646AD
:1044C0002868C043400255D41F48016841F48071F8
:1044D0000160FFF7E3FB81460EE0AA6CDBF80010F9
:1044E00021F003011143CBF80010E9E7FFF7D6FBF9
:1044F000A0EB090064283BD813480068C005F5D537
:10450000BCBBDFF84090B5F8B01009F14409D9F808
:10451000000001F4407100F44070884211D0D9F8D5
:104520000010D9F8002021F4407142F48032C9F81B
:104530000020D9F8002022F48032C9F80020C9F800
:10454000001003E02C44025800480258D5F8B0008F
:10455000B0F5807F19D1FFF7A1FB029011E000BFF9
:10456000FFF79CFB0299411A41F28830814208D939
:10457000032426462878DFF81494C043C00721D0CE
:104580003CE0D9F800008007EAD5D5F8B010C1F3B7
:1045900001200328FE480DD0016821F47C51016000
:1045A000B5F8B020D9F80010C2F30B021143C9F8D6
:1045B0000010DFE7F74A036802EA111223F47C5186
:1045C0001143ECE7A86F182816D005DCA0B1082825
:1045D00008D0102804D10AE020280DD028280BD0BC
:1045E00001240AE00198012102F054FD03E0009843
:1045F000012102F0DFFD044664B126462878C0435D
:1046000080071ED4686F062819D2DFE800F0160C68
:1046100011161616AA6FD9F8001021F038011143AF
:10462000C9F80010EAE70198012102F033FD03E028
:104630000098012102F0BEFD04467CB100E0012497
:1046400026462878C04340071FD4D5F89000062896
:1046500019D2DFE800F0160C111616166A6FD9F899
:10466000001021F007011143C9F80010E9E7019893
:10467000012102F00FFD03E00098012102F09AFDF4
:104680000446A4B100E0012426462878C0438006F1
:104690002BD4D5F88C00B0F1405F24D011DC10B3DE
:1046A000B0F1805F15D0B0F1005F10D116E0D5F801
:1046B0009020D8F8001021F007011143C8F800102D
:1046C000E3E7B0F1804F0ED0B0F1A04F0BD0012442
:1046D0000AE00198002102F0DDFC03E000980221CD
:1046E00002F068FD044694B126462878C04340068F
:1046F0002BD4D5F89800B0F5406F24D011DC10B35E
:10470000B0F5806F15D0B0F5006F10D116E0D5F878
:104710008C20D9F8001021F0E0411143C9F80010B5
:10472000E3E7B0F5805F0ED0B0F5A05F0BD00124B9
:104730000AE00198002102F0ADFC03E0009802219C
:1047400002F038FD044694B126462878C04300069E
:104750002BD4D5F89C00B0F5C04F24D011DC10B399
:10476000B0F5005F15D0B0F5804F10D116E0D5F848
:104770009820D8F8001021F4E0511143C8F8001037
:10478000E3E7B0F5004F0ED0B0F5204F0BD0012479
:104790000AE00198002102F07DFC03E0009802216C
:1047A00002F008FD044654B126462878C0430007AD
:1047B0001ED4D5F88000B0F5805F0AD00FE0D5F8A0
:1047C0009C20D8F8001021F460411143C8F8001073
:1047D000EBE70098022102F0EDFC00B10126D5F8CC
:1047E0008020D9F8001021F440511143C9F800107D
:1047F0002878C043C00613D4D5F89400B0F5807F64
:1048000005D10098022102F0D5FC00B10126D5F8AF
:104810009420D8F8001021F440711143C8F800101A
:104820002868C043000316D4D5F8A00038B1B0F50D
:10483000803F09D0B0F5003F0BD001240AE0019879
:10484000002102F027FC03E00098022102F0B2FCF4
:1048500004468CB126462868C043400322D4D5F8CC
:104860008400B0F5801F11D0B0F5001F13D0B0F553
:10487000401F15D0012414E0D5F8A020D8F800106E
:1048800021F440311143C8F80010E4E7386840F4DF
:104890000030386004E00098012102F08BFC0446EF
:1048A0005CB126462868C043C0031CD4286D70B193
:1048B000B0F5803F10D0012414E0D5F88420D9F859
:1048C000001021F440111143C9F80010EAE73868DC
:1048D00040F40030386004E00198022102F0DAFB75
:1048E0000446DCB126462868C043800005D4009801
:1048F000022102F05FFC00B101262868C04380035A
:104900001BD4E86FB8B1B0F5807F10D0B0F5007F50
:1049100011D0B0F5407F0ED001240DE02A6DDBF8F8
:10492000001021F480311143CBF80010DBE7386828
:1049300040F4003038607CB326462868C043C0028B
:1049400007D42A6FDAF8001021F000411143CAF8A9
:1049500000102868C043800207D4AA6EDAF800105D
:1049600021F080711143CAF800102868C04340004C
:1049700009D40748016821F4004101600168D5F8B5
:10498000B420114301602868C04306E05444025833
:1049900010440258CFFFFF001DE007D46A6DDBF81A
:1049A000001021F040511143CBF800102868C0439B
:1049B000000208D4D5F88820D9F8001021F440016D
:1049C0001143C9F8001028790024C04300F0010009
:1049D000204309D00EE0EA6FD9F8001021F44071AD
:1049E0001143C9F80010A8E70198002102F052FB1A
:1049F00000B106462879C04300F00200204305D1EB
:104A00000198012102F046FB00B106462879C04317
:104A100000F00400204305D10198022102F03AFB86
:104A200000B106462879C04300F00800204305D1B4
:104A30000098002102F0BEFB00B106462879C04371
:104A400000F01000204305D10098012102F0B2FBD4
:104A500000B106462879C04300F02000044304D189
:104A60000098022102F0A6FB00B916B10120BDE8B2
:104A7000FE8F0020FBE700002DE9F05F04000F46E9
:104A80007ED0DFF83882D8F8000000F00F00B8427E
:104A90000CD2D8F8001021F00F013943C8F80010EB
:104AA000D8F8000000F00F00B84269D12078844D9A
:104AB00040070AD52069296801F07001884204D9AD
:104AC000296821F070010143296020787C4E361D51
:104AD00000070AD56069316801F07001884204D985
:104AE000316821F07001014331602078C0060AD599
:104AF000A069316801F4E061884204D9316821F489
:104B0000E061014331602078DFF8B4B180060BF139
:104B1000080B0CD5E1695846DBF8002002F0700262
:104B2000914204D9026822F070020A4302602078A0
:104B300080070AD5E068296801F00F01884204D98E
:104B4000296821F00F01014329602078C0073ED079
:104B50005B49A2682868183920F470601043286007
:104B60006068022818D0032819D00968012819D0D4
:104B7000490700294ADADFF848A1AAF1080A00E04B
:104B800044E0DAF8002022F007020243CAF80020CD
:104B9000FFF784F8814612E009688903E9E70968AC
:104BA0008901E6E7C905E4E7FFF778F8A0EB09011A
:104BB00041F28830814202D90320BDE8F09F61684C
:104BC000DAF8000000F03800B0EBC10FECD120782B
:104BD00080070AD5E068296801F00F01884204D2F5
:104BE000296821F00F0101432960D8F800104046E0
:104BF00001F00F01B9420BD9016821F00F013943CF
:104C00000160006800F00F00B84201D00120D4E735
:104C1000207840070AD52069296801F07001884290
:104C200004D2296821F0700101432960207800072F
:104C30000AD56069316801F07001884204D2316898
:104C400021F07001014331602078C0060AD5A069C7
:104C5000316801F4E061884204D2316821F4E061F6
:104C600001433160207880060CD5E1695846DBF8B5
:104C7000002002F07002914204D2026822F0700219
:104C80000A43026000F09AF80E492A682B68C2F3C2
:104C9000032203F00F038A5CC95C02F01F0201F0DB
:104CA0001F01D040084A20FA01F11160074908604D
:104CB00007480068BDE8F05FFFF72CB800200052FD
:104CC0001844025848CC0008500000244C0000242E
:104CD0004400002470B5144C3F220260124A24683C
:104CE0000832131D114D04F00704446016681C1DA2
:104CF00006F470668660166806F00F06C6601268D5
:104D000002F0700202611A6802F0700242611A68D1
:104D100002F4E0628261226802F07002C2612868D7
:104D200000F00F00086070BD1044025800200052CF
:104D300030B500F043F80B4A0B490C4B156814686A
:104D4000C5F3032204F00F048A5C095D02F01F0220
:104D500001F01F01D040064A20FA01F119601060ED
:104D6000084630BD1844025848CC000850000024C2
:104D70004C00002400B5FFF7DBFF05490968054A30
:104D8000C1F30211515C01F01F01C84000BD0000D9
:104D90001C44025848CC000800B5FFF7C9FF05497C
:104DA0000968054AC1F30221515C01F01F01C840A6
:104DB00000BD00001C44025848CC0008454970B5AD
:104DC00045480968434B103B11F0380208D00111E7
:104DD000082A03D0102A0BD0182A0BD0084670BD21
:104DE00019688906FBD51968C1F3C101C84070BDB7
:104DF0003A4870BD3749374D18310C1D24350A68C3
:104E0000096826682D6802F0030406F00102C1F368
:104E10000511C5F3CC0515FB02F200EE102AB8EE21
:104E2000400AE9B32F4ADFED2E0AB7EE001A6CB143
:104E3000DFED2D1A012C01D0022C43D002EE101A06
:104E40001068F8EE422A81EEA22A1EE01C68A40631
:104E500011D51B6801EE901A1168C3F3C103F8EE77
:104E6000612AD84001EE900AC1F30800F8EE611AF9
:104E700081EEA22A0BE001EE901ADFED1C2A00BFA2
:104E8000F8EE611A106882EEA12AC0F3080001EE64
:104E9000900AF8EE611A40EE201A31EE810A00E025
:104EA00015E022EE000A1068C0F34620401C00EE18
:104EB000900AF8EE600A80EE201ABCEEC10A10EEED
:104EC000100A70BD01EE901ADFED092AD8E7002024
:104ED00070BD0000104402580090D00340787D015E
:104EE00000000039304402580024744A0024744CF5
:104EF00020BCBE4B2DE9F05F04007DD0FF4F207831
:104F0000FE4D1837DFF8F483103DC00748D0D8F8BD
:104F10000000396800F03800102815D0182803D197
:104F200001F0030002280FD06068B0F5803F12D076
:104F300010B1B0F5A02F18D0286820F48030286078
:104F4000286820F4802009E02868800328D560685C
:104F50000028D2D024E0286840F4803028606068BF
:104F600088B1FEF79BFE064609E0286840F48020E1
:104F70002860F0E7FEF792FE801B64287ED8286840
:104F80008003F7D50CE0FEF789FE064605E000BF7A
:104F9000FEF784FE801B6428F0D828688003F7D4CD
:104FA0002078800756D5D8F80000DFF8509339688C
:104FB00010F03800A9F10C090ED0182801D188078B
:104FC0000AD0E068A8B3296821F0190101432960DB
:104FD000FEF764FE064628E02868400702D5E06830
:104FE00000288AD0E168286820F01900084328606A
:104FF000FEF754FE064606E0D2E000BFFEF74EFE86
:10500000801B0228BAD828684007F7D5217CD9F838
:10501000002022F0FE4242EA0161C9F8001019E0C6
:10502000FEF73CFE801B0228A8D828684007F7D569
:10503000ECE7FFE7286820F001002860FEF72EFE6D
:10504000064604E0FEF72AFE801B022896D8286850
:105050004007F7D42078C00646D5D8F80000DFF81E
:105060009C92396800F03800A9F10409082812D090
:10507000182805D101F00300012800E0CEE00AD095
:10508000E0690028286820D040F080002860FEF702
:1050900005FE064615E02868C00502D5E0698028AF
:1050A0007ED194F82010D9F8002022F07C5242EAF8
:1050B0000161C9F8001017E0FEF7F0FD801B02281F
:1050C000A0D82868C005F7D5EBE720F0800028605D
:1050D000FEF7E4FD064604E0FEF7E0FD801B022833
:1050E00090D82868C005F7D42078000729D58348D0
:1050F0006169643000298146016811D041F00101E5
:105100000160FEF7CBFD064605E000BFFEF7C6FDD9
:10511000801B022888D8D9F800008007F6D510E057
:1051200021F001010160FEF7B9FD064605E000BF70
:10513000FEF7B4FD801B022870D8D9F80000800764
:10514000F6D42078800623D5A0690028286810D0DE
:1051500040F480502860FEF7A1FD064605E000BF40
:10516000FEF79CFD801B022858D828688004F7D5DC
:105170000EE020F480502860FEF790FD064604E023
:10518000FEF78CFD801B022848D828688004F7D4DD
:105190002078400751D5DFF86891D9F8001000E079
:1051A00015E141F48071C9F80010FEF777FD06465D
:1051B00005E000BFFEF772FD801B64282ED8D9F8E9
:1051C0000000C005F6D54D4EA068603601280AD013
:1051D00008B1052813D0306820F001003060306835
:1051E00020F0040002E0306840F001003060A06868
:1051F00041F2883A98B1FEF751FD81460AE03068E5
:1052000040F004003060EEE7FEF748FDA0EB090136
:10521000514503D830688007F6D50EE072E0FEF7FE
:105220003DFD814606E000BFFEF738FDA0EB090119
:10523000514567D830688007F6D4606A00287CD072
:10524000DFF8B8A0D8F800100AF1200A4FF6F87B72
:105250000AF10408C1F3C2010329AAF104096DD0BF
:105260000228286820F08070286003D0FEF716FD21
:10527000044681E0FEF712FD064604E0FEF70EFD4F
:10528000801B022875D828688001F7D4E26A40F2B2
:10529000F331386854F8283F884340EA0210184335
:1052A0003860217B4FF4FE0C22894FF0FE47208AA4
:1052B0004902267D521E401EA1F5007189B2C2F33B
:1052C00008021143761E0CEA00400143484607EAF3
:1052D00006621143CAF80010D9F8001021F001014C
:1052E000C9F80010D8F80030266A23EA0B0343EA15
:1052F000C601C8F80010D9F8001004E010440258A4
:105300000048025835E0A26921F00C011143C9F8A8
:1053100000100168E26921F0020111430160016897
:1053200041F480310160016841F40031016001689D
:1053300041F480210160016801E06CE020E041F06F
:1053400001010160286840F080702860FEF7A6FC2B
:10535000044604E0FEF7A2FC001B022809D82868D6
:105360008001F7D557E000BFFEF798FC001B02282C
:1053700002D90320BDE8F09F28688001F4D44AE0F8
:1053800039680128DAF8000021D0A26A01F003038D
:1053900093421CD1E26AC1F305118A4217D1216BF5
:1053A000C0F30802491E8A4211D1616BC0F3462244
:1053B000491E91420BD1A16BC0F30642491E914296
:1053C00005D1E16BC0F30660491E814201D0012086
:1053D000D0E7A16C4646D8F80000C0F3CC0081426B
:1053E00019D0D9F800004D4620F00100C9F800009E
:1053F000FEF754FC4FEA0007FEF750FCB842FBD022
:10540000A26C306820EA0B0040EAC20030602868D5
:1054100040F0010028600020ACE7704770477047FB
:10542000F0B590F83C20012A41D0224E012480F8AA
:105430003C40022280F83D2002681F4D5368B24272
:10544000D2F808C001D0AA4203D14F6823F47003F8
:105450003B430F6823F070031F4357600268B2425A
:1054600019D0B2F1804F16D0144B9A4213D0144B7E
:105470009A4210D0134B9A420DD0AA420BD0124B35
:105480009A4208D0114B9A4205D0114B9A4202D051
:10549000104B9A4204D189682CF080031943916023
:1054A000002180F83D4080F83C100846F0BD022005
:1054B000F0BD000000000140000401400004004075
:1054C00000080040000C004000180040004001406F
:1054D00000E0004000E4004010B5040003D094F860
:1054E0003D0010B107E0012010BD002084F83C0011
:1054F000204600F023F8022084F83D002068211D9A
:1055000001F0E6FF012084F8480084F83E0084F8AA
:105510003F0084F8400084F8410084F8420084F899
:10552000430084F8440084F8450084F8460084F879
:10553000470084F83D00002010BD0000F8B5076862
:1055400005464020214C00210201B7F1804F4FF465
:1055500000634FF4005621D0DFF874C067451CD1BA
:10556000276847F00207276024684FF0170C1A4F8E
:1055700004F002040094174C04F1080E8EE84F006A
:10558000E161204621626162C4E9007CFDF726FAF0
:1055900008B1FCF72EFA6C62A563F8BD276847F0E6
:1055A0000107276024684FF0120C0B4F04F0010430
:1055B0000094084C783C04F1080E183F8EE84F0028
:1055C000E161204621626162DEE70000E8440258A2
:1055D00000040040F4030024A000024090F83D10B5
:1055E000012901D0012070471A4A022180F83D109C
:1055F0000168CB6843F00103CB60006890421AD089
:10560000B0F1804F17D01449884214D01349884212
:1056100011D0134988420ED0124988420BD012494A
:10562000884208D01149884205D01149884202D0E9
:105630001049884207D181680F4A1140062906D0D7
:10564000B1F5803F03D0016841F001010160002005
:1056500070470000000001400004004000080040C6
:10566000000C0040000401400018004000400140D0
:1056700000E0004000E400400700010070B504466F
:1056800090F83C000025012814D03A4B012684F8FC
:105690003C60022084F83D0022689068184020F4A5
:1056A0007F409060086870282FD010DC10F00F0F3A
:1056B00003D022E04FF0020070BD4FEA2012072A0B
:1056C0001BD2DFE802F0535353534B394100B0F182
:1056D000101F4BD009DCB0F5805F0FD0B0F5005F34
:1056E0001ED0B0F5801F08D140E0A0F58011203910
:1056F0003CD010293AD0202938D0012584F83D60CB
:10570000002084F83C00284670BD4A682068D1E932
:10571000021301F0CBFF2068816841F0770109E0B6
:105720004A682068D1E9021301F0C0FF206881684F
:1057300041F480418160E1E7CA684968206802F06D
:1057400065F92068502106E0CA684968206802F0BF
:105750006EF92068602101F0B3FFCFE7CA6849689D
:10576000206802F053F920684021F4E722680146DE
:105770001046F0E788FFCEFF7047704770B50446CB
:10578000006800250169C943890715D4C168C94368
:10579000890711D4EA1E02610121217720688069FE
:1057A0008007204602D0FFF7E8FF04E000F0E0F8B1
:1057B000204600F0A2F9257720680169C94349070E
:1057C00017D4C168C943490713D402216FF00402FA
:1057D000026121772068806910F4407F204602D062
:1057E000FFF7CBFF04E000F0C3F8204600F085F996
:1057F000257720680169C943090716D4C168C943E0
:10580000090712D404216FF0080202612177206891
:10581000C0698007204602D0FFF7AFFF04E000F028
:10582000A7F8204600F069F9257720680169C94387
:10583000C90617D4C168C943C90613D408216FF03B
:105840001002026121772068C06910F4407F204671
:1058500002D0FFF792FF04E000F08AF8204600F043
:105860004CF9257720680169C943C90708D1C16887
:10587000C943C90704D1891E0161204600F0E4FA3A
:1058800020680169C943090609D4C168C9430906EA
:1058900005D46FF0800101612046FFF7BFFD20684D
:1058A0000169C943C90509D4C168C943090605D4BA
:1058B0006FF4807101612046FFF7AFFD2068016938
:1058C000C943490609D4C168C943490605D46FF0E4
:1058D00040010161204600F0C1FA20680169C94316
:1058E00089060BD4C168C943890607D46FF020012B
:1058F00001612046BDE87040FFF791BD70BD00001A
:1059000070B586B0044614216846FBF7C8FB2568CD
:1059100002221449012314480324B5F1804F13D007
:10592000124EB5420ED10D6845F001050D600968B3
:1059300001F00101059140218DE81E0004926946A5
:10594000FEF798F806B070BD0D6845F001050D60D2
:10595000096801F00101059120218DE81E000493E2
:10596000EDE70000E0440258000002580004004047
:10597000704770B5044690F83C0000260D4601289B
:105980000BD0012084F83C000C2A4AD007DC82B1FD
:10599000042A20D0082A06D131E0022070BD102A46
:1059A00053D0142A63D00126002084F83C003046EE
:1059B00070BD206801F08EFE2068816941F0080109
:1059C00081612068816921F00401816120682A6970
:1059D0008169114311E0206801F0D0FE20688169DF
:1059E00041F4006181612068816921F480618161F5
:1059F00020682969826942EA01218161D4E720682F
:105A000001F008FF2068C16941F00801C161206808
:105A1000C16921F00401C16120682A69C16911438B
:105A200011E0206801F042FF2068C16941F4006183
:105A3000C1612068C16921F48061C1612068296960
:105A4000C26942EA0121C161AEE7206801F06AFF44
:105A50002068416D41F0080141652068416D21F0E9
:105A60000401416520682A69416D114311E02068F5
:105A700001F092FF2068416D41F4006141652068AA
:105A8000416D21F48061416520682969426D42EAD7
:105A90000121416588E710B5040003D094F83D006A
:105AA00010B107E0012010BD002084F83C00204622
:105AB00000F022F8022084F83D002068211D01F04A
:105AC00007FD012084F8480084F83E0084F83F0078
:105AD00084F8400084F8410084F8420084F84300D0
:105AE00084F8440084F8450084F8460084F84700B0
:105AF00084F83D00002010BD7047704770470000DB
:105B000030B504464FF0020269B1042912D00829C9
:105B100017D00C291CD0102921D094F8430001285B
:105B200024D0012030BD94F83E000128F9D184F83A
:105B30003E201DE094F83F000128F2D184F83F2078
:105B400016E094F840000128EBD184F840200FE0E3
:105B500094F841000128E4D184F8412008E094F849
:105B600042000128DDD184F8422001E084F843207E
:105B70000122206801F018FD1E4920681E4A1F4BB3
:105B8000884209D0904207D0984205D01C4DA842C7
:105B900002D01C4DA84203D1456C45F40045456434
:105BA0002068884218D0B0F1804F15D0164988423D
:105BB00012D0164988420FD0154988420CD0904225
:105BC0000AD01449884207D0984205D01249884229
:105BD00002D01249884207D18168114A1140062932
:105BE00006D0B1F5803F03D0016841F001010160AA
:105BF000002030BD00000140000401400040014091
:105C000000440140004801400004004000080040FA
:105C1000000C00400018004000E0004000E400409C
:105C2000070001002DE9F0410D00174604464FF032
:105C3000000610D0042D15D0082D1AD00C2D1FD021
:105C4000102D24D094F84300022827D094F8430064
:105C5000012826D07DE094F83E0002281ED094F85A
:105C60003E00F5E794F83F00022817D094F83F0073
:105C7000EEE794F84000022810D094F84000E7E7DF
:105C800094F84100022809D094F84100E0E794F824
:105C90004200022802D094F84200D9E70220BDE871
:105CA000F081A7B39BB359494FF00200584ADFF87F
:105CB00064C155B1042D19D0082D29D00C2D38D030
:105CC000102D48D084F8430047E084F83E00606A15
:105CD000C1633946606A0264606AC0F84CC02268D9
:105CE000606A3432FDF758F888B938E084F83F002C
:105CF000A06AC1633946A06A0264A06AC0F84CC0B9
:105D00002268A06A3832FDF747F800B92CE020E09D
:105D100084F84000E06AC1633946E06A0264E06AE0
:105D2000C0F84CC02268E06A3C32FDF735F880B913
:105D30001FE084F84100206BC1633946206B026488
:105D4000206BC0F84CC02268206B4032FDF724F86D
:105D5000A0B10120A3E784F84200012654E02068A6
:105D6000C16841F400710DE02068C16841F48061B0
:105D700008E02068C16841F4006103E02068C16860
:105D800041F48051C16020680122294601F00CFCD9
:105D900021492068214A224B884209D0904207D0ED
:105DA000984205D01F4DA84202D01F4DA84203D1F2
:105DB000456C45F4004545642068884218D0B0F130
:105DC000804F15D01949884212D0194988420FD006
:105DD000184988420CD090420AD01749884207D00F
:105DE000984205D01549884202D01549884207D10A
:105DF0008168144A1140062906D0B1F5803F03D0CE
:105E0000016841F001010160304648E7C3750008B0
:105E10002176000859760008000001400004014086
:105E2000004001400044014000480140000400409F
:105E300000080040000C00400018004000E0004056
:105E400000E400400700010000680349884201D1D6
:105E5000FDF72ABF7047000000000140704730B5D1
:105E600090F88410012918D0012280F88420242180
:105E7000C0F888100022202401680B680D6823F008
:105E8000005325F001050D60426601680B60C0F803
:105E9000884080F88420104630BD022030BD704715
:105EA000704770B5044690F8840001281DD0012287
:105EB00084F884202420C4F88800206805680268DB
:105EC00022F0010202602068826822F060620A43C8
:105ED0008260204601F0CAFD226820210020156062
:105EE000C4F8881084F8840070BD022070BD70B5BD
:105EF000044690F8840001281DD0012284F88420F3
:105F00002420C4F8880020680568026822F0010295
:105F100002602068826822F060420A438260204664
:105F200001F0A4FD2268202100201560C4F888102B
:105F300084F8840070BD022070BD70477047000077
:105F400010B5044600F030F8C00702D021680120E7
:105F500016E0204600F028F8800702D521680420CA
:105F60000EE0204600F020F8400702D5216802200C
:105F700006E0204600F018F8000702D52168082046
:105F8000086206492068884206D1BDE810400449ED
:105F90000122044800F0B0BB10BD00000010014019
:105FA000ECA9002494050024D0F89000704700006C
:105FB0002DE9F04107680025044640F60F0302264C
:105FC000F8693968BA6818420AD183067ED501F0AB
:105FD000200302F0805C53EA0C0377D0616F74E118
:105FE000CF4BDFF840C3134001EA0C0C53EA0C0C12
:105FF0006CD05FEAC07C0CD05FEAC15C09D54FF081
:10600000010CC7F820C0D4F8907047F00107C4F81D
:106010009070870709D5D70707D027683E62D4F864
:10602000906046F00406C4F8906046070AD5D6078B
:1060300008D0276804263E62D4F8906046F0020635
:10604000C4F8906006070CD501F020061E4308D066
:10605000266808233362D4F8903043F00803C4F86C
:10606000903003050BD54B0109D526684FF400632A
:106070003362D4F8903043F02003C4F89030D4F861
:106080009030002B3DD0800609D501F0200002F0B1
:106090008051084303D0616F09B1204688472168C9
:1060A000D4F890008968490602D410F0280F2AD04D
:1060B000204601F00DFE2068806840061ED520684D
:1060C000083050E8001F21F0400100E021E040E8E6
:1060D0000012002AF3D1D4F8800078B1924901650A
:1060E000D4F88000FBF7C4FF00280AD0D4F8800061
:1060F000016D00E02046BDE8F04108472046FFF76B
:106100001FFFBDE8F0812046FFF71AFFC4F890504A
:10611000F7E7D4F86CC02023BCF1010F7ED15FEA11
:10612000C06C7BD55FEAC16C78D5102038622068DE
:106130008068400673D5D4F880107C4A0868904285
:1061400034D07A4A1832904230D0784A3032904275
:106150002CD0764A4832904228D0744A603290421D
:1061600024D0724A7832904220D0704A90329042C5
:106170001CD06E4AA832904218D06D4A904215D079
:106180006B4A1832904211D0694A303290420DD099
:10619000674A4832904209D0654A6032904205D041
:1061A000634A7832904201D0614A903240680004DC
:1061B000000CA6D0B4F85C208242A2D9A4F85E00FC
:1061C000C869B0F5807F2FD0216851E8000F20F416
:1061D000807041E80002002AF6D12068083050E8BB
:1061E000001F21F0010140E80012002AF5D12068CB
:1061F000083050E8001F21F0400140E80012002A5A
:10620000F5D1C4F88C30E566216851E8000F20F024
:10621000100041E80002002AF6D101E040E00BE066
:10622000D4F88000FBF774FD2667B4F85C00B4F87E
:106230005E10401A81B22FE0B4F85C00B4F85E1032
:10624000B4F85E20401A81B2002AB2D00029B0D042
:10625000226852E8000F20F4907042E80007002FF7
:10626000F6D1344F206800F1080050E8002F02EA10
:10627000070240E8002CBCF1000FF3D1C4F88C30C9
:10628000E5666567206850E8002F22F0100240E8BC
:106290000023002BF6D126672046FFF700FE30E7EB
:1062A000C60209D5560207D54FF480103862204641
:1062B000BDE8F041FFF742BE06060AD501F08006B0
:1062C00002F40002164304D0A16F00297FF412AF3C
:1062D00017E7420611D54A060FD52046026852E854
:1062E000001F21F0400142E80014002CF6D1C0F854
:1062F0008830856700F084FA03E7020206D54A0079
:1063000004D52046BDE8F041FFF717BEC001C6D551
:106310000029C4DA2046BDE8F041FFF7C1BD000006
:106320000100001020010004237C0008100002403E
:1063300010040240FEFFFFEF70B50D4904460068EF
:106340001025884205D10B48006805620A4802F012
:10635000B3FD0A492068884208D1094800680562EF
:106360000548BDE870401C3002F0A6BD70BD0000BD
:106370000010014094050024ECA9002400440040D2
:106380002806002410B5040003D0D4F8880010B10A
:1063900007E0012010BD002084F88400204600F0B2
:1063A00027F82420C4F888002068016821F0010142
:1063B0000160204601F036FF0128EBD0A06A10B141
:1063C000204601F075FB2068416821F4904141604E
:1063D0002068816821F02A0181602068016841F00D
:1063E000010101602046BDE8104001F0C5BB00007E
:1063F0002DE9F04FB5B0064614212EA8FAF74FFE4E
:10640000B8216846FAF74BFEB14D0324B149022783
:106410003068083DDFF8B8924FF4806A88424FF048
:10642000400B4FF0000863D1002168460222CDF8EE
:106430007480CDE90021FDF781FE08B1FBF7D9FAA0
:10644000D9F8001041F40021C9F80010D9F8000073
:1064500000F400203390286840F00100286028688C
:106460002EA9CDF8C080454600F0010033900820E9
:10647000CDE92E47CDE931409748FDF7FBFA974C1F
:106480003F219748574684E82300C4E9035A6561D1
:106490002046A561E56125626562FCF79FFA08B1B7
:1064A000FBF7A7FADFF8348259468D4A08F17808DD
:1064B000C6F880404046A6631832E0E8022B80E828
:1064C000A200C5600561456185614046C8F8245059
:1064D000FCF784FA08B1FBF78CFAC6F87C8000223E
:1064E0000521C8F838603420FDF776FC342032E00E
:1064F0007C49884234D10020CDF874800221CDE956
:1065000000106846FDF71AFE08B1FBF772FAD9F8D9
:10651000001041F48011C9F80010D9F8000000F40F
:1065200080103390286840F00200286028680E210F
:1065300000F002003390CDE931412EA94FF44050D4
:1065400081E881016848FDF795FA00220521352090
:10655000FDF742FC3520FDF731FC35B0BDE8F08F8A
:106560006249884262D10020CDF878800121CDE9CE
:1065700000106846FDF7E2FD08B1FBF73AFA54480F
:106580000830016841F010010160006800F010005F
:106590003390286840F00100286028684FF4C061FB
:1065A000CDF8C080454600F0010033900720CDE9CA
:1065B0002E172EA9CDE931404748FDF75BFA474F2A
:1065C0002923474A4FF44038F037483A38463A6072
:1065D0009215C7E90135C7E9035A7D61C7E906523B
:1065E000C7E90885FCF7FAF908B1FBF702FA404C55
:1065F0002A23C6F88070BE632046394AC4E9035A8C
:106600006561303AA561C4E90758656284E80C0801
:10661000FCF7E4F908B1FBF7ECF9F4670022052177
:10662000A6632520FDF7D8FB252094E73149884251
:1066300093D10020CDF874800222CDE90020684675
:10664000FDF77CFD08B1FBF7D4F9D9F8001041F44F
:106650000031C9F80010D9F8000000F40030339080
:10666000286840F00100286028680C21CDF8C0801F
:10667000454600F0010033900720CDE92E172EA9E2
:10668000CDE931401448FDF7F5F9194C2B23144A94
:106690007834183A204622609115C4E90135C4E9DE
:1066A000035A65614FF44032C4E90651C4E9082534
:1066B000FCF794F908B1FBF79CF9C6F8804000227A
:1066C0000521A6632620FDF787FB262043E700006F
:1066D000E8440258004C004000000258BC06002468
:1066E00058000240005000400004025800100140D1
:1066F000240800240044004030B4D0F88C30202B13
:1067000002D0022030BC7047A9B1A2B10B4D0024C9
:106710000368C466AB420BD05B681B0208D50468F3
:1067200054E8003F43F0806344E80035002DF6D183
:1067300030BC01F065BF0120E4E70000000C005808
:1067400010B50068074988420AD10748017802F06D
:10675000B9FBBDE81040044901220448FFF7CCBF53
:1067600010BD000000100140ECA900249405002495
:1067700070B50446D0F88800202801D0022070BDF2
:1067800039B332B3E06F002321652125A4F85420EA
:10679000A4F85620C4F89030C4F88850D8B11549F0
:1067A000C163E16F14480864E16F1448C864E06F86
:1067B000036513462068E56F00F12802216D284625
:1067C000FCF7EAFA38B11021C4F890102020C4F880
:1067D0008800012070BD21684020086220680830D0
:1067E00050E8001F41F0800140E80012002AF5D176
:1067F000002070BD857C0008C57C0008377C00083F
:1068000070477047FEE700002DE9FF4F0768544BC3
:10681000534C534A1833D7F808C03034504D504EBB
:106820004CF0400C4835C7F808C06036D0F800C0BE
:10683000DFF830B14B4FDFF82CA10BF1300BDCF857
:1068400000804837DFF81C91DFF818E148F01008A5
:1068500009F19009CCF800800EF1A80ED1F800C023
:106860000DE000BFDCF8008028F00108CCF80080C3
:10687000D1F800C0DCF800805FEAC8782CD09445DD
:10688000F0D09C45EED0A445ECD0AC45EAD0B44560
:10689000E8D0DFF8CC8008F17808C445E2D0DFF812
:1068A000C08008F19008C445DCD0DFF8B48008F15E
:1068B000A808C445D6D0D445D4D0DFF8A88008F1C4
:1068C0001808C445CED0DC45CCD0BC45CAD0DFF8D2
:1068D000948008F16008C5E700682430CCF808000F
:1068E000D1F800C00298CCF80C00D1F800C0039891
:1068F000CCF81000D1F800C00D98CCF8040008685E
:10690000D0F800C04CF4802CC0F800C00868904259
:106910001FD098421DD0A0421BD0A84219D0B0422F
:1069200017D00F497831884213D00D4990318842F1
:106930000FD00B49A83188420BD0504509D00949E6
:106940001831884205D0584503D0B84201D00549D6
:106950006031016841F001010160BDE8FF8F000076
:106960001000024010040240214808B5016841F0BF
:106970000101016000680022052100F00100009083
:106980000B20FDF729FA0B20FDF718FA002205214C
:106990000C20FDF721FA0C20FDF710FA002205214A
:1069A0000D20FDF719FA0D20FDF708FA0022052148
:1069B0000E20FDF711FA0E20FDF700FA0022052146
:1069C0000F20FDF709FA0F20FDF7F8F90022052145
:1069D0001020FDF701FA1020FDF7F0F90022052143
:1069E0001120FDF7F9F9BDE808401120FDF7E6B9DF
:1069F000D844025822480A2370B500241F4A88B0A0
:106A00008460C46001250260072204740226447475
:106A1000042184744361C0E90652C0E908658562B7
:106A20001022C562C0E90C548463C463C0E910211C
:106A30000822C0E91241C0E914418465C0E9174247
:106A4000C0E91941FCF70CFE08B1FAF7D2FF009437
:106A50006946CDE90146CDE9035409480594FCF7A0
:106A600061FB08B1FAF7C5FF0548FCF7E0FF0448F1
:106A700000220121FCF7DEFA08B070BD00A0004042
:106A80000401002422480A2370B500241F4A88B05C
:106A90008460C460012502600722047402264474E5
:106AA000042184744361C0E90652C0E90865856227
:106AB0001022C562C0E90C548463C463C0E910218C
:106AC0000822C0E91241C0E914418465C0E91742B7
:106AD000C0E91941FCF7C4FD08B1FAF78AFF009438
:106AE0006946CDE90146CDE9035409480594FCF710
:106AF00019FB08B1FAF77DFF0548FCF798FF044839
:106B000000220121FCF796FA08B070BD00A40040F5
:106B1000A401002422480A2370B500241F4A88B02B
:106B20008460C46001250260072204740226447454
:106B3000042184744361C0E90652C0E90865856296
:106B40001022C562C0E90C548463C463C0E91021FB
:106B50000822C0E91241C0E914418465C0E9174226
:106B6000C0E91941FCF77CFD08B1FAF742FF009437
:106B70006946CDE90146CDE9035409480594FCF77F
:106B8000D1FA08B1FAF735FF0548FCF750FF044881
:106B900000220121FCF74EFA08B070BD00D400407D
:106BA0004402002408210022084610B505F08EFAA0
:106BB0002F4C08210022A062084605F087FA082120
:106BC000E0620022084605F081FA002220630821D5
:106BD000042005F07BFA002260630821022005F002
:106BE00075FAA0630021234A234804F0CFFA214A12
:106BF000002120602148243204F0C8FA1D4A0021F7
:106C000060601F48483204F0C1FA1A4A0021A060AF
:106C10001C486C3204F0BAFA164A0021E0601A48A7
:106C2000903204F0B3FA134A002120611748B432BD
:106C300004F0ACFA0F4A002160611548D83204F024
:106C4000A5FA0C4A0021A0611248FC3204F09EFA19
:106C5000E0610021104A114804F098FA0E4A002120
:106C600020620F48243204F091FA606210BD0000E7
:106C70000000002454CA00084D730008D5720008B3
:106C8000651C0008F91C0008E5140008FD6F0008E9
:106C900075140008AD14000874CB0008DD720008FC
:106CA000AD19000830B587B014216846FAF7F7F936
:106CB0001A48016841F080010160016801F080011B
:106CC0000591016841F001010160016801F00101D5
:106CD0000591016841F002010160016801F00201C3
:106CE0000591016841F00801016000684FF480449B
:106CF0000B4D002200F00800214605902846FCF7C5
:106D0000C7FF002100940120CDE90101284603912D
:106D10006946FCF7AFFE07B030BD0000E044025802
:106D2000000C025810B58EB000241C21009407A856
:106D3000019402940394049405940694FAF7AFF92D
:106D40001E48D1214FF08042C0E90024C0E9024131
:106D500004618461FEF7C0FB08B1FAF74AFE4FF404
:106D60008050009015486946FEF788FC08B1FAF794
:106D700040FE1248FEF78FFE08B1FAF73AFE0F48C0
:106D800004A904940694FEF74BFB08B1FAF731FE10
:106D90006020CDE907040948002207A909940B9453
:106DA000FEF7E7FD08B1FAF724FE04480021FEF7DC
:106DB000A7FE0248FEF7A4FD0EB010BDE4020024B9
:106DC00010B58EB000241C21009407A801940294F1
:106DD0000394049405940694FAF761F91D48D121AF
:106DE0001B4AC0E90024C0E9024104618461FEF746
:106DF00073FB08B1FAF7FDFD4FF480500090154881
:106E00006946FEF73BFC08B1FAF7F3FD1148FEF7BF
:106E100042FE08B1FAF7EDFD0E4804A90494069469
:106E2000FEF7FEFA08B1FAF7E4FD6020CDE90704A9
:106E30000848002207A909940B94FEF79AFD08B1AF
:106E4000FAF7D7FD0348FEF75BFD0EB010BD00005A
:106E500000040040300300241848002110B5164CEF
:106E60000C224FF4E1330460C0E90131C160C0E994
:106E700004128161C161016241628162FFF782FA9D
:106E800008B1FAF7B6FD0D480021FFF730F808B158
:106E9000FAF7AFFD09480021FFF703F808B1FAF748
:106EA000A8FD0648FEF7DBFF002803D0BDE8104030
:106EB000FAF79FBD10BD0000004C00406C04002498
:106EC0001848002110B5164C0C224FF4E133046031
:106ED000C0E90131C160C0E904128161C161016290
:106EE00041628162FFF74EFA08B1FAF782FD0D4860
:106EF0000021FEF7FCFF08B1FAF77BFD09480021ED
:106F0000FEF7CFFF08B1FAF774FD0648FEF7A7FFBA
:106F1000002803D0BDE81040FAF76BBD10BD00009B
:106F200000500040000500241848002110B5164C00
:106F30000C224FF4E1330460C0E90131C160C0E9C3
:106F400004128161C161016241628162FFF71AFA34
:106F500008B1FAF74EFD0D480021FEF7C8FF08B151
:106F6000FAF747FD09480021FEF79BFF08B1FAF741
:106F700040FD0648FEF773FF002803D0BDE810402F
:106F8000FAF737BD10BD0000001001409405002441
:106F90001748002110B5154C0C22164B0460C0E9AF
:106FA0000131C160C0E904128161C16101624162C5
:106FB0008162FFF7E7F908B1FAF71BFD0C480021E1
:106FC000FEF795FF08B1FAF714FD09480021FEF716
:106FD00068FF08B1FAF70DFD0548FEF740FF0028ED
:106FE00003D0BDE81040FAF704BD10BD00440040D6
:106FF00028060024A0860100FEE700000F4803F0E9
:10700000B5FA0F4C4FF0FF370E4E04F148053A46E3
:107010002946306805F008FA0028F8D094F848109E
:10702000094801F0DFFE0848092101F0DBFE05F008
:107030003BFB0146014803F079FFE8E75C5D002473
:107040002060002428000024885B0024FEE7F0B5BF
:10705000AFB0B8216846FAF722F8002302200524D1
:107060004FF400428DE81C003C258027CDE90350F9
:10707000CDE907730326099302071B92CDE905604A
:107080006846FDF75BF8002801D072B6FEE72FB026
:10709000F0BD00002DE9F047454D044689464FF00C
:1070A000000A2868C04380070AD0414E283E306855
:1070B00020F080603060FCF7F1FD0746B04608E044
:1070C0000120BDE8F08700BFFCF7E8FDC01B0228E7
:1070D00067D8D8F800000001F6D4206829684FF47A
:1070E000FE0721F47C313E0241EA00302860207A1C
:1070F000A389B4F804C040022D4D2D495B1E227CAB
:10710000ACF1010C1035091DA0F5007080B2521EC3
:10711000CCF3080C07EA034340EA0C00184306EAE4
:107120000262104328600868626920F0C0001043C2
:1071300008600A68A06922F0200202430A60281D44
:107140000A6822F010020A6002684FF6F873E469D8
:107150009A4342EAC40202600868B9F1000F40F0A5
:1071600010020A6011D00868B9F1010F11D040F483
:1071700000100860D8F80000444640F08060C8F86D
:107180000000FCF78BFD05460DE0086840F4002088
:10719000EFE740F48010ECE7FCF780FD401B02288D
:1071A00001D903208DE720680001F5D5504688E716
:1071B000284402582DE9F047454D044689464FF0D2
:1071C000000A2868C04380070AD0414E283E306834
:1071D00020F080503060FCF761FD0746B04608E0C3
:1071E0000120BDE8F08700BFFCF758FDC01B022856
:1071F00067D8D8F800008000F6D4208829684FF4BA
:10720000FE0721F07C713E0241EA00502860207A9E
:10721000A389B4F804C040022D4D2D495B1E227C89
:10722000ACF1010C1835091DA0F5007080B2521E9A
:10723000CCF3080C07EA034340EA0C00184306EAC3
:107240000262104328600868626920F440601043BD
:1072500008600A68A06922F4007202430A60281DCF
:107260000A6822F480720A6002684FF6F873E469D3
:107270009A4342EAC40202600868B9F1000F40F480
:1072800080720A6011D00868B9F1010F11D040F086
:1072900080700860D8F80000444640F08050C8F87C
:1072A0000000FCF7FBFC05460DE0086840F4800098
:1072B000EFE740F40000ECE7FCF7F0FC401B02288D
:1072C00001D903208DE720688000F5D5504688E776
:1072D00028440258012003F01CFFFBE7134D4FF038
:1072E000FF36134C32461249286805F09DF80028F5
:1072F000F8D02078032806D0042807D005280FD01E
:10730000062808D10FE00B4A616801E00A4A61686B
:107310000A4802F041FE2178094801F063FDE1E7E7
:10732000084A6168F4E7084A6168F1E7340000241C
:10733000E8000024ECA9002408AA00245C5D0024D5
:10734000885B002424AA002440AA0024012003F022
:10735000E0FEFBE74FF0E02010B5006905F096F97C
:10736000012803D0BDE8104004F09ABE10BD000013
:1073700030B59DB04C216846F9F791FE202113A845
:10738000F9F78DFE0220FCF759FD1D48016821F434
:10739000404101600168002401F440411B910168F3
:1073A0008904FCD502200A902C230990C2030121F4
:1073B0000C25CDE90012CDE90B03CDE90D10CDE987
:1073C00010540F9068461294FDF794FD08B172B600
:1073D000FEE740201A9008230501CDE9163013ABD3
:1073E000CDE918053F21032283E8160013A81146B2
:1073F000FDF742FB002801D072B6FEE71DB030BD9C
:10740000184802582748F0B5274A016841F470012E
:107410000160106800F00F00072804D2106820F007
:107420000F00C01D106021490020204C10340B6853
:107430001F4D43F001030B6020600B682B400B6075
:10744000136803F00F03072B04D9136823F00F030D
:10745000DB1D1360154C174A1834174B261D371DBA
:107460002060124C154D28343060261D3860371DC1
:1074700023603B1D35601C1D3A60251D2E1D1860C4
:10748000331D22602860326018600A6843F2D2041B
:10749000064B0B4D22F4802260330A6018602C608A
:1074A000F0BD000088ED00E00020005200440258CA
:1074B0007FEDF6EA80020101000202020000FF01F6
:1074C000004000520148FEF759B900001409002499
:1074D0002DE9F0472A4B4FF0804A2A4D0268984226
:1074E000294E2A4F2A4C09D0504507D0A84205D032
:1074F000B04203D0B84201D0A04205D1D1F804C0B7
:1075000022F070024CEA0202DFF888C0DFF88880BF
:107510009842DFF8889015D0504513D0A84211D07A
:10752000B0420FD0B8420DD0A0420BD0604509D078
:10753000404507D0484505D0194DA84202D0194D05
:10754000A84203D1CD6822F440722A434D6922F04B
:1075500080022A43026098428A68C2620A68826294
:1075600007D0A04205D0604503D0404501D0484532
:1075700001D10969016301214161BDE8F087000083
:10758000000001400004004000080040000C0040E2
:107590000004014000400140004401400048014017
:1075A00000E0004000E4004010B5046A012301F04F
:1075B0001F018B409C4304628A40016A11430162AF
:1075C00010BD10B5846B0121626A824205D121771A
:1075D000C069F8B984F83E101CE0A26A824206D164
:1075E00002222277C069A8B984F83F1012E0E26A4B
:1075F000824206D104222277C06958B984F840102B
:1076000008E0226B824205D108222277C06908B9BE
:1076100084F841102046FEF770FA0020207710BD54
:1076200010B5846B616A814201D101200DE0A16A2D
:10763000814201D1022008E0E16A814201D10420A7
:1076400003E0216B814201D1082020772046FEF71C
:1076500055FA0020207710BD10B5846B0121626AB5
:10766000824203D1217784F83E1019E0A26A824257
:1076700004D10220207784F83F1011E0E26A8242B0
:1076800004D10420207784F8401009E0226B824264
:1076900004D10820207784F8411001E084F83D10DF
:1076A0002046FEF769F80020207710BD42EA032249
:1076B00083680A4323F47F410A43826070470000D5
:1076C000034B82681A400A4342F007018160704709
:1076D0008FFFCFFF2DE9F04F026ADFF88880DFF8D7
:1076E000889022F00102DFF884A0DFF884B0214FF7
:1076F0000262DFF884C0066A4268836926F00206E7
:107700000D68B8428C6803EA0C0323F0030344EAD3
:10771000060445EA030507D0404505D0484503D097
:10772000504501D0584505D1CB6824F008042343C7
:1077300023F00404B84207D0404505D0484503D0A3
:10774000504501D0584505D122F44076D1E90532A3
:1077500033431A4342608561496841630462BDE86E
:10776000F08F00000004014000400140004401404F
:1077700000480140000001408FFFFEFFF0B5026AA3
:107780001E4E1F4C22F01002DFF878E00262056AFC
:107790004368826925F02005D1F808C0A0420F682F
:1077A00002EA060222F4407245EA0C1542EA072278
:1077B00001D0704506D1CE6825F0800545EA061552
:1077C00025F04005A0420AD0704508D00E4CA042DA
:1077D00005D00E4CA04202D00D4CA04207D1D1E9F9
:1077E000054623F4406343EA840343EA8603436087
:1077F0008261496881630562F0BD0000FF8FFFFE72
:1078000000000140000401400040014000440140EC
:1078100000480140F0B5026A1E4F1F4E22F48072EC
:10782000DFF878E00262056A4368C26925F40075F2
:10783000D1F808C0B0420C6802EA070222F0030245
:1078400045EA0C2544EA020401D0704506D1CF6810
:1078500025F4006242EA072222F48065B0420AD091
:10786000704508D00E4A904205D00E4A904202D090
:107870000D4A904207D123F44052D1E9053642EA3D
:10788000031242EA06134360C4614968C16305629A
:10789000F0BD00008FFFFEFF00000140000401402A
:1078A000004001400044014000480140F0B5026A38
:1078B000174B164F22F4805298420262046A4268C3
:1078C000C36924F400548E680D6803EA070323F4A7
:1078D000407344EA063443EA05230BD00D4DA84219
:1078E00008D00D4DA84205D00C4DA84202D00C4D39
:1078F000A84204D14D6922F4804242EA85124260D6
:10790000C361496801640462F0BD0000FF8FFFFE9F
:1079100000000140000401400040014000440140DB
:1079200000480140F0B5026ADFF854C022F480320A
:107930000262056A4268446D25F400350E8960458F
:10794000104F0B6804EA070445EA064543EA0403BE
:107950000BD00D4CA04208D00C4CA04205D00C4CD2
:10796000A04202D00B4CA04204D14C6922F48032D8
:1079700042EA042242604365496881650562F0BDC0
:10798000000001408FFFFEFF000401400040014065
:107990000044014000480140F0B5026ADFF854C0DD
:1079A00022F480120262046A4268436D24F40014D7
:1079B0000E896045104F0D6803EA070344EA065438
:1079C00043EA05230BD00D4DA84208D00C4DA84228
:1079D00005D00C4DA84202D00B4DA84204D14D69F0
:1079E00022F4802242EA8522426043654968C165EB
:1079F0000462F0BD00000140FF8FFFFE0004014063
:107A000000400140004401400048014010B5036AB5
:107A1000046A23F00A0324F00104046284690B431E
:107A200024F0F00141EA02118161036210BD10B53A
:107A3000036A23F0100303628369046A23F470432A
:107A400024F0A00443EA0232826144EA0111016297
:107A500010BD00000148FEF7ABBA00006C04002422
:107A60000148FEF7A5BA00000005002430B5416EBC
:107A7000B9B101680D4B03F108048A688968C2F343
:107A80004262490F5D5C615C2D01B5FBF1F1A0F82C
:107A90006A10995CA25C0901B1FBF2F1A0F86810D0
:107AA00030BD0121A0F86A10F8E7000038CC0008CA
:107AB00090F82810C90706D00168C36A4A6822F402
:107AC00000321A434A6090F82810890706D50168E9
:107AD000036B4A6822F480321A434A6090F82810F7
:107AE000490706D50168436B4A6822F480221A438D
:107AF0004A6090F82810090706D50168836B4A6828
:107B000022F400421A434A6090F82810C90606D5AC
:107B10000168C36B8A6822F480521A438A6090F825
:107B20002810890606D50168036C8A6822F4005281
:107B30001A438A6090F82810490611D50168436CF1
:107B40004A6822F480121A434A60416CB1F5801FE2
:107B500006D10168836C4A6822F4C0021A434A6065
:107B600090F82810090606D50168C26C486820F410
:107B700000201043486070472DE9F8430025044673
:107B8000C0F89050FCF78AF88046206820266FF0F5
:107B90007E470068000713D5002243463104204683
:107BA000009700F0B5FD58B1216851E8000F20F0B2
:107BB000800041E80002002AF6D1C4F8886021E084
:107BC00020680068400722D5002243464FF4800118
:107BD0002046009700F09CFDC8B1206850E8001FC7
:107BE00021F4907140E80012002AF6D12068083094
:107BF00050E8001F21F0010140E80012002AF5D1F1
:107C0000C4F88C60032084F88450BDE8F883C4F87D
:107C10008860C4F88C60E5662567002084F884508D
:107C2000F3E710B5806B0021A0F85E10A0F85610A5
:107C3000FEF786F910BD70B5846B00252168D4F875
:107C40008800D4F88C608968090606D5212804D1FB
:107C5000A4F85650204600F065F820688068400679
:107C600006D5222E04D1A4F85E50204600F030F84C
:107C7000D4F8900040F01000C4F890002046FEF7C1
:107C80005FF970BD10B5C169806BB1F5807F16D00A
:107C90000021A0F856100168083151E8002F22F0A9
:107CA000800241E80023002BF5D1026852E8001F52
:107CB00041F0400142E80013002BF6D110BDFEF761
:107CC0009FFD10BD10B5806BFEF79BFD10BD000041
:107CD00010B5026852E8001F21F4907142E80013C9
:107CE000002BF6D10E4B0268083252E8001F1940F3
:107CF00042E80014002CF6D1C16E012908D10268B7
:107D000052E8001F21F0100142E80013002BF6D1C9
:107D100000212022C0F88C20C166416710BD000000
:107D2000FEFFFFEF026852E8001F21F0C00142E8A9
:107D30000013002BF6D10168083151E8002F22F41E
:107D4000000241E80023002BF5D12021C0F8881063
:107D50007047000010B5D0F88C10B0F860202229D0
:107D6000016804D0886940F00800886110BD496A44
:107D7000836D11401980816D891C8165B0F85E109A
:107D8000491EA0F85E10B0F85E100029EED101681F
:107D900051E8002F22F4907241E80023002BF6D125
:107DA0000168083151E8002F22F0010241E8002368
:107DB000002BF5D1184B002102682024C0F88C401C
:107DC000416701679A420BD05268120208D50368D6
:107DD00053E8002F22F0806243E80024002CF6D103
:107DE000C26E012A02D0FEF7ABFC10BDC16602686C
:107DF00052E8001F21F0100142E80013002BF6D1D9
:107E00000168CA69D243D20601D410220A62B0F8CE
:107E10005C10FEF744F810BD000C00582DE9F04747
:107E200004460068C569D0F800A0D0F80880D4F8EE
:107E30008C10B4F86060222905D0816941F00801F6
:107E40008161BDE8F087B4F868704FF0000975E013
:107E50002068A16D406A30400880A06D801CA0653C
:107E6000B4F85E00401EA4F85E002068C56969078A
:107E700030D0E9070AD05FEACA5107D50121016273
:107E8000D4F8900040F00100C4F89000A8070BD58A
:107E90005FEAC87008D0216802200862D4F8900018
:107EA00040F00400C4F8900068070BD55FEAC87082
:107EB00008D0216804200862D4F8900040F0020045
:107EC000C4F89000D4F8900020B12046FEF738F8AE
:107ED000C4F89090B4F85E0080BB216851E8000FB0
:107EE00020F4807041E80002002AF6D1304A206870
:107EF000083050E8001F114040E80013002BF6D175
:107F00002C4B202120684A46C4F88C10C4F8749089
:107F1000C4F8709098420BD04068000208D52168E0
:107F200051E8000F20F0806041E80003002BF6D1FB
:107F3000E06E012825D02046FEF702FC0FB1A8060E
:107F400086D4B4F85E0000283FF47BAFB4F8681024
:107F500081427FF676AF2068083050E8001F21F09C
:107F6000805140E80012002AF5D11348606720686C
:107F700050E8001F41F0200140E80012002AF6D12D
:107F80005FE7E266206850E8001F21F0100140E83A
:107F90000012002AF6D12068C169C943C90601D47C
:107FA00010210162B4F85C102046FDF778FFC5E7A8
:107FB000FEFFFFEF000C0058557D000810B5D0F80B
:107FC0008C10B0F860202229016804D0886940F044
:107FD0000800886110BD496A836D11401970816D78
:107FE000491C8165B0F85E10491EA0F85E10B0F81B
:107FF0005E100029EED1026852E8001F21F4907152
:1080000042E80013002BF6D10168083151E8002F37
:1080100022F0010241E80023002BF5D1184B00218A
:1080200002682024C0F88C40416701679A420BD057
:108030005268120208D5026852E8003F23F08063BC
:1080400042E80034002CF6D1C26E012A02D0FEF7BD
:1080500077FB10BDC166026852E8001F21F01001D5
:1080600042E80013002BF6D10168CA69D243D20658
:1080700001D410220A62B0F85C10FDF710FF10BDA9
:10808000000C00582DE9F04704460068C569D0F897
:1080900000A0D0F80880D4F88C10B4F860602229D1
:1080A00005D0816941F008018161BDE8F087B4F82D
:1080B00068704FF0000975E02068A16D406A30409B
:1080C0000870A06D401CA065B4F85E00401EA4F8C6
:1080D0005E002068C569690730D0E9070AD05FEA09
:1080E000CA5107D501210162D4F8900040F0010087
:1080F000C4F89000A8070BD55FEAC87008D02168C3
:1081000002200862D4F8900040F00400C4F8900007
:1081100068070BD55FEAC87008D0216804200862A0
:10812000D4F8900040F00200C4F89000D4F8900019
:1081300020B12046FDF704FFC4F89090B4F85E002B
:1081400080BB216851E8000F20F4807041E80002F4
:10815000002AF6D1304A2068083050E8001F11404C
:1081600040E80013002BF6D12C49202320684A4612
:10817000C4F88C30C4F87490C4F8709088420BD066
:108180004068000208D5216851E8000F20F08060A7
:1081900041E80003002BF6D1E06E012825D02046EF
:1081A000FEF7CEFA0FB1A80686D4B4F85E00002818
:1081B0003FF47BAFB4F8681081427FF676AF206859
:1081C000083050E8001F21F0805140E80012002ADA
:1081D000F5D113486067206850E8001F41F0200186
:1081E00040E80012002AF6D15FE7E266206850E816
:1081F000001F21F0100140E80012002AF6D120688B
:10820000C169C943C90601D410210162B4F85C10E8
:108210002046FDF744FEC5E7FEFFFFEF000C0058C7
:10822000BD7F00082DE9F04304468068E24E87B028
:10823000E24B2168D4E90427D4F81CC010430A6833
:10824000002547EA0C073843324002430A602068A1
:10825000E268416821F44051114341602268A169FC
:108260009A4201D0206A01439668DFF854C3D54F83
:10827000D54806EA0C060E4396602168666ACA6A0B
:1082800022F00F023243CA622268BA420ED100685D
:1082900000F0380018286FD07ADCB8B308286CD00A
:1082A00010286BD18BE0282868D18EE0C7498A421C
:1082B00009D1006800F0070006285FD2DFE800F06F
:1082C000507D7F818385C2498A4209D1006800F0D0
:1082D000070006287BD2DFE800F0437072747678DE
:1082E000BC498A4209D1006800F0070006286ED216
:1082F000DFE800F036636567696BB7498A420BD1E6
:10830000006800F00700062861D200E043E0DFE8E3
:1083100000F0275456585A5CB0498A4206D100688A
:1083200000F0380018284CD0B7DD31E0AC498A4263
:1083300009D1006800F00700062848D2DFE800F005
:10834000103D3F414345A7498A420BD1006800F0E8
:10835000070006283BD2DFE800F00330323436381D
:10836000002035E0A0498A4209D1006800F03800B9
:10837000182826D091DD0BE023E01EE027E09B4982
:108380008A420AD1006800F03800182819D084DD2C
:10839000202888D11CE001201AE09A4217D18A488F
:1083A000001D006800F00700062810D2DFE800F08A
:1083B000030507090B0D02200AE0042008E008204D
:1083C00006E0102004E0202002E0402000E08020B1
:1083D0008749DFF820829A42874A4FF400434FEAE8
:1083E00021174FF000064ED110281AD006DC0228C3
:1083F00009D004280BD008287ED10DE020283ED0DB
:10840000402879D13DE0FBF743FD014610E0684686
:10841000FBF750FD01990BE003A8FBF7EDFD049974
:1084200006E01068800605D51068C0F3C100C140A1
:10843000002970D0606A676838F8102007EB47039E
:10844000B1FBF2F0834257D8B0EB073F54D800237A
:1084500008461946F8F70BFD02467808130E12027B
:1084600043EA012110183A4671410023F8F7FFFC56
:10847000624AA0F5407191423ED821688FE03946AA
:10848000D8E71946D6E7D4F81CC04FF6EF799C45DB
:1084900046D1082819D005DC58B101280CD0042891
:1084A00075D10DE0102815D0202835D040286ED188
:1084B00034E0FCF75FFC01E0FCF76EFC014610E0E5
:1084C0006846FBF7F7FC01990BE003A8FBF794FD66
:1084D000049906E01068800604D51068C0F3C10056
:1084E000C140C1B1636A606838F81330B1FBF3F181
:1084F000490001EB500100E049E0B1FBF0F0A0F1D0
:108500001001494543D84FF6F0732168C0F3420289
:108510001840104343E043E03946E3E71946E1E7FA
:10852000082819D005DC58B101280CD004282ED118
:108530000DE0102815D020282BD0402827D12AE084
:10854000FCF718FC01E0FCF727FC014610E0684648
:10855000FBF7B0FC01990BE003A8FBF74DFD049974
:1085600006E01068800604D51068C0F3C100C14061
:10857000B1B1636A606838F81330B1FBF3F101EB15
:108580005001B1FBF0F0A0F11001494505D90125DA
:1085900006E03946EDE71946EBE7216880B2C8608E
:1085A0000120A4F86A00A4F8680028466667A66758
:1085B00007B0BDE8F0830000F369FFCF000C00585E
:1085C000FFF4FF11001001405444025800440040E1
:1085D00000480040004C00400050004000140140A2
:1085E00000780040007C004000180140001C014061
:1085F0000090D00320CC000800440258FFFC0F007C
:1086000070B58368002481654FF48056A0F85C2023
:10861000B342A0F85E204FF0FF01446704D1036924
:1086200003BB40F2FF111DE04FF07F05C3B1B3F172
:10863000805F1AD0A0F860402221C0F89040C0F8B6
:108640008C100168083151E8003F43F0010341E814
:108650000034002CF5D1416EB1F1005F0CD02FE059
:10866000036933B9A0F86010E6E7016909B13F2159
:10867000F8E7A0F86050DFE7B0F8681091421FD823
:108680008168B14201D10169B9B11D4902694167EF
:1086900042B1026852E8001F41F4807142E80013C1
:1086A000002BF6D10168083151E8002F42F08052CA
:1086B00041E80023002BF5D120E012494167F1E7A2
:1086C0008168B14201D1016969B10F49026941670D
:1086D0005AB1016851E8002F42F4907241E800233A
:1086E000002BF6D10AE009494167026852E8001FF1
:1086F00041F0200142E80013002BF6D1002070BDAC
:10870000858000081D7E0008BD7F0008557D00089B
:108710002DE9F047994617460E460446089D4FF04E
:1087200000082FE0681C2DD0FBF7B8FAA0EB090079
:10873000A84214D89DB120680168490722D5C169B3
:10874000C94309070DD4082505622046FFF7C0FA82
:10875000C4F89050012084F88480BDE8F08703209D
:10876000FBE7C069C04300050CD421684FF40060EA
:1087700008622046FFF7ACFA2021C4F8901084F874
:108780008480ECE72068C06936EA000004D000204D
:10879000B842C7D00020E0E70120F9E7084810B54B
:1087A000FDF706FC06480068C169C90607D50068E0
:1087B000C00604D5BDE810400148FDF7BDBD10BDA1
:1087C00094050024084810B5FDF7F2FB0648006840
:1087D000C169C90607D50068C00604D5BDE81040C8
:1087E0000148FDF7A9BD10BD28060024FEE700F0F2
:1087F00071B900000549064810B502F0A9F9BDE8B5
:1088000010400449044802F0A3B900006D8D00082F
:108810009CA80024A98D00080CA900240249024646
:10882000024801F0F1B90000001001408860002406
:1088300002490246024801F0E7B900000044004046
:108840008860002402490246024801F0DDB90000B8
:10885000004C00408860002402490246024801F0B2
:10886000D3B9000000500040886000240348044A47
:10887000016801F4E0611143016070470CED00E014
:108880000400FA050349002001F83000401C0D28BF
:10889000FADB70472060002400EE102ADFED280A82
:1088A000F0B5B8EE400AC1F164074FF4B472B0FB02
:1088B000F2F620EE200ADFED230ADDE90554BCEED6
:1088C000C00A10EE101A02FB16024F433C2600EEBF
:1088D000107AB2FBF6F0B2FBF6FEB8EE400A80EE7C
:1088E000201A06FB1027BEF1050FBCEEC10A10EEE0
:1088F000100AA1EB000C0CFB07FCBCFBF6F21AD231
:10890000DFE80EF003070C101400196002442A601F
:1089100002E08A1A1A6029602060F0BD18600244E3
:1089200029600BE018608A1A2A6002E002441A608B
:1089300028602160F0BD19608A1A28602260F0BDAD
:10894000333323400000C842034A0021034842F267
:10895000E833FDF767B90000CC6000243003002441
:1089600070B586B00024082B02940394049430D888
:10897000194D03EB430344F2506405EB031604ADB9
:1089800003AB3444CDE9003502ABFFF785FF00208F
:1089900003998140090601D58F2100E0432124F885
:1089A000101002998140090601D58F2200E0432270
:1089B00004EB40010A82049A8240120601D58F22FC
:1089C00000E043220A84401C80B20828E0D3FFF76D
:1089D000BBFF06B070BD0000CC600024F0B4082BD3
:1089E0002AD8164D03EB430444F2506305EB0414FC
:1089F0001C44002301FA03F52D0601D58F2600E063
:108A0000432600FA03F524F813602D0601D58F27BD
:108A100000E0432704EB430502FA03F636062F82F3
:108A200001D58F2600E043262E845B1C9BB2082BC9
:108A3000E0D3F0BCFFF788BFF0BC7047CC600024E7
:108A40000146014802F0DFB9D854002438B5144D6E
:108A5000262414490094E868D0E900231248521CE7
:108A60005B1CFDF7D1FE0094E8691049D0E90023B2
:108A70000F48521C5B1CFDF7C7FE0E490E4800F064
:108A800030FA0E490E4800F02CFA0E490E4800F05C
:108A900028FABDE838400D490D4800F022BA000020
:108AA00088600024AC070024940500249C0800245E
:108AB000280600241D880008ECA90024318800083D
:108AC00008AA00244588000824AA00245988000820
:108AD00040AA002410B500240022A3B2114610467B
:108AE000FFF77CFF641C082CF6D310BD10B5054CB5
:108AF00004E000BF10F8013B5340E25C491EF9D28C
:108B0000104610BD58CC00082DE9F04F0446002057
:108B10002DED028B8BB002226B46B0EE608A009086
:108B20001146F0EE408A0190029003900490059067
:108B300006A8F7F725FD0122022104AB08A8F7F7E4
:108B40001FFD206A04F1140204F10C0116468B4645
:108B5000C0ED008A206A80ED018A04F124000746F6
:108B6000F7F7AAFF04F15C02384604F154011546F8
:108B70008A46F7F7A1FF06AA284604F13401F7F761
:108B80009BFF04F144012A4606A88946F7F774FCC6
:108B900004F16402294604F12C0090460746F7F7D9
:108BA0008BFF06AA404604F13C010A91F7F784FFC7
:108BB00004F14C01424606A8F7F75EFC51464046D8
:108BC000F7F7E2FC0A9906AA2846F7F775FF06A808
:108BD00042465146F7F770FF08AA31463846F7F784
:108BE0006BFF08A95A4604F11C00F8F703F808AA1D
:108BF00059464046F7F760FF08A95A463046F7F74E
:108C00003BFC524639464046F7F756FF06AA514606
:108C10004846F7F7EFFF06A852462946F7F74CFFFC
:108C200020690B4990ED000A81ED000A90ED010AE0
:108C300081ED010A90ED000A84ED010A90ED010A30
:108C4000201D84ED020A0BB0BDEC028BBDE8F08F55
:108C5000F800002430B505000C4608D0022C06D9D7
:108C6000FF22611EFFF742FF291901F8010C30BDF8
:108C700030B505000C460CD0022C0AD9FF22611E2B
:108C8000FFF734FF291911F8011C814201D101209D
:108C900030BD002030BD000000487047A85F0024B0
:108CA0002DE9F0418B6801220C46054602210C306B
:108CB000F7F766FCE3680122022105F11400F7F7DB
:108CC0005FFC23690122022105F11C00F7F758FC23
:108CD0000222A36A05F1240011460746F7F750FC6B
:108CE0000222E36A05F12C0011468046F7F748FCA2
:108CF0000222236B05F144001146F7F741FC0222E2
:108D0000636B05F14C001146F7F73AFC0222636AE7
:108D100005F154001146F7F733FC0222636905F1AF
:108D20005C001146F7F72CFC0222A36905F16400F0
:108D30001146F7F725FC0222E36905F134001146DC
:108D40000646F7F71DFC31463846F7F7D7FF0222F3
:108D5000236A05F13C0011460446F7F711FC214651
:108D60004046BDE8F041F7F7C9BF000008B5002153
:108D70006A46002300910949C86008310848006824
:108D800003F0F2FA0098002807D006494FF080500F
:108D90000860BFF34F8FBFF36F8F08BD20600024C2
:108DA0002C00002404ED00E008B500216A460023F1
:108DB00000910949486110310848006803F0D4FA6D
:108DC0000098002807D006494FF080500860BFF394
:108DD0004F8FBFF36F8F08BD206000243000002448
:108DE00004ED00E0002910B50CD001EBC1030649E9
:108DF000012001EB830400226070A270207103F057
:108E000053FCA06010BD0000885B00242DE9F041F8
:108E1000002706464FEA070505EBC50006EB800470
:108E2000A078012817D1E068A8B103F03DFCD4E98F
:108E30000212401AA06190422ED9E1692846884763
:108E4000D4E90520E168401A904225D9E07801284C
:108E500022D1A7701DE0607801281DD12069D8B10A
:108E600003F022FCA2682169801AA06188420DD912
:108E7000E16928468847D4E905202169401A9042D3
:108E80000AD9E078012807D1677002E0E07801286C
:108E900002D1216A284688476D1CEDB20D2DBBD347
:108EA000BDE8F08101EBC100024901EB80000079CF
:108EB00070470000885B0024C168002901D00120B0
:108EC0000847704710B504460A4600F1100101F04A
:108ED000C4FDE168002903D0BDE810400020084728
:108EE00010BDC160704770B5164604460D4602E0DD
:108EF000012002F00EF9A0680068C069C043400676
:108F0000F6D4A06832462946BDE87040FDF730BC73
:108F100013B5044602E0012002F0FBF8A0680068E7
:108F2000C069C0434006F6D4A068012201A9FDF73C
:108F30001FFC1CBD2DE9F04104462DED088BFFF709
:108F4000ABFE60650021E148054601F037FB0121D9
:108F5000A065284601F032FB0221C4F854022846DD
:108F600001F02CFBC4F850040021D8480C3801F063
:108F700025FBC4F80C050121D4480C3801F01EFB78
:108F80009FEDD39AF0EE492ADFEDD29AB0EE692A2E
:108F90009FEDD18AF0EE481ADFEDD08AC4F8C805FB
:108FA0000122CF4804F1C401B0EE681AF0EE680A5D
:108FB000B0EE080A01F020FFF0EE492A9FEDC92A21
:108FC000F0EE481AB0EE681AF0EE000A9FEDC60AFD
:108FD000C348012204F1740101F00EFFC0480122D0
:108FE000F0EE492AB0EE692AF0EE481AB2EE0E1AF7
:108FF000F0EE680AB1EE040A04F5307101F0FCFEEF
:10900000F0EE492AB0EE482AF0EE481AB0EE681A9F
:10901000F7EE000A9FEDB5AAB148012204F51C71D4
:10902000B0EE4A0A01F0E8FEAD480122F0EE492A0E
:10903000B0EE692AF0EE481AB0EE001AF0EE680AB7
:10904000B7EE080A04F5B27101F0D6FEF0EE492A37
:10905000DFEDA7AAF0EE481AB0EE681AB0EE6A2A61
:10906000DFEDA40A9E480122B0EE4A0A04F58A7197
:1090700001F0C2FE9A480122F0EE492AB0EE692AB8
:10908000F0EE481AB0EE681AF0EE680AB0EE080A80
:1090900004F5587101F0B0FEF0EE492A9FED962AD2
:1090A000F0EE481AB0EE681ADFED940A9FED940ACC
:1090B0008B48012204F5447101F09EFE884801228C
:1090C000F0EE492AB0EE692AF0EE481AB6EE001A20
:1090D000F0EE680AB3EE0E0A04F5DA7101F08CFEC8
:1090E000F0EE492AB0EE6A2AF0EE481AB0EE681A9D
:1090F000DFED840A7A480122B1EE040A04F5017119
:1091000001F07AFEF0EE492AB0EE692AF0EE481A34
:10911000B1EE041AF0EE680A9FED7B0A7048012256
:1091200004F56C7101F068FEF0EE492AB0EE692A90
:10913000F0EE481AB0EE681ADFED740A04F58061AB
:10914000674801220D46B1EE040A01F055FEF0EE2B
:10915000492A9FED6F8AB0EE482A9FED6EAAF0EE85
:109160004A1ADFED6DAAB0EE6A1A9FED6CBA5C4840
:109170000122B2EE040AF0EE4B0A04F5A56101F0FB
:109180003BFE57480122F0EE492AB0EE482AF0EEA5
:109190004A1AB0EE6A1AF0EE4B0AB2EE040A04F272
:1091A000E45101F029FEF0EE492AB0EE692A9FED64
:1091B0005C8A4B480122B2EE041AF0EE481AF0EE37
:1091C000680AB2EE040A04F2BC4101F015FE4448FC
:1091D0000122F0EE492AB0EE692AF0EE481AB0EE0C
:1091E000681AF6EE000AB2EE040A04F26C4101F0CD
:1091F00003FE012040F6070384F8BB061A4640F23E
:1092000014512046A4F8843600F036FCB1EE400A32
:1092100085EDA20A1A4640F64D11204600F02CFCBE
:10922000B1EE400A85EDA30AD4F8502400200F21A6
:109230004FF00C0C122340F2447E1E2512880626A5
:10924000A4F89026082784F8920640F29E6284F8DB
:10925000931684F8943684F8955684F8AB6684F8AF
:10926000AC7684F8ADC69FED2F1ADFED2F0A9FED87
:109270002F0AA4F8AEE6A4F8B026211891F89316A8
:109280000F2903D0122908D01E290DD004EB80012C
:1092900001F5806181EDA70A0CE004EB800101F586
:1092A000806181EDA71A05E004EB800101F5806182
:1092B000C1EDA70A401CC0B20328DED3BDEC088B69
:1092C0002046BDE8F04100F02BBA000014600024F5
:1092D00000803B4500409C450060EA4600000000DD
:1092E0000001002400007A4500006143000096431D
:1092F00000401C469A99993E00409C46CDCC4C3D7E
:109300000000F0428FC2753C00000C420AD7A33C1B
:109310000000FA4500606A460AD7233CCDCCCC3D1C
:1093200000A00C4600708A450030CF4500207D45E6
:1093300070B504462DED028BDFED738A90F8BC0604
:1093400004F580650128B0EE688A04D002282FD089
:10935000032857D07DE06D4804F1C401D4ED1B0A09
:1093600094ED190A01F088FC94ED180AF1EE040A54
:10937000664804F1740120EE200AD4ED3A0A01F0A7
:109380007BFC624804F53071D4ED9A0A94ED980A9A
:1093900001F072FC5D4804F51C71D4EDB90A94ED3E
:1093A000970A01F069FCD4ED268A94EDA58A50E075
:1093B000574804F5B271D4ED1B0A90ED0C0A5348DE
:1093C00001F05AFC514804F58A71D4ED620A94ED1B
:1093D000180A01F051FC4D4804F55871D4ED9A0A71
:1093E00094ED980A01F048FC484804F54471D4ED26
:1093F000E10A94ED970A01F03FFCD4ED4E8A94ED1A
:10940000CD8A26E0414804F5DA71D4ED1B0A94EDCB
:10941000190A01F031FC3D4804F50171D4ED760ADA
:1094200094ED180A01F028FC384804F56C71D4ED6D
:109430009A0A94ED980A01F01FFC34482946D4EDAD
:10944000F50A94ED970A01F017FCD4ED8A8A95EDA0
:10945000098A2E4804F5A561D5ED460A95ED450A21
:1094600001F00AFC294804F2E451D5ED750A95EDA6
:10947000740A01F001FC94F8BB0604F26C410E463C
:1094800010B101280FD015E0204804F2BC41D5ED01
:10949000190A95ED180A01F0EFFBD5ED380A95EDA4
:1094A000160A314603E0D5ED170A95ED160A17485E
:1094B00001F0E2FBF1EE480ABDEEE80AFDEEE00A3B
:1094C00010EE100A10EE901AA4F87000A4F86C12B6
:1094D00095ED530ABDEEC00A10EE100AA4F824055B
:1094E00095ED820ABDEEC00A10EE100AA4F8E00560
:1094F00095ED240ABDEEC00A10EE100AA4F8680427
:10950000BDEC028B70BD00000000000000010024D3
:109510003452002470B514460D4606462DED028BDC
:1095200091ED000A03F066FA002842D194ED000A9A
:1095300003F060FA00283CD196F8B406012801D067
:10954000F0B132E0706DB0F9003003F11401292957
:1095500000D20023B0F9020000F11401292900D241
:10956000002000EE903A00EE100ADFED131AF8EE3C
:10957000E00A9FED121AB8EEC00A60EEA18A12E06E
:10958000706DDFED0F1A9FED0F1AB0F90C10B0F9E6
:109590000E0000EE101A00EE900AB8EEC02AB8EEE7
:1095A000E00A62EE218A20EE018AC5ED008A84ED90
:1095B000008ABDEC028B70BD52499DB917B7D138F6
:1095C0006F1203BA6F1283BA2DE9F0410446406D61
:1095D00000250126807A012802D084F8B4665EE076
:1095E00004F11C0084F8B45601230746002204F15C
:1095F000430101F076FC08B184F8BC560123002237
:10960000384604F1400101F06CFC20B194F8BC062E
:1096100008B984F8BC66012204F2B563384604F147
:109620004F0101F04FFC0022384604F2B66304F10A
:10963000310101F047FC0022384604F2B76304F11F
:10964000340101F03FFC0022384604F5D76304F1F1
:109650002E0101F037FC94F8B806012817D194F8D0
:10966000BB0604F14C01012801D038B10FE0012202
:10967000384604F2B96301F025FC08E001233846BE
:10968000002201F02EFC00B1012084F8B90601226D
:10969000384604F2BA6304F12B0101F013FC606D4B
:1096A000817A022902D0032903D007E084F8BC564E
:1096B00001E084F8BC66817A032903D0C9B201298C
:1096C00023D027E0C07A022804D003280BD0012839
:1096D00012D01FE084F8B55684F8B76684F8B856FF
:1096E00084F8B95616E084F8B56684F8B86684F84C
:1096F000B95684F8B7560DE084F8B56684F8B756C5
:1097000084F8B86684F8B96604E0C07A012801D10B
:10971000FFF7ACF82046BDE8F04100F0B5B8000016
:1097200070B5454D04469FED450AD5ED640AC0ED80
:10973000190AD5ED660A20EE800A80ED180AD0F8E5
:109740005402B4F884260188204600F095F9B1EE61
:10975000400A84ED980AD4F8540204F58063B0F905
:109760000200404200EE100AB8EEC00A84ED970AEB
:10977000D4F85004B0F9021000EE101AB8EEC00A86
:1097800083ED160AD4F80C15B1F9021000EE101A88
:10979000B8EEC00A83ED450AD4F8C815B1F9021035
:1097A00000EE101AB8EEC00A83ED740A0188204654
:1097B000B4F8902600F060F983EDB00AD3EDB10A59
:1097C0001F4970EE600A10EE900A884203DDD4F85B
:1097D000C806401E07E010EE900A1A49884204D9D4
:1097E000D4F8C806401CC4F8C80683EDB10AD4F802
:1097F000C8069FED151A00EE900AF8EEE00A00EE9A
:10980000810A83ED180AE87F84F8920694F8B4166A
:1098100011B1012904D007E004F2AA61405C01E023
:1098200094F8AD0684F8AA0602F03EFF01462046F1
:10983000BDE8704001F07ABB5C5D0024CDCCCC3D2E
:1098400000003443000034C30000B44390F8BC3639
:109850007BB1012B12D0022B01D0032B08D1084879
:1098600090ED170A81ED000A90ED180A82ED000ACA
:1098700070479FED040A81ED000AF7E7FFF74ABE43
:109880005C5D0024000000002DE9F041714E0446AB
:1098900000272DED028BB07F38B1308C28B984F8C9
:1098A000B97684F8B57684F8B67604F5806594F8D0
:1098B000B8069FED698A012833D168480321FFF774
:1098C000F1FA18B3F08C08B3B4F8A816814248D066
:1098D0000F289FED630A03D0122804D01E2810D051
:1098E00094F8920603E094F892069FED5E0A04EB6A
:1098F000800000F5806080EDA60AF08CA4F8A80630
:109900002FE094F892069FED580AF0E794F8B80615
:10991000012806D151480321FFF7C4FA08B3F08C9F
:10992000F8B185EDA68A84F8B97695EDA60ADFED43
:109930004F0AF4EE001A9FED4E2A9FED4E1AF1EEFB
:10994000402AC5ED462A85ED750A94F8B906012826
:1099500094F8BB0610D0012825D094F8B80628B397
:1099600028E094F8920604EB800000F5806090ED0A
:10997000A60A85EDA60ADAE7012804D095ED190AB2
:1099800030EE010A14E094F8AA06404200EE100AF4
:10999000B8EEC00A20EE200A20EE210A20EE020ACC
:1099A00085ED170A06E085ED178A03E095ED180AA4
:1099B00085ED190A94F8BA06012809D194F8BB0676
:1099C00001280AD095ED190A30EE410A85ED190AF1
:1099D00094F8B50601280FD012E094F8AA0600EE1C
:1099E000100AB8EE400A20EE200A20EE210A20EEEE
:1099F000020A85ED170AEBE796F8A20001281CD0B1
:109A000094F8BC0610B1012084F8BC0694F8BD1689
:109A1000C0B288420DD094ED190A84ED1B0A94ED72
:109A2000980A84ED9A0A95ED180A85ED190A84F8CA
:109A3000BD06BDEC028BBDE8F08194F8BC060028A1
:109A4000E4D094F8B606012801D00220DCE7032018
:109A5000DAE700005C5D002400000000885B002461
:109A600000207D4500708A450030CF4500007042DF
:109A7000000010420080CAC4881AB0F5805F03DD80
:109A8000A0F5F850FF3805E010F5805F02DA41F6E6
:109A9000FF71084400EE100ADFED030AB8EEC00AB9
:109AA00020EE200A704700000000343D1CB501AADA
:109AB00004466946FFF7CAFE94F8BC1604F58060B8
:109AC00031B101290FD002291CD003291AD021E07D
:109AD0009FED1B0A8DED000A8DED010A80ED460A0F
:109AE00080ED750A16E094ED1B0A9DED001AD4ED89
:109AF0009A0A30EE010A84ED1B0A9DED010A30EE50
:109B0000800A05E09DED000A84ED1B0A9DED010A27
:109B100084ED9A0A94ED9A0AD0EDA30AB4EEE00A15
:109B2000F1EE10FA06D3D0EDA20AB4EEE00AF1EE9F
:109B300010FA01DDB0EE600A84ED9A0A1CBD000047
:109B4000000000002DE9F84306462A48274F144636
:109B5000DFF89C8081420D464FF0000000900BD151
:109B6000F068002307F118016A4650F82400F861F4
:109B7000D8F8000002F0F8FB1F4885420BD1F069CD
:109B800000231A496A46203150F824007862D8F838
:109B9000000002F0E9FB194885420BD1F06A00236E
:109BA00012496A46283150F82400F862D8F80000BB
:109BB00002F0DAFB124885420BD1F06B00230B490F
:109BC0006A46303150F824007863D8F8000002F07B
:109BD000CBFB0098002807D00A494FF0805008605E
:109BE000BFF34F8FBFF36F8FBDE8F8832060002471
:109BF00034000024ECA9002408AA002424AA00248C
:109C000040AA002404ED00E02DE9F0410446154887
:109C10000D461549164F85421448164604D1134681
:109C200022461449104617E08D4207D112491346C7
:109C300004F11002204600F025F806E0854204D128
:109C40000E49134604F1200205E0BD4208D10C493B
:109C500004F1300233462046BDE8F04100F012B86E
:109C6000BDE8F0810010014000440040004C00407D
:109C700000500040ECA9002408AA002424AA0024D3
:109C800040AA00242DE9F05F002B7DD04B685A4D8F
:109C9000594E594F1835DFF860C130361B684837C8
:109CA000DFF854B1DFF850E16345DFF850910BF174
:109CB000600BDFF84CA10EF1780E27D0AB4225D017
:109CC000B34223D0BB4221D05B451FD073451DD08A
:109CD0004A4C183CA34219D04B4517D0534515D0D8
:109CE000474C1834A34211D0454C3034A3420DD018
:109CF000434C4834A34209D0414C6034A34205D0C0
:109D00003F4C7834A34201D03D4C90341C6824F081
:109D100001041C604C689379246864681C1BD4712E
:109D20004C68246863604B681B681C68D3F800802B
:109D3000240303D4002448F4002802E0012428F47A
:109D40000028C3F800804B681B68634529D0AB42EC
:109D500027D0B34225D0BB4223D05B4521D07345E9
:109D60001FD0264D183DAB421BD04B4519D0534553
:109D700017D0234D1835AB4213D0214D3035AB42AF
:109D80000FD01F4D483500E034E0AB4209D01C4DE8
:109D90006035AB4205D01A4D7835AB4201D0184D35
:109DA00090351D6845F001051D60D3799578AB426B
:109DB00006D0D57825B9157915B95579002D19D062
:109DC000002B17D0D56855F824502B7015780DB995
:109DD000537853B1D36853F824305E78AE4209D13A
:109DE000D57952785B5D934204D12246BDE8F05F9D
:109DF000FFF7A8BEBDE8F09F10000240B800024087
:109E0000100402407FB50024262522460C21CDE90E
:109E100000140A232146CDE9024500F0B0FB1221CF
:109E2000009100220B46CDE9021510300191114638
:109E300000F0A5FB0023009410301A46CDE902453E
:109E40001946019400F09BFB0023009455211A460B
:109E500010300194CDE9024500F091FB04B0303898
:109E600070BD00007CB500240D466E461F4800F012
:109E700071FE611C3055CCB2082CF7D32868A0F5D0
:109E80000071053903D0012901D002292CD1184CC9
:109E9000401FC1B217480546217000F095FB0688A7
:109EA0002846217800F090FB06812846217800F0B2
:109EB0008BFBBDF8001049BA01802178284600F0DC
:109EC00083FBBDF8021049BA41802178284600F092
:109ED0007BFBBDF8041049BA81802178284600F048
:109EE00073FB9DF8061081717CBD00009CA80024C6
:109EF000D4000024146000242DE9FC4100240D4608
:109F000006466F46214800F025FE611C3855CCB24C
:109F1000082CF7D32A68A2F50070013808D0012870
:109F200006D06A462946304600F064F8BDE8FC8158
:109F3000174C521E1748D1B2617000F045FB0588DE
:109F40006178144800F040FB05816178114800F009
:109F50003BFBBDF8001049BA018061780D4800F064
:109F600033FBBDF8021049BA41806178094800F01E
:109F70002BFBBDF8041049BA81806178054800F0D8
:109F800023FB9DF806108171D0E700000CA9002486
:109F9000D40000240860002437B505461048144654
:109FA000824203D10199284600F0D0F90D4884423D
:109FB00003D10199284600F023FA0B48844203D1CB
:109FC0000199284600F006F90848844206D108485D
:109FD000002301A91A46006802F016F93EBD0000F0
:109FE00024AA0024ECA9002440AA002408AA0024E2
:109FF0003800002410B504460868A0F5A0601438A5
:10A000007ED001287DD002287CD003287BD15178D6
:10A01000107800EB012000B200EE100AB8EEC00A82
:10A0200084ED2B0AD178907800EB012000B200EE8D
:10A03000100AB8EEC00A84ED2C0A5179107900EBB1
:10A04000012000B200EE100AB8EEC00A84ED2D0A1D
:10A0500002F02AFB014604F50C7000F067FF02F0E5
:10A0600023FBC4F8B80100BFD4F8C011D4F8B00184
:10A07000884250D05FF0000004EB8001401CC0B269
:10A08000D1F8BC31D1F8AC2101F5D671D21A04282F
:10A090000A62F1D3B4F9BC00C01D0E2802D800201A
:10A0A000A4F8BC00B4F9BC00D4ED740A00EE100AA8
:10A0B000F8EE600AB8EEC00ADFED441AB4F9B81041
:10A0C00060EE202A94ED5D0A9FED412A00EE900A91
:10A0D00062EEA11A01EE101AF8EEE00A002001EE7D
:10A0E000820AB8EEC11AC4ED660A84ED6A1A84EDDC
:10A0F0005D0A84ED640A00BF04EB8001401C03E0AC
:10A100000AE027E044E006E0D1F8AC21C0B2042820
:10A11000C1F8BC21F0D310BD5178107800EB0120BC
:10A12000A4F8BE00D178907800EB0120A4F8C0001C
:10A130005179107900EB0120A4F8C20002F0B4FAC2
:10A14000014604F5EE7000F0F1FE02F0ADFAC4F83D
:10A15000AC0189E75178107800EB0120A4F8B80031
:10A16000D178907800EB0120A4F8BA0051791079E9
:10A1700000EB0120A4F8BC0002F096FA014604F5B9
:10A18000FC7000F0D3FE02F08FFAC4F8B0016BE768
:10A190005178107800EB0120A4F8C400D1789078B1
:10A1A00000EB0120A4F8C6005179107900EB0120E2
:10A1B000A4F8C80002F078FA014604F5057000F032
:10A1C000B5FE02F071FAC4F8B4014DE76F12833A9C
:10A1D000CDCCCC3D38B504460020ADF800008878E1
:10A1E0009FED3D0A522802D0532839D11CE0B1F826
:10A1F0000700ADF8000000B200EE900A9FED371A9C
:10A20000F8EEE00A20EE800A20EE010ABDEEC00A58
:10A2100010EE100AA4F8BC0002F046FA014604F55C
:10A22000FC7000F083FE1BE0B1F80700ADF8000001
:10A2300000B200EE900A9FED2A1AF8EEE00A20EE36
:10A24000800A20EE010A84ED2D0A02F02DFA014663
:10A2500004F50C7000F06AFE02F026FAC4F8B001B2
:10A26000D4F8B011D4F8C001814234D0D4ED2D0A15
:10A2700094ED680A1B4A30EEC00A10EE100A84ED15
:10A28000690A904204DDD4F89C01401EC4F89C0188
:10A2900010EE100A144A904204D9D4F89C01401CD4
:10A2A000C4F89C01B4F9BC0094ED671AC4F8C0115D
:10A2B0004042B1EE600AC4ED680AF8EEC10ADFED73
:10A2C0000B1A00EEE10A00EE900AF8EEE00A84EDC7
:10A2D000640AC4ED660A38BD000000380000FA4484
:10A2E0000000344300008743000087C30000B443EC
:10A2F00008688B68401C086093421AD0D01AD1EDD0
:10A30000031A00EE900A8A60002381ED030A30EE02
:10A31000610AF8EE600AB0EE001A0B60C0EE201A77
:10A3200021EE810A81ED040A81ED060A81ED050A1C
:10A3300006E0B0F5967F03DD9FED030A81ED060A86
:10A3400091ED060A70470000000000002DE9F04181
:10A350000D46044602F0A8F9014604F1840000F01D
:10A36000E5FDA8780021C8B3012284F8A1200020CF
:10A370002E182318401CF778C0B283F864720428A2
:10A38000F67983F86862F3D394ED990A94F8A10002
:10A39000D4ED9A0A84ED140AC4ED150A08B184F8C4
:10A3A000A22094F8A000E8B102F07EF994ED140A1E
:10A3B00004F51C7102462046FFF79AFF84ED1B0A44
:10A3C00002F072F994ED150A04F523710246204655
:10A3D000FFF78EFF84ED1C0ABDE8F081FFE784F8EB
:10A3E000A110DEE7054884F8A21090ED190A84ED6B
:10A3F000140A90ED980A84ED150AEDE7BC54002488
:10A4000070B50E4609780446701CFEF731FC002832
:10A410000FD0B0784D4D01280CD0032872D05128B0
:10A4200007D105F18000D6F801104162717980F8FA
:10A43000281070BD0D22711C04F11C00F6F78EFD72
:10A44000D4F82220D4EDAA0A00EE102AB4EE600A55
:10A45000F1EE10FAEDD0C4F8A8223D49E88C08B11D
:10A46000C0B203E091F892363A48185C9FED3A1A70
:10A4700000EE100A00EE902AF8EE401AB8EE400AFC
:10A4800021EE811A30EEC00AB4EEC10AF1EE10FAE4
:10A4900002DDDFED320A14E000EE100A9FED301A03
:10A4A00001EE902AB8EE402AB8EE400AF3EE040A14
:10A4B00022EE012A31EEC00AB4EEC20AF1EE10FA21
:10A4C0000ADD91F8920601EB800000F5806090EDC6
:10A4D000A60A30EE600A31E000EE100A9FED212A54
:10A4E00001EE902AF8EE402AB8EE400A22EE822AC7
:10A4F00031EEC00AB4EEC20AF1EE10FA03D2DFED7B
:10A500001A0A11E01DE000EE100A01EE902AB8EEE2
:10A51000402AB8EE400A22EE011A31EEC00AB4EE2B
:10A52000C10AF1EE10FA84D291F8920601EB800094
:10A5300000F5806090EDA60A30EE200A80EDA60AB4
:10A5400070BDD6F80100C5F8490070BD5C5D0024FF
:10A55000BC5400244E5B0024CDCC4CBD00002042F6
:10A560000AD7A3BD9A9919BE0000A04210B5FEF704
:10A5700041F9FEF787F9BDE81040FEF767BA2DE90B
:10A58000F0410446DDE90805DDE9067621706270D8
:10A59000A370E770267160710820A57100F0F2FCCD
:10A5A000E060284600F0EEFCE1680860284600F014
:10A5B000E9FCE16848602046BDE8F081406801EBB5
:10A5C000C10100EB4100704701F00301406801EB5D
:10A5D000C10100EB4100704710B501600446837271
:10A5E000028103EBC300400000F0CCFC6060204619
:10A5F00010BD000070B5254C0546204690F8A0100F
:10A6000094F8A10001283DD011B1491E84F8A01092
:10A61000D4ED1B0A94ED140A05F18C00FEF774FAD0
:10A62000E06705F5F270D4ED1C0A94ED150AFEF70B
:10A630006BFAC4F88000E16F9FED150AD1ED000AB6
:10A6400060EE800AC4ED170AD0ED000A60EE800AC1
:10A65000C4ED180AD1ED010A60EE800AC4ED1D0AAE
:10A66000D0ED010A20EE800A84ED1E0A94ED650A01
:10A67000B5EEC00AF1EE10FA03D194ED5A0A84ED5A
:10A68000650A70BDC829C3D2491CBFE75C5D0024C0
:10A690000000484310B50446FEF7A9F8B2EE0C0AD4
:10A6A00084ED0A0A04F5D67104F18C00FEF7F8FA7D
:10A6B00004F5147104F5F270BDE81040FEF7F0BA2D
:10A6C00010B50521044600F01EFC68B10E48FF21BC
:10A6D000FEF71EFC0C480E2204F13601FEF703FCC7
:10A6E0000948FE21FEF714FC04F17000062104461F
:10A6F000FEF7B0FA054806222146FEF7F4FBBDE856
:10A700001040034800F07EB824AA0024ECA90024DD
:10A71000345200242DE9F0410521044600F0F3FBFA
:10A720003349344B78B391F8BC0602281CD09FED16
:10A73000320A84ED080A91ED190A84ED0B0A91EDB5
:10A74000980A2E4A84ED090AD3F8220090421BDAB7
:10A7500091F892262A48105C401E00EE100AB8EECE
:10A76000C00A84ED0A0A10E094ED0B0AD1ED190A33
:10A7700070EEC00AC4ED080AD1ED190A30EEC00A25
:10A7800084ED0C0ADBE720E0A062987F20B1642210
:10A79000B0FBF2F084F8420093F84B00042824D078
:10A7A0005FF0000084F843000022A018521CD2B2CF
:10A7B00090F8205090F8246090F8287080F8365077
:10A7C0002030042A86768777EFD3886D0088A4F836
:10A7D000720093F8A20084F8740001F065FF01464E
:10A7E0002046BDE8F04100F0A1BB0120DAE70000FF
:10A7F000BC5400245C5D00240000000000002041E7
:10A800004E5B002470B5344C94F8B806012801D092
:10A8100028B10AE00423012264213C2003E0002245
:10A82000042311461046FEF79BF894F8BC062B4D06
:10A83000012809D10623012264217820FEF790F82F
:10A8400094F8BC06012804D0C0B202280AD068B12E
:10A8500012E095F8A20001280ED1062301226421FE
:10A860003C2007E006230122642102E006230022A7
:10A8700011460020FEF774F895F8A600012808D0CC
:10A8800002280BD003284FF003031BD000221146EF
:10A8900002E0032301226421002003E003230122BC
:10A8A00064217820FEF75CF894F8B70601280DD0F3
:10A8B000002810D10223002211461046BDE8704046
:10A8C000FEF74EB801226421E420EBE702230122C7
:10A8D00064213C20F2E770BDBC5400245C5D002480
:10A8E00000B500F13402FF212DED028B012383B06E
:10A8F00011705370113202239FED308A117078303D
:10A900005370121D0423F0EE001A11705370121DC3
:10A910000823B0EE481A1170537023325123F0EE21
:10A92000480A1170B0EE000A537000F0C3F8001D21
:10A93000F7EE001AB0EE481ADFED210AB7EE000A72
:10A9400000F0B8F8001DF7EE001AB0EE481AF0EE6D
:10A95000480AB7EE000A00F0ADF8001DF7EE001A45
:10A96000B0EE481AF0EE480AB7EE000A00F0A2F87E
:10A97000001DDFED141AB0EE481AF0EE480A9FED04
:10A98000120A00F097F8011F0B1FCDE900101A1FE3
:10A990000C3900F5927000F019F8A0F59272111FB1
:10A9A0000B1FCDE900120C3A0C39A43000F00EF860
:10A9B00003B0A0F51470BDEC028B00BD00000000D8
:10A9C0006F12033B0000C843000048432DE9F041EB
:10A9D000001D1C460F46DDE9065600F08AF8001DF2
:10A9E00000F087F8001D00F084F8001D00F081F8E9
:10A9F000001D00F07EF8001D00F07BF8001D00F047
:10AA000078F8001D00F075F83A684260083000F0F0
:10AA100070F8226842602A6882603268C260283812
:10AA2000BDE8F08130B500294FF0FF3014D00B683D
:10AA3000002B11D0002A0FD0CC888D88AC420BD0CF
:10AA4000C888185C1070C8880A89401CB0FBF2F3F3
:10AA500002FB1300C880002030BDF0B500294FF084
:10AA6000FF3011D00C68002C0ED08B880E89CD8859
:10AA700003F10103B3FBF6F706FB17339D4203D046
:10AA8000888822548B800020F0BD70B50C001546DC
:10AA90004FF0FF360CD05DB1206820B91046F6F7B4
:10AAA000B7F9206020B125810020E080A08070BD32
:10AAB000304670BD10B5044610202DED048BB0EE6D
:10AAC000618AF0EE418AB0EE609AF0EE409A00F0B2
:10AAD00059FA2060C0ED009A206880ED019A206844
:10AAE000C0ED028A206880ED038A2046BDEC048B0D
:10AAF00010BD10B50446082000F044FA206020463E
:10AB000010BD70B50D460446D00720D04021224626
:10AB100004F12C032846F8F747FB002817D100253D
:10AB200004F158066019314690F82C202046FFF7B2
:10AB300094FF6D1CEDB2082DF4D3A16E206800299E
:10AB4000A06204D004F12800BDE87040084770BD41
:10AB50008166704708B500216A468DF8001000F143
:10AB60005801FFF75FFF9DF8000008BDC166704700
:10AB70000A4600214FF4002330B4C46EC0E90D41F1
:10AB8000C0E90F1341648164C1640165416500F14E
:10AB90003401436E30BC1846F8F790BA10B504463D
:10ABA000002092B2C4E9191004F158012046FFF7C1
:10ABB0006CFF204610BD7CB5140A1D0A8DF80440B8
:10ABC0008DF805208DF806508DF8073004230A898A
:10ABD0000968009301AB00F01BF87CBDFEB5150AB7
:10ABE0001E0A089C8DF804508DF80520270A8DF860
:10ABF00006608DF808708DF8073006238DF809403F
:10AC00000A890968009301AB00F002F8FEBD00005C
:10AC10002DE9F84380460C481E461746089D8142A0
:10AC20000C4604D109494046009500F015F8084843
:10AC3000844206D1074933463A464046009500F023
:10AC40000BF8BDE8F8830000040100249CA8002450
:10AC5000A40100240CA9002470B50C461E4691B234
:10AC60002046049DFFF782FF2A4631462046BDE874
:10AC70007040FFF77DBF0000DFED5E2AB9B10878B4
:10AC800001F1440291ED122AD1ED111AC1ED070A2A
:10AC900030EEC03A81ED080A30EEC01A012882EC8D
:10ACA000031AB1EE430A05D002284DD09FE0B0EE62
:10ACB000620A7047D1ED010AB5EEC01AF1EE10FA42
:10ACC00020EE812A81ED0B2A01DDB0EE410AD1EDA3
:10ACD000060AB4EEE00AF1EE10FA07D291ED0C0A82
:10ACE000D1ED020A00EE810A81ED0C0A71EE610AD3
:10ACF000D1ED032AD1ED0C1A91ED050AD1ED0F3AF1
:10AD000091ED0E3A22EEA01AF4EEC01AC1ED103AFF
:10AD1000F1EE10FA81ED0F3AC1ED0E0A81ED0D1A38
:10AD200009DCB1EE400AF4EEC01AF1EE10FA02D3DB
:10AD300091ED0C0A01E081ED0C0A32EE000AD1ED32
:10AD4000040A30EE010A42E031EE613AD1ED010A27
:10AD5000B5EEC01AF1EE10FA23EE203A81ED0B3A6F
:10AD600001DDB0EE410AD1ED060AB4EEE00AF1EEE3
:10AD700010FA06D291ED020A20EE010A81ED0C0ACA
:10AD800001E0C1ED0C2AB0EE000AD1ED033A01EE6C
:10AD9000C01A91ED0C5A91ED0F4AD1ED092AD1ED6F
:10ADA0000E4AD1ED040A31EE020A33EE051A81EDA6
:10ADB000104AC1ED0F4A63EE801A81ED0E0AC1ED13
:10ADC0000D1A31EE211A81ED0A1A32EE810A81ED57
:10ADD000090AB4EEE00AF1EE10FA06DCF1EE600AC0
:10ADE000B4EEE00AF1EE10FA01D2C1ED090A91EDDC
:10ADF000090A704700000000002903D001F8042B65
:10AE000081EC060A704770B501260D460024034602
:10AE1000A88A06FA04F10842184604EB440101EB43
:10AE2000030201D0012100E0002100F023F8641C9E
:10AE3000E4B2102CECD3A87C03F1300201280ED030
:10AE40000021184600F016F8E87C03F133020128CF
:10AE500007D000211846BDE8704000F00BB8012172
:10AE6000EFE70121F6E70878012800D000B910705B
:10AE7000107870471078012900D140B1012805D120
:10AE8000002903D150781170401C50707047012088
:10AE9000107070474A78002048700AB1012070474E
:10AEA00000207047487858B11378002013B1012B67
:10AEB00004D005E048700123137001E04870107061
:10AEC0001078704710B51C4612B1012A04D006E074
:10AED0001A46FFF7E7FF02E01A46FFF7C4FF2078A3
:10AEE00010BD4BB132B1012A03D10878012800D03E
:10AEF00000207047FFF7CEBF1AB1012AF9D10878B8
:10AF000070474878704702782AB159B1B1FBF2F125
:10AF10004068C9B201E029B14068B0FBF1F201FB21
:10AF2000120008B1002070470120704730B5C26898
:10AF300002B9C160021DB7EE002ADFED110A1CCA7A
:10AF40008160CD1A036101EE105A091B01EE901ABF
:10AF5000B8EE411A521C4260F8EE612A00EE102A47
:10AF6000C2EE011AB8EE400A80EE221A21EEA00AC3
:10AF700080ED050A61EE200AC0ED060A30BD000032
:10AF800000007A4410B500F001F810BD10B50400BF
:10AF900007D1012405E0F6F73DF9006800B904483F
:10AFA00080472046F5F734FF0028F4D010BD00009C
:10AFB0005F120008090700284FEA116104DB00F165
:10AFC000E02080F80014704700F00F0000F1E0204E
:10AFD00080F8141D7047000009492822094810B55F
:10AFE000FFF7DCFD0748282207497030FFF7D6FD40
:10AFF00004482822BDE810400449E030FFF7CEBDE8
:10B00000040100249CA80024A4010024440200247C
:10B010000223074807491A0210B5FFF7DDFA06496F
:10B0200003230C3040F2FF12FFF7D6FA10BD0000E8
:10B0300008600024A401002404010024024810B583
:10B04000FEF7E0FE10BD0000886000240B490020E0
:10B050000C4B0B4A4B60C1E902201C310B4B0A4AD6
:10B060004B60C1E902200A4A1C31C1E90102094AC8
:10B07000C8601C31C1E90102C8607047ECA9002416
:10B0800094050024AC070024280600249C08002412
:10B090006C04002400050024704700000548B7EE4A
:10B0A000000ADFED050A80ED350A80ED330AC0EDB8
:10B0B000340A70475C5D002400000000024810B5AF
:10B0C000FFF70EFC10BD000034520024F8F7F4FD29
:10B0D000FCF74EF9FBF7BBFFFBF7E4FDFBF744FC85
:10B0E000FBF722FFFBF754FFFBF7B6FEFBF7E8FE8A
:10B0F000FBF718FEFBF77EFCFBF7C4FCFBF70AFD31
:10B10000FBF75EFE00F014F8FBF74CFD00F022F8B0
:10B11000FEE710B5EFF3058111B16FF0050404E00F
:10B120004FF0000408B100F05BFE204610BD0000A7
:10B13000EFF3058010B16FF005007047044908680F
:10B1400010B14FF0FF30704701220A6000207047B5
:10B15000A400002410B5EFF3058010B16FF00500D6
:10B1600010BD08480168012902D04FF0FF3010BD22
:10B17000054A002182F8141D0221016000F098FEAA
:10B18000002010BDA40000240BE000E02DE9FF41E9
:10B190004FEA01034FF00005EFF30581039561BB12
:10B1A00058B34FF080064FF018014FF000044AB337
:10B1B000176807B13C4697691FB139467F1E382F83
:10B1C00002D21779FF0703D0002004B0BDE8F08158
:10B1D000576907B1BE08D2F808C0BCF1000F0DD006
:10B1E000D5685C2D18D312693AB137B18DE80610D5
:10B1F0003246214601F01FFA03900DE0D7685FB98F
:10B2000012694AB903AACDE90012B2B2214601F08F
:10B21000E5F9012800D003950398D6E72DE9F04120
:10B22000134C0F460546E6682068001D00F0A2FC9E
:10B23000681C07D137B12168BDE8F0410D48091DF0
:10B2400000F0EABC20683544B5424560216805D26B
:10B25000A06B091DBDE8F04100F0C6BC606B091D84
:10B2600000F0C2FCA06A854200D2A562BDE8F08170
:10B2700054000024500E00242DE9F041054600F052
:10B28000D7FC2D4C2D4FA068401CA060206810B149
:10B29000606930B32BE02560A068012827D1002623
:10B2A00006EB860007EB800000F090FC761C382E41
:10B2B000F6D3234800F08AFC2148143000F086FCC5
:10B2C0001F48283000F082FC1D483C3000F07EFC16
:10B2D0001B48503000F07AFC194860631430A063BA
:10B2E00005E0E86A2168C96A814200D82560606A81
:10B2F000401C60626864E86A2169884200D9206164
:10B3000000EB8000291D07EB800000F085FC00F0B9
:10B31000AFFC606900280CD02068E96AC06A8842E6
:10B3200007D208494FF080500860BFF34F8FBFF33A
:10B330006F8FBDE8F081000054000024A0090024B4
:10B34000000E002404ED00E038B500F071FC104C54
:10B350002068C8B90F4800F039FC0E48143000F0DE
:10B3600035FC0C490020E16014312161A1F58273A4
:10B370000090A1F1B40210210A2000F0C8FE206064
:10B3800010B105A100F0F6FCBDE8384000F070BC3B
:10B3900090000024540F0024546D725100000000EE
:10B3A00030B4026C0B46002A0BD0D0E902411144A4
:10B3B000C160A14201D30168C160184630BCF5F7F5
:10B3C000CDBD30BC70472DE9F041856B1746026C4E
:10B3D0000446002682B1C7B1E068F5F7BFFDE16819
:10B3E000206C2268091AE160914202D2A168081A11
:10B3F000E060022F16D017E02068A8B9A06801F01D
:10B40000BDF906460020A0600EE06068F5F7A6FDD5
:10B41000D4E90101226C10446060884204D32068A2
:10B42000606001E005B16D1E6D1CA5633046BDE88E
:10B43000F08110B5044690F8590058B101280CD09D
:10B4400002280FD0502080F31188BFF34F8FBFF335
:10B450006F8FFEE7206B00F01FFC2046BDE8104018
:10B4600000F01ABC10BD000011484FF4705110B527
:10B47000420706D00E49C01D20F00700411AC1F551
:10B4800070510C4C002301440839A4F1180221F03A
:10B490000701C4E900030C1A11604B600B60C0E99E
:10B4A000001494604FF000415460516110BD0000E1
:10B4B00034160024C0000024144E4FF08058144C61
:10B4C000DFF85090A6F29C4712E000BF00F0B0FBFE
:10B4D000F068C568281D00F04DFBA068401EA06004
:10B4E0006068401E606000F0C3FB2846FFF7A1FFC4
:10B4F00060680028EAD138680128F9D9C9F80080C5
:10B50000BFF34F8FBFF36F8FF2E700003C0E0024B4
:10B510005400002404ED00E070B51D46049C51B1B8
:10B52000C4F80020C4E90F010121204600F022FEEA
:10B5300084F84C5070BD2460F4E72DE9F05F884634
:10B540009A4691001546DDE90B940A9EA522834692
:10B55000206BF5F77AFD206B6FF0030101EB85019D
:10B56000084420F00707780707D0502080F311889F
:10B57000BFF34F8FBFF36F8FFEE7B8F1000F4FF0AF
:10B5800000050ED00020221818F8001082F83410A0
:10B5900018F8001011B1401C1028F4D384F843505F
:10B5A00001E084F83450382E00D33726E662201D9F
:10B5B000C4E9136500F015FB04F1180000F011FB5D
:10B5C0006565C6F13800A06184F858505246246180
:10B5D00059463846646200F05BFAB9F1000F20600A
:10B5E00001D0C9F80040BDE8F09F000030B5114916
:10B5F00000E011460A688242FBD34B685C18844223
:10B6000003D14468084623444B6043681D189542A3
:10B6100009D1084C183C2468A24209D052681A4447
:10B6200042600A6812680260814200D0086030BD42
:10B630000460F9E7C000002470B50D4D91424160EF
:10B640004FF00004006106D88169D21A8A4206D2FE
:10B65000011D286907E09A4203D2994201D30124CF
:10B6600003E0011DE86800F0BFFA204670BD00004D
:10B670009000002410B5044600F0DAFAA06B28B15F
:10B680005FF0000400F0F4FA204610BD0124F9E751
:10B6900030B53C4D89B06BE00498002806DA059A75
:10B6A000DDE9060190470498002861DB069C60698B
:10B6B00010B1201D00F05EFA03A800F0D5F8024694
:10B6C00004980A2854D2DFE800F00505052D30471C
:10B6D00005052D3094F8280040F0010084F828007A
:10B6E000A06905990B4601442046FFF7A5FF50B31A
:10B6F000216A2046884794F82800400738D5002062
:10B70000009005980023A16942181946204601F0CF
:10B710003DF9C0B9502080F31188BFF34F8FBFF3BC
:10B720006F8FFEE794F828001EE094F8280040F0A0
:10B73000010084F828000598A06128B181181346FB
:10B740002046FFF779FF13E0502080F31188BFF304
:10B750004F8FBFF36F8FFEE794F82800810703D463
:10B76000204600F099FA03E020F0010084F8280058
:10B770002868002204A900F057FE00288CD109B0E7
:10B7800030BD0000900000242DE9FC410F46054625
:10B7900000F0D2FB01A800F067F80446019818B148
:10B7A00001F062F8BDE8FC81254EAFB13069006858
:10B7B000D0B300273068291B3A4600F0EFFA01F0B9
:10B7C00053F80028EED11F494FF080500860BFF3B6
:10B7D0004F8FBFF36F8FE5E7A542EBD801F044F838
:10B7E000F0682746C068C468201D00F0C3F994F8CB
:10B7F0002800410719D5A0692B463A464119204631
:10B80000FFF71AFFA8B100202A4603460146009020
:10B81000204601F0BBF860B9502080F31188BFF3D7
:10B820004F8FBFF36F8FFEE707E020F0010084F831
:10B830002800216A20468847B4E70127BAE70000BC
:10B840009000002404ED00E00648416B096829B12E
:10B85000416BC968C9684968816270474FF0FF3120
:10B86000FAE700005400002470B5054600F01CFF04
:10B87000064E0446B068844203D200F009F8012065
:10B8800000E0002028602046B46070BD90000024D5
:10B89000F8B5194D20E0C068C4680668201D00F0A6
:10B8A00069F9216A2046884794F82800400713D593
:10B8B000A0693044B04206D92461211D6060E86867
:10B8C00000F092F908E0002032460346014600905D
:10B8D000204601F05BF838B1E86801680029DAD148
:10B8E0002969C5E90310F8BD502080F31188BFF322
:10B8F0004F8FBFF36F8FFEE7900000240848406829
:10B90000401C4FF0500080F3118804D0BFF34F8FDC
:10B91000BFF36F8FFEE7BFF34F8FBFF36F8FFEE76D
:10B92000C8000024074CE068016841B1C0680021EC
:10B93000D0F80000FFF728FFFFF7AAFEF3E7012188
:10B940000020F7E7900000242DE9F041044600F0C4
:10B950006FF994F9455004F1240609E0606A48B192
:10B96000304600F049FF08B100F068FA6D1E6DB274
:10B97000002DF3DC4FF0FF3684F8456000F078F9D5
:10B9800000F056F994F9445004F1100709E02069D9
:10B9900048B1384600F030FF08B100F04FFA6D1E94
:10B9A0006DB2002DF3DC84F84460BDE8F04100F096
:10B9B0005FB900002DE9F0410027044600F0BCFA11
:10B9C000324E306808B9FFF74FFD706904424ED11E
:10B9D000C4B3083460070ED004F00700C0F10800BB
:10B9E0000444600707D0502080F31188BFF34F8FC5
:10B9F000BFF36F8FFEE72CB37068844237D82348BB
:10BA0000183001460D6801E028460D466968A142DC
:10BA100002D229680029F7D131688D4227D0076802
:10BA20002968016008376868011B10290FD9281997
:10BA3000420708D0502080F31188BFF34F8FBFF327
:10BA40006F8FFEE713E041606C60FFF7CFFD696820
:10BA50007068401A7060B268904200D2B0600020F6
:10BA600072691143C5E90001F068401CF06000F004
:10BA7000FBFE780707D0502080F31188BFF34F8F6B
:10BA8000BFF36F8FFEE73846BDE8F081A8000024C1
:10BA900070B5041F094E231F4FF0807521F001017E
:10BAA00025601C1F1960A0F120010B1F266044387F
:10BAB0000A606FF002051D6070BD0000FDB800084F
:10BAC000F0B5002855D0002953D00278437842EAD7
:10BAD0000322C2F30A020A8043788478DB0843EA2F
:10BAE0004413C3F30A034B808478C5780679A4090C
:10BAF00044EA850444EA8624C4F30A048C80057968
:10BB000046796D0845EAC615C5F30A05CD80467924
:10BB1000C6F301168E724679B609CE728679C77958
:10BB200046EA07268E81067A477A46EA0726CE81BC
:10BB3000867AC77A46EA07260E82067B8E74467B93
:10BB4000CE74867BC77B46EA07268E82067C407CC5
:10BB5000A2F580620A80A3F580634B80A4F580641F
:10BB60008C80A5F5806546EA0020CD80A0F5806038
:10BB70000881F0BDD0E9013201699A60D0E9012362
:10BB80005A604A68824201D182684A60002202619A
:10BB90000868401E086008687047000010B5044C33
:10BBA0008023046004F15C000860136010BD000095
:10BBB0007C0F002410B5044C4FF48073046004F132
:10BBC0005C000860136010BDD81100244FF0FF33F3
:10BBD00000F108010022C0E901130260C1600161A7
:10BBE000704700210161704730B50B685A1C02D0C4
:10BBF00000F1080202E0026904E022465468256868
:10BC00009D42FAD953684B6099608A60516008611F
:10BC10000168491C016030BD42684A6093688B60CE
:10BC200093685960916008610168491C0160704720
:10BC3000502080F31188BFF34F8FBFF36F8F0A49F5
:10BC40004868401C486001280CD10848006810F082
:10BC5000FF0F07D0502080F31188BFF34F8FBFF341
:10BC60006F8FFEE770470000C800002404ED00E07D
:10BC70000849486828B1401E486001D180F3118806
:10BC80007047502080F31188BFF34F8FBFF36F8F41
:10BC9000FEE70000C800002470B500282AD0164D29
:10BCA000A0F1080461686869014207D1502080F35F
:10BCB0001188BFF34F8FBFF36F8FFEE722683AB151
:10BCC000502080F31188BFF34F8FBFF36F8FFEE7D3
:10BCD0008143616000F030F9606869680844686019
:10BCE0002046FFF783FC2869401C2861BDE87040AE
:10BCF00000F0BABD70BD0000A80000244FF0E020A5
:10BD0000002101614FF47A728161072303490968B8
:10BD1000B1FBF2F1491E4161036170474C00002400
:10BD200010B5F4F785FB114910280ED300F1E0207F
:10BD30000A7890F8F003904207D2502080F31188DF
:10BD4000BFF34F8FBFF36F8FFEE709488968006824
:10BD500000F4E060884207D9502080F31188BFF3D7
:10BD60004F8FBFF36F8FFEE710BD0000C8000024A7
:10BD70000CED00E0084B5FF0000210B553F83240C4
:10BD80001CB1521C082AF9D310BD03EBC20443F8BE
:10BD90003210606010BD00006009002470B51546C7
:10BDA0000E460446FFF744FF94F944100020491C56
:10BDB00001D184F8440094F94510491C01D184F85C
:10BDC0004500FFF755FFA06B28B904F124002A466F
:10BDD000314600F051F82046BDE87040FFF7B4BD91
:10BDE000020010B514D00F48006B38B1502080F31A
:10BDF0001188BFF34F8FBFF36F8FFEE700F09CF801
:10BE000000211046FFF70AFA00F02EFD002807D1A6
:10BE100005494FF080500860BFF34F8FBFF36F8F1D
:10BE200010BD00005400002404ED00E002490A6A3D
:10BE30000260C96841607047540000240149012034
:10BE4000C86170475400002410B50C4650B1094930
:10BE500009681831FFF7C8FE2046BDE810400121EF
:10BE6000FFF7DCB9502080F31188BFF34F8FBFF389
:10BE70006F8FFEE75400002470B514460D4668B17C
:10BE80000A4909681831FFF7C7FE0CB14FF0FF35BA
:10BE900021462846BDE87040FFF7C0B9502080F326
:10BEA0001188BFF34F8FBFF36F8FFEE7540000245C
:10BEB00030B587B0002405AA04A9039403A804940C
:10BEC000FFF76CFEDDE9030100940023CDE90110CA
:10BED000174815A1059A00F0AEFB164D0028E86240
:10BEE0001FD000F023FD012809D0401C19D150209B
:10BEF00080F31188BFF34F8FBFF36F8FFEE75020A1
:10BF000080F31188BFF34F8FBFF36F8F01214FF084
:10BF1000FF30A8626961EC6007B0BDE8304000F016
:10BF200045B807B030BD000049444C450000000052
:10BF3000B9B40008540000240248016B491C016395
:10BF40007047000054000024164810B5016B11B171
:10BF50000121C16110BD0021C161134A016901E0E5
:10BF6000B9B1491E01EB810352F82330002BF7D001
:10BF700001EB810302EB830202F1080453685B6862
:10BF80005360A34201D15B685360DA6802600161CB
:10BF900010BD502080F31188BFF34F8FBFF36F8F18
:10BFA000FEE7000054000024A009002437481CB517
:10BFB000374902688A4207D1502080F31188BFF3C5
:10BFC0004F8FBFF36F8FFEE731490068491E8842EB
:10BFD00007D1502080F31188BFF34F8FBFF36F8FCD
:10BFE000FEE72C49FF200A780192087008788DF846
:10BFF00000009DF800209DF8000002F0F00282424F
:10C0000007D0502080F31188BFF34F8FBFF36F8F9D
:10C01000FEE79DF8002007201F4C02F0500222701E
:10C02000A06005E09DF8002052008DF80020401E21
:10C030009DF800201206F5D40328A06007D05020F8
:10C0400080F31188BFF34F8FBFF36F8FFEE74FF47C
:10C050004070A060019808700C482030016841F4DD
:10C0600070010160016841F070410160FFF746FE18
:10C0700000206060F4F7A4F90848016841F04041ED
:10C080000160F4F789F900201CBD000000ED00E01C
:10C0900071C20F4100E400E0C800002434EF00E06A
:10C0A000502010B580F31188BFF34F8FBFF36F8F0F
:10C0B00000F000FB18B104494FF0805008600020E8
:10C0C00080F3118810BD000004ED00E0F8B5050014
:10C0D00017460E4613D005FB06F05030FFF76AFCFA
:10C0E00004000AD0002084F8460004F150023B46C8
:10C0F000314628460094FFF70FFA2046F8BD50203D
:10C1000080F31188BFF34F8FBFF36F8FFEE7F8B551
:10C11000069D18B153B1CAB181B120E0502080F31F
:10C120001188BFF34F8FBFF36F8FFEE7502080F36E
:10C130001188BFF34F8FBFF36F8FFEE7502080F35E
:10C140001188BFF34F8FBFF36F8FFEE739B15020D7
:10C1500080F31188BFF34F8FBFF36F8FFEE750243A
:10C160001C46012683F8466000932B46FFF7D4F95E
:10C170002046F8BD2DE9F04704008A4629D0FFF794
:10C1800057FD21680025D4E90F23D4F840C004F1FD
:10C19000100810460E46401E4FF0FF3902FB0312F6
:10C1A00000FB0C10BAF1000FA563666084F84490A0
:10C1B00084F84590C4E9022013D04046FFF706FDFD
:10C1C00004F12400FFF702FDFFF752FD0120BDE856
:10C1D000F087502080F31188BFF34F8FBFF36F8F2C
:10C1E000FEE720690028EFD0404600F005FB00285C
:10C1F000EAD004494FF080500860BFF34F8FBFF37F
:10C200006F8FE1E704ED00E02DE9FF4704001D46D4
:10C2100082B08A464FF0000803D0BAF1000F08D070
:10C2200011E0502080F31188BFF34F8FBFF36F8F61
:10C23000FEE7206C38B1502080F31188BFF34F8F98
:10C24000BFF36F8FFEE7022D0AD1E06B012807D004
:10C25000502080F31188BFF34F8FBFF36F8FFEE73D
:10C2600000F014FA3F4F4FF080564FF0000948B9E4
:10C27000049838B1502080F31188BFF34F8FBFF37B
:10C280006F8FFEE7FFF7D4FCA06BE16B884207D30A
:10C29000022D05D00498D0B1B8F1000F1AD01EE0DD
:10C2A0002A4651462046FFF78EF8616A19B104F11B
:10C2B000240000F0A1FA20B13E60BFF34F8FBFF31E
:10C2C0006F8FFFF7D5FC012006B0BDE8F087FFF7C0
:10C2D000CFFC22E06846FFF7A9FD4FF00108FFF709
:10C2E000C7FCFFF729FEFFF7A3FC94F94400401CAC
:10C2F00001D184F8449094F94500401C01D184F8A0
:10C300004590FFF7B5FC04A9684600F02BF930B161
:10C310002046FFF719FB00F0A7FA0020D4E7FFF74B
:10C3200087FCA06BE16B884213D1FFF7A1FC049955
:10C3300004F11000FFF788FD2046FFF705FB00F031
:10C3400093FA00289ED13E60BFF34F8FBFF36F8FEB
:10C3500098E7FFF78DFC2046FFF7F6FA00F084FA25
:10C3600090E7000004ED00E02DE9F04704001F46CF
:10C370009046894603D0B9F1000F08D011E0502053
:10C3800080F31188BFF34F8FBFF36F8FFEE7206CF0
:10C3900038B1502080F31188BFF34F8FBFF36F8FF8
:10C3A000FEE7022F0AD1E06B012807D0502080F36E
:10C3B0001188BFF34F8FBFF36F8FFEE7FFF7B0FC1D
:10C3C0005020EFF3118680F31188BFF34F8FBFF336
:10C3D0006F8FA06BE16B884206D3022F04D0002040
:10C3E00086F31188BDE8F08794F94550A06B3A4672
:10C3F00049462046FEF7E7FF681C04D06D1C84F810
:10C4000045500120ECE7606A0028FAD004F12400CE
:10C4100000F0F2F90028F4D0B8F1000FF1D00121BA
:10C42000C8F80010EDE700002DE9F74704008A4640
:10C4300083B04FF0000603D0BAF1000F08D011E02E
:10C44000502080F31188BFF34F8FBFF36F8FFEE74B
:10C45000206C38B1502080F31188BFF34F8FBFF3A9
:10C460006F8FFEE700F012F9DFF8F4804FF080578D
:10C470004FF0000948B9059838B1502080F3118871
:10C48000BFF34F8FBFF36F8FFEE7FFF7D1FBA56BB5
:10C49000C5B151462046FEF783FF6D1EA563206996
:10C4A00050B104F1100000F0A7F928B1C8F80070ED
:10C4B000BFF34F8FBFF36F8FFFF7DAFB012006B09A
:10C4C000BDE8F087059808B11EB106E0FFF7D0FB84
:10C4D00027E06846FFF7AAFC0126FFF7C9FBFFF734
:10C4E0002BFDFFF7A5FB94F94400401C01D184F813
:10C4F000449094F94500401C01D184F84590FFF721
:10C50000B7FB05A9684600F02DF8002820460AD0A0
:10C51000FFF71AFA00F0A8F92046FFF7ABF8002859
:10C52000B3D00020CBE7FFF7A5F890B1059904F14F
:10C530002400FFF789FC2046FFF706FA00F094F983
:10C540000028A2D1C8F80070BFF34F8FBFF36F8FE0
:10C550009BE72046FFF7F8F900F086F995E7000021
:10C5600004ED00E02DE9F04105000C4612D0CCB1FD
:10C57000FFF75EFB184E2068F268471C6B68A2EB61
:10C58000030117D02F68366AB74215D0934213D8EB
:10C5900001251CE0502080F31188BFF34F8FBFF3BB
:10C5A0006F8FFEE7502080F31188BFF34F8FBFF3EA
:10C5B0006F8FFEE700250AE0884205D9401A206007
:10C5C0002846FFF733FCF5E7002020600125FFF740
:10C5D0004FFB2846BDE8F081540000242DE9FF5FA1
:10C5E000994616468A4683469000DDE90E87FFF796
:10C5F000E1F905001CD05C20FFF7DCF9040014D041
:10C600000020256384F859004B46CDE90087CDE929
:10C610000240324651465846FEF78FFF2046FEF74D
:10C620002BFE012004B0BDE8F09F2846FFF734FB45
:10C630004FF0FF30F6E7F0B585B0DDE90B740A9DE9
:10C64000A7B1DCB15C262763022684F85960002775
:10C6500003970DF1100C0095CDE901C4FEF76DFFB5
:10C660002046FEF709FE049805B0F0BD502080F387
:10C670001188BFF34F8FBFF36F8FFEE7502080F319
:10C680001188BFF34F8FBFF36F8FFEE705484169F5
:10C6900019B1006B18B100207047012070470220CB
:10C6A00070470000540000240148C0687047000033
:10C6B000540000242DE9F0412E4C206B002728B1B6
:10C6C000A069401CA0613846BDE8F081E668761C90
:10C6D000E66013D1606B006838B1502080F3118898
:10C6E000BFF34F8FBFF36F8FFEE7606BA16B61638A
:10C6F000A063206A401C2062FFF7A6F8DFF878806C
:10C70000A06A864209D3606B0068A0B1606BC06804
:10C71000C5686868864211D2A0622068C06A00EBD2
:10C72000800158F82100012800D90127E06900287C
:10C73000C9D00127C7E74FF0FF30EDE7281DFFF70D
:10C7400019FAA86A18B105F11800FFF713FAE86A98
:10C750002169884200D9206100EB800108EB81004B
:10C76000291DFFF759FA2068E96AC06A8142CAD3D5
:10C770000127C8E754000024A009002470B504462E
:10C780004FF0000190B31A4D2868844207D0502022
:10C7900080F31188BFF34F8FBFF36F8FFEE7206DDB
:10C7A00038B1E36C401EE26A20659A421ED040B167
:10C7B0001CE0502080F31188BFF34F8FBFF36F8FC1
:10C7C000FEE7201DFFF7D6F9E06CC0F13801A1614A
:10C7D000E0622969884200D9286100EB80000549A0
:10C7E00001EB8000211DFFF717FA0121084670BDFB
:10C7F00054000024A009002470B5C068C46854B176
:10C8000004F118000646FFF7B5F9144D286B50B136
:10C810001348314615E0502080F31188BFF34F8F45
:10C82000BFF36F8FFEE7201DFFF7A4F9E06A2969C7
:10C83000884200D9286100EB80000A4901EB8000A2
:10C84000211DFFF7E9F9E06A2968C96A884203D91E
:10C850000121E961084670BD002070BD540000242C
:10C86000280E0024A00900242DE9F0472C4D286B48
:10C870000024274638B1FFF7DBF9286B401E2863F8
:10C88000286B40B147E0502080F31188BFF34F8FF1
:10C89000BFF36F8FFEE7234E0120A968D9B3A6F539
:10C8A000916980463068E0B1F068C46804F118000E
:10C8B000FFF760F9201DFFF75DF9E06A29698842FA
:10C8C00000D9286100EB800109EB8100211DFFF7F1
:10C8D000A3F9E06A2968C96A8842E3D3C5F81C80D5
:10C8E000E0E70CB1FEF7B0FFAC694CB14FEA0806C7
:10C8F000FFF7E0FE00B1EE61641EF9D10020A861EF
:10C90000E86940B1084901274FF080500860BFF343
:10C910004F8FBFF36F8FFFF7ABF93846BDE8F08755
:10C9200054000024280E002404ED00E010B586B069
:10C93000FEF70AFD114C2068B8B10020039005AA4B
:10C94000049004A903A8FFF735F9DDE903210220CB
:10C9500000238DE807000C4809A1059AFFF76BFE3C
:10C96000606010B106B0012010BD502080F3118826
:10C97000BFF34F8FBFF36F8FFEE7000090000024DE
:10C98000546D72205376630025B900082DE9FF41EC
:10C990001E46134602004FF000000A9D16D0144CAC
:10C9A0002768002F0FD006290292CDE9001317DA6D
:10C9B000FFF76CFE02284FF000030FD00022206822
:10C9C0006946FFF721FC04B0BDE8F081502080F3F8
:10C9D0001188BFF34F8FBFF36F8FFEE72A46EEE754
:10C9E0000023324669463846FFF7BEFCEBE70000FD
:10C9F000900000249FED100B1CB510EE101A10EEE5
:10CA0000900A8DED000B01B1012108430C4920F083
:10CA10000040081AC10F4FF000000AD110EE902A12
:10CA2000084B0121B3EB420F02D110EE102A02B1E4
:10CA3000084680F001001CBD00000000000000005E
:10CA40000000F07F0000E0FF4FF00000E1EE100A70
:10CA50007047000058CF00080000000000000000F0
:10CA600000000000000000000002000018000000AC
:10CA700000000000000000009CCF00080000000043
:10CA800000000000000000000000000000020000A4
:10CA90000A000000000000000000000090CF000825
:10CAA0000000000000000000000000000000000086
:10CAB000000800000D000000000000000000000061
:10CAC00074CF00080000000000000000000000001B
:10CAD00000000000000400000E0000000000000044
:10CAE0000000000064CF000800000000000000000B
:10CAF0000000000000000000000800000C00000022
:10CB0000000000000000000080CF000800000000CE
:10CB1000000000000000000000000000000800000D
:10CB20000D0000000000000000000000ACCF000875
:10CB300000000000000000000000000000000000F5
:10CB4000000200000F0000000000000000000000D4
:10CB5000BCCF000800000000000000000000000042
:10CB600000000000000200000F00000000000000B4
:10CB700000000000DCCF0008000000000000000002
:10CB80000000000000000000000200000F00000094
:10CB90000000000000000000CCCF000800000000F2
:10CBA0000000000000000000000000000002000083
:10CBB0000F00000000000000000000000001020360
:10CBC00004050607080C101418203040000000006F
:10CBD0000000000000000000000000000000000055
:10CBE000010000000200000003000000040000003B
:10CBF0000000000005000000000000000000000030
:10CC0000000000000600000000000000000000001E
:10CC100000000000070000000006101600061016B5
:10CC2000010002000400060008000A000C001000C9
:10CC30002000400080000001010101030701000005
:10CC400008040204080101010000000001020304BD
:10CC50000102030406070809005EBCE2613FDD83B0
:10CC6000C29C7E20A3FD1F419DC3217FFCA2401ECC
:10CC70005F01E3BD3E6082DC237D9FC1421CFEA0BC
:10CC8000E1BF5D0380DE3C62BEE0025CDF81633DAC
:10CC90007C22C09E1D43A1FF4618FAA427799BC59C
:10CCA00084DA3866E5BB5907DB856739BAE406588C
:10CCB0001947A5FB7826C49A653BD987045AB8E67C
:10CCC000A7F91B45C6987A24F8A6441A99C7257B6C
:10CCD0003A6486D85B05E7B98CD2306EEDB3510F5C
:10CCE0004E10F2AC2F7193CD114FADF3702ECC924C
:10CCF000D38D6F31B2EC0E50AFF1134DCE90722C3C
:10CD00006D33D18F0C52B0EE326C8ED0530DEFB12B
:10CD1000F0AE4C1291CF2D73CA947628ABF517491B
:10CD20000856B4EA6937D58B5709EBB536688AD40B
:10CD300095CB2977F4AA4816E9B7550B88D6346AFB
:10CD40002B7597C94A14F6A8742AC896154BA9F7EB
:10CD5000B6E80A54D7896B350000891112239B323B
:10CD60002446AD573665BF74488CC19D5AAFD3BEBB
:10CD70006CCAE5DB7EE9F7F88110080193331A22CB
:10CD8000A5562C47B7753E64C99C408DDBBF52AE9B
:10CD9000EDDA64CBFFF976E802218B3010029913AB
:10CDA0002667AF763444BD554AADC3BC588ED19F7B
:10CDB0006EEBE7FA7CC8F5D983310A20911218038B
:10CDC000A7772E66B5543C45CBBD42ACD99E508F5B
:10CDD000EFFB66EAFDD874C904428D5316619F705B
:10CDE0002004A9153227BB364CCEC5DF5EEDD7FC3B
:10CDF0006888E1997AABF3BA85520C4397711E604B
:10CE0000A1142805B3373A26CDDE44CFDFFD56EC1A
:10CE1000E9986089FBBB72AA06638F7214409D512A
:10CE20002225AB343006B9174EEFC7FE5CCCD5DDFA
:10CE30006AA9E3B8788AF19B87730E6295501C410A
:10CE4000A3352A24B1163807CFFF46EEDDDC54CDDA
:10CE5000EBB962A8F99A708B088481951AA793B6EA
:10CE60002CC2A5D33EE1B7F04008C919522BDB3ADA
:10CE7000644EED5F766DFF7C899400859BB712A6AA
:10CE8000ADD224C3BFF136E0C1184809D33B5A2ABA
:10CE9000E55E6C4FF77D7E6C0AA583B4188691978A
:10CEA0002EE3A7F23CC0B5D14229CB38500AD91B9A
:10CEB000666FEF7E744CFD5D8BB502A4999610876A
:10CEC000AFF326E2BDD034C1C3394A28D11A580B7A
:10CED000E77F6E6EF55C7C4D0CC685D71EE597F43A
:10CEE0002880A1913AA3B3B2444ACD5B5669DF785A
:10CEF000600CE91D722FFB3E8DD604C79FF516E42A
:10CF0000A9902081BBB332A2C55A4C4BD7795E6839
:10CF1000E11C680DF33F7A2E0EE787F61CC495D509
:10CF20002AA1A3B03882B193466BCF7A5448DD5919
:10CF3000622DEB3C700EF91F8FF706E69DD414C5E9
:10CF4000ABB122A0B9923083C77B4E6AD5585C49F9
:10CF5000E33D6A2CF11E780F64656661756C74544C
:10CF600061736B00436F72726573706F6E645F7490
:10CF700061736B0047756172645F7461736B00006D
:10CF80004D6573736167655F7461736B00000000CA
:10CF900047696D62616C5F7461736B0052544F53EB
:10CFA00073797374656D5F7461736B0043414E31C7
:10CFB0005F52785F7461736B0000000043414E3232
:10CFC0005F52785F7461736B000000004452313629
:10CFD0005F52785F7461736B000000005365726983
:10CFE000616C5F52785F7461736B000028D0000839
:10CFF0000000002404010000080300082CD10008F0
:10D0000004010024BCBD000024030008B1E0FFFFC0
:10D0100089E0FFFF89E0FFFFF9DFFFFF21E0FFFF6D
:10D02000B9DFFFFF29E0FFFF000000000000000063
:10D0300000000000000000000000000000000000F0
:10D0400000000000000000000000000000000000E0
:10D0500000000000000000000000000000000000D0
:10D0600000000000000000000100000010000000AF
:10D07000000000000090D0030090D00300000000EA
:10D0800000000000000000000000000000000000A0
:10D090000000000000000000000000000000000090
:10D0A0000000000000000000000000000000000080
:10D0B0000000000000000000000000000000000070
:10D0C0000000000000000000000000000000000060
:10D0D0000000000000000000000000000000000050
:10D0E0000000000000000000000000000000000040
:10D0F00000000000AAAAAAAA000000000000000088
:10D10000000000000000000000000000000000001F
:10D11000000000000000000000000000000000000F
:0CD1200000000000000000000000000003
:04000005080002CD20
:00000001FF
