:020000040800F2
:10000000E05E00243D04000845660008835E0008A9
:10001000F1650008750B000805820008000000006B
:100020000000000000000000000000007D03000848
:10003000FD0E000800000000D9030008B5690008A3
:100040005704000857040008570400085704000824
:100050005704000857040008570400085704000814
:10006000570400085704000857040008DD0B000877
:10007000ED0B000857040008570400085704000857
:1000800057040008570400085704000857040008E4
:1000900057040008570400085704000857040008D4
:1000A00057040008616B0008570400085704000853
:1000B00057040008570400085704000857040008B4
:1000C00057040008570400085704000857040008A4
:1000D00057040008AD810008D981000857040008C2
:1000E00057040008570400080000000057040008E7
:1000F0005704000857040008570400085704000874
:100100005704000857040008570400085704000863
:100110005970000869700008570400085704000867
:100120005704000857040008570400085704000843
:100130005704000857040008570400085704000833
:1001400000000000000000000000000000000000AF
:100150005704000857040008570400085704000813
:100160005704000857040008570400085704000803
:100170005704000857040008570400080000000056
:1001800057040008570400085704000857040008E3
:1001900057040008570400085704000857040008D3
:1001A0005704000857040008570400080000000026
:1001B00057040008570400085704000857040008B3
:1001C0005704000857040008000000000000000069
:1001D00000000000000000005704000800000000BC
:1001E000000000000000000000000000000000000F
:1001F0000000000000000000570400085704000839
:1002000057040008570400080000000057040008C5
:100210005704000857040008570400085704000852
:100220005704000800000000570400080000000008
:100230005704000857040008000000005704000895
:100240005704000857040008570400085704000822
:100250005704000857040008570400085704000812
:100260005704000857040008570400085704000802
:100270005704000857040008570400080000000055
:1002800057040008570400085704000857040008E2
:100290000000000057040008570400080000000098
:1002A0000000000057040008570400085704000825
:1002B00057040008570400085704000857040008B2
:1002C00057040008570400085704000800F002F81B
:1002D00000F045F80AA090E8000C82448344AAF19B
:1002E0000107DA4501D100F03AF8AFF2090EBAE899
:1002F0000F0013F0010F18BFFB1A43F0010318475A
:10030000ACAF0000CCAF0000103A24BF78C878C171
:10031000FAD8520724BF30C830C144BF04680C600B
:10032000704700000023002400250026103A28BF53
:1003300078C1FBD8520728BF30C148BF0B60704757
:100340001FB50AF053FE9DE8030000F031FA00F0FB
:10035000EBF91FBD10B5002000F087FA10BD00F0CA
:1003600003FB1146FFF7ECFF08F00AFE00F021FB4B
:1003700003B4FFF7EFFF03BC00F060FB2C4B1968E0
:100380000868B0E8F04F80F30988BFF36F8F4FF033
:10039000000080F3118870470000000008480068E2
:1003A000006880F308884FF0000080F3148862B67C
:1003B00061B6BFF34F8FBFF36F8F00DF00BF00BF89
:1003C00008ED00E0DFF80C00016841F47001016005
:1003D000704700BF88ED00E0EFF30980BFF36F8F37
:1003E000134B1A681EF0100F08BF20ED108A20E989
:1003F000F04F106009B44FF0500080F31188BFF344
:100400004F8FBFF36F8F09F0BFFE4FF0000080F3F6
:10041000118809BC19680868B0E8F04F1EF0100F89
:1004200008BFB0EC108A80F30988BFF36F8F704764
:100430005C000024EFF30580704700000948804706
:1004400009480047FEE7FEE7FEE7FEE7FEE7FEE7B6
:10045000FEE7FEE7FEE7FEE704480549054A064BCE
:1004600070470000816A0008CD020008E0580024AF
:10047000E05E0024E05A0024E05A002470B50646ED
:1004800000F076F9056806F10B0020F00704B4428D
:100490009CBF002070BD2B466A68BAB11068A042AC
:1004A00010D304F1080188423CBF5068586007D35C
:1004B0005168101941601168091B0160586014608F
:1004C000101D70BD13465268002AE7D12146284608
:1004D00000F05AF90028DED170BD53EA020C00F09A
:1004E00069802DE9F04B4FF00006002B1FBFB3FAD7
:1004F00083F503FA05F424FA05F65E4012BF1643AD
:10050000B2FA82F502FA05F4C5F120051EBF22FAFF
:1005100005FC44EA0C04203556EA044C4FEA144426
:1005200018BF641C4FF000084FF00009904271EBB7
:10053000030C39D3002919BFB1FA81F701FA07F684
:10054000B0FA80F700FA07F6C7F120071EBF20FABD
:1005500007FC46EA0C062037B6FBF4FCA7EB0507C0
:10056000103F07F01F0BCBF120060CFA0BFB2CFA07
:1005700006F644BFB3460026202FA4BF5E464FF0C8
:10058000000B5BEA060C08BF4FF0010B19EB0B09DF
:10059000ABFB027C48EB0608C01B06FB02CC0BFB46
:1005A00003CC71EB0C01C1E70B46024641464846BD
:1005B000BDE8F08B13B54FF000004FF00001AFF332
:1005C0000080BDE81C4070472DE9F0410746154604
:1005D0000E461020FFF752FF04000AD06760C4E9FE
:1005E000026500F0C9F80168216004600020BDE8E0
:1005F000F0810120FBE7032A40F2308010F0030C69
:1006000000F0158011F8013BBCF1020F624498BF65
:1006100011F801CB00F8013B38BF11F8013BA2F102
:10062000040298BF00F801CB38BF00F8013B11F07D
:10063000030300F03B81083AC0F0088051F8043B06
:10064000083A51F804CBA0E80810F5E7121D5CBF8A
:1006500051F8043B40F8043BAFF30080D20724BFBD
:1006600011F8013B11F801CB48BF11F8012B24BF51
:1006700000F8013B00F801CB48BF00F8012B7047A0
:1006800002F0FF0343EA032242EA024200F002B80A
:100690004FF000020429C0F0128010F0030C00F0AB
:1006A0001B80CCF1040CBCF1020F18BF00F8012B29
:1006B000A8BF20F8022BA1EB0C0100F00DB85FEAF7
:1006C000C17C24BF00F8012B00F8012B48BF00F8C3
:1006D000012B70474FF0000200B513469446964632
:1006E000203922BFA0E80C50A0E80C50B1F1200145
:1006F000BFF4F7AF090728BFA0E80C5048BF0CC0F3
:100700005DF804EB890028BF40F8042B08BF704750
:1007100048BF20F8022B11F0804F18BF00F8012BC2
:10072000704770477047704770B5064C7C44064D63
:100730007D4403E0206820448047241DAC42F9D169
:1007400070BD00009CAB0000ACAB00002DE9F04197
:1007500017460E46054633B107FB0354E41B2046FB
:10076000B047A542FAD1A5F10800BDE8F08100002C
:10077000004870478458002400487047B45800244B
:10078000704770477047704738B504460A460020E6
:100790006946AFF30080002808BF38BD02460099C3
:1007A000204600F0BDF8012038BD012000F0D2B88D
:1007B000F8B5AFF30080054600200C46102000BFBE
:1007C0000646A819A0420DD9324669460020AFF36B
:1007D0000080070008BF00F0BDF80098A04218BFD5
:1007E0000546C419FFF7C4FF05600746F01D20F059
:1007F00007004619284600F00AF8B44208BFF8BDC1
:10080000A21B31463868BDE8F84000F089B80021E5
:100810000160C0E9011070471020704770B50446B0
:10082000051FFFF7A5FF0068002C14BF446870BDCA
:10083000002C18BFAC423CBF20466468F8D3016866
:100840000A18AA4218BF456003D12A680546114418
:10085000016028684119A1421CBF6C6070BD6168CD
:10086000696021680844286070BD2DE9F0410646A2
:10087000FFF782FF8046454613E016B1E068B042BC
:100880000ED120682860D4E90101D8F800708847AB
:100890002046FFF7C3FFD8F80000B842EBD100E0D4
:1008A00025462C68002CE8D1BDE8F08110B5203A2F
:1008B000C0F00B80B1E81850203AA0E81850B1E819
:1008C0001850A0E81850BFF4F5AF5FEA027C24BFCF
:1008D000B1E81850A0E8185044BF18C918C0BDE8C6
:1008E00010405FEA827C24BF51F8043B40F8043B8F
:1008F00008BF7047D20728BF31F8023B48BF11F844
:10090000012B28BF20F8023B48BF00F8012B70479D
:10091000004870477C58002400487047B0580024B5
:10092000034640688C46002818BF88423CBF0346F7
:100930004068F8D318681844884207D00CF10300C7
:1009400020F00700001D411A521A0146081D0A60D6
:10095000FFF764BF10B500F03BF8BDE8104000F0B1
:1009600031B800F05DB870477546FFF7D1FFAE466D
:1009700005006946534620F00700854618B020B5AB
:10098000FFF76AFDBDE820404FF000064FF000077A
:100990004FF000084FF0000B21F00701AC46ACE827
:1009A000C009ACE8C009ACE8C009ACE8C0098D4694
:1009B000704710B50446AFF300802046BDE81040F4
:1009C000FFF7D6BC002801D000F038B8704700000F
:1009D00010B5012805D0002103A000F040F8012047
:1009E00010BD09A1F8E7000053494752544D454D49
:1009F0003A204F7574206F662068656170206D65C0
:100A00006D6F7279000000003A2048656170206DBA
:100A1000656D6F727920636F7272757074656400B2
:100A200010B500F038F8016919B100220261884759
:100A300001E08068804700F007F8000001491820B5
:100A4000ABBEFEE72600020010B5002000F054F80F
:100A5000FFF780FCBDE810400120FFF7EFBF70B545
:100A600005460C460A2000E06D1C00F039F835B14F
:100A700028780028F8D102E0641C00F031F814B1A5
:100A800020780028F8D1BDE870400A2000F028B88E
:100A900010B5FFF7D9FF70B500F02AF804680546D5
:100AA000A4B92020FFF7EAFC040011D00949002076
:100AB0002C60C4E900010849A160207320616061D5
:100AC0000649A06109B100F01EF8E061204670BD42
:100AD000FFF7BAFF00000000910A000800000000C4
:100AE00008B569468DF800000320ABBE08BD0000C4
:100AF00000487047B858002410B500F023F8BDE84E
:100B00001040FFF75FBF10B58820FFF7B7FC002843
:100B100001D00021017010BD802902D808B10178F0
:100B200009B100207047012100F8081B704718B177
:100B300000F10802914201D00020704700210170AD
:100B40007047000010B5002102A0FFF788FF0120C8
:100B500010BD0000534947414252543A2041626E51
:100B60006F726D616C207465726D696E6174696F0E
:100B70006E00000000BFFEE700BF012009F024FA6C
:100B8000FBE700BF012009F01FFAFBE700BF0023CD
:100B90001A4604490448006809F0F6FC012009F0EF
:100BA00013FAF4E7B85700243000002400BF0848C7
:100BB00008F06FF8064808F065F800231A46054962
:100BC0000548006809F0E0FC022008F0F5F9EEE7BE
:100BD000D0540024C85700243000002410B5024827
:100BE00000F0DEFD10BD0000F803002410B502483F
:100BF00000F0D6FD10BD0000800300240146374AF6
:100C00000868904249D0354A18320868904244D06A
:100C1000324A3032086890423FD0304A4832086841
:100C200090423AD02D4A60320868904235D02B4A23
:100C300078320868904230D0284A90320868904252
:100C40002BD0264AA8320868904226D0244A086849
:100C5000904222D0224A1832086890421DD0204A81
:100C600030320868904218D01D4A483208689042D5
:100C700013D01B4A6032086890420ED0184A78326E
:100C80000868904209D0164A90320868904204D011
:100C9000134AA8320868904201D1012000E00020E8
:100CA000B0B10A78103A1823B2FBF3F000F0070253
:100CB0000C4B9A5CCA65032805D90A686FF30902D0
:100CC000121D8A6503E00A686FF309028A6503E072
:100CD000086820F0FF008865886D704710000240AA
:100CE00010040240B8B1000810B502682B4C03682C
:100CF000A34222D0294C14340368A3421DD0274CB0
:100D000028340368A34218D0244C3C340368A3421F
:100D100013D0224C50340368A3420ED01F4C6434CD
:100D20000368A34209D01D4C78340368A34204D061
:100D30001A4C8C340368A34201D1012300E0002344
:100D40008BB10378083B1424B3FBF4F1144B03EB91
:100D500081030366124B8033436601F01F040123B5
:100D6000A340836618E00378103B1824B3FBF4F12A
:100D70000C4B9A4204D80B4BA83B9A4200D3083143
:100D8000094B03EB81030366074B8033436601F095
:100D90001F040123A340836610BD000008540258BD
:100DA00000580258B8040240000802400179A9B373
:100DB000082940D8204B02689A4222D01E4B143397
:100DC00002689A421DD01C4B283302689A4218D000
:100DD000194B3C3302689A4213D0174B50330268C8
:100DE0009A420ED0144B643302689A4209D0124BD7
:100DF000783302689A4204D00F4B8C3302689A42CF
:100E000001D1012200E000224AB14A1E0B4B03EB44
:100E10008202C266094A4032026708E00BE04A1EBD
:100E2000074B03EB8202C266054A403202674A1E44
:100E300001239340436770470854025800590258F1
:100E400000090240014600208A69D2B98A6A32B19B
:100E5000012A0DD0022A03D0032A10D10EE000BFD0
:100E6000CA6A02F08072B2F1807F00D1012007E0EF
:100E7000CA6AB2F1C07F00D1012001E000E000BFEA
:100E800036E08A69B2F5005F1BD18A6A32B1012A65
:100E900007D0022A03D0032A11D10AE000BF0120A3
:100EA0000EE0CA6A02F08072B2F1807F00D10120A8
:100EB00006E0CA6AB2F1C07F00D1012000E000BFA5
:100EC00016E08A6A32B1012A05D0022A04D0032A28
:100ED0000CD103E000BF00BF012008E0CA6A02F0A5
:100EE0008072B2F1807F00D1012000E000BF00BF1E
:100EF000704700BF012009F067F8FBE7704772B642
:100F000000BFFEE7084807F0F9FA4FF4967008F0C2
:100F100053F800BF044807F021FA07F0F9F902205E
:100F200008F04AF8F6E700002C5500242DE9F041BE
:100F3000044601F039FD804614B90120BDE8F08176
:100F400094F83500022808D08020606500BF00209A
:100F500084F8340000BF0120F0E7FE492068884291
:100F600049D0FC4918312068884244D0F9493031D1
:100F7000206888423FD0F7494831206888423AD0FB
:100F8000F44960312068884235D0F24978312068D0
:100F9000884230D0EF499031206888422BD0ED490B
:100FA000A8312068884226D0EB492068884222D0A8
:100FB000E9491831206888421DD0E749303120685E
:100FC000884218D0E44948312068884213D0E24969
:100FD0006031206888420ED0DF497831206888422D
:100FE00009D0DD4990312068884204D0DA49A8311F
:100FF0002068884201D1012000E0002068B120680B
:10100000006820F01E00216808602068406920F018
:10101000800021684861256806E02068006820F0AB
:101020000E00216808602568CA492068884270D08F
:10103000C8491831206888426BD0C64930312068D1
:10104000884266D0C34948312068884261D0C1498E
:101050006031206888425CD0BE497831206888427F
:1010600057D0BC4990312068884252D0B949A83144
:10107000206888424DD0B8492068884249D0B64996
:1010800018312068884244D0B34930312068884202
:101090003FD0B1494831206888423AD0AE496031EA
:1010A0002068884235D0AC4978312068884230D0F9
:1010B000A9499031206888422BD0A749A8312068DF
:1010C000884226D0A5492068884222D0A3491431FD
:1010D000206888421DD0A14928312068884218D054
:1010E0009E493C312068884213D09C495031206889
:1010F00088420ED0994964312068884209D09749C6
:1011000078312068884204D094498C312068884224
:1011100001D1012000E0002028B1206E006820F4F9
:101120008070216E08608B492068884249D08949C7
:1011300018312068884244D086493031206888427E
:101140003FD084494831206888423AD08149603193
:101150002068884235D07F4978312068884230D075
:101160007C499031206888422BD07A49A831206888
:10117000884226D078492068884222D076491831A2
:10118000206888421DD0744930312068884218D0C8
:10119000714948312068884213D06F496031206816
:1011A00088420ED06C4978312068884209D06A495B
:1011B00090312068884204D06749A831206888426D
:1011C00006D12068006820F001002168086005E071
:1011D0002068006820F001002168086011E001F03B
:1011E000E3FBA0EB080005280BD920206065032055
:1011F00084F8350000BF002084F8340000BF0120CF
:101200009CE6286800F001000028E8D151492068D8
:10121000884249D04F4918312068884244D04D490E
:101220003031206888423FD04A494831206888429E
:101230003AD0484960312068884235D045497831F4
:101240002068884230D043499031206888422BD0B2
:101250004049A8312068884226D03F49206888420A
:1012600022D03D491831206888421DD03A4930319A
:101270002068884218D0384948312068884213D005
:1012800035496031206888420ED033497831206872
:10129000884209D0304990312068884204D02E49D4
:1012A000A8312068884201D1012000E0002040B12F
:1012B000A66D94F85C0000F01F013F208840B060EC
:1012C00007E0A76D94F85C0000F01F010120884042
:1012D000786020492068884276D01E4918312068FD
:1012E000884271D01B493031206888426CD019493E
:1012F00048312068884267D01649603120688842AA
:1013000062D014497831206888425DD0114990310B
:101310002068884258D00F49A8312068884253D0AD
:101320000D49206888424FD00B4918312068884207
:101330004AD0094930312068884245D006494831B1
:101340002068884240D004496031206888423BD000
:10135000014905E010000240100402400854025800
:101360007831206888422FD02549206888422BD0C8
:10137000234918312068884226D0224920688842B3
:1013800022D020491431206888421DD01D492831BF
:101390002068884218D01B493C312068884213D00D
:1013A00018495031206888420ED0164964312068AF
:1013B000884209D0134978312068884204D0114905
:1013C0008C312068884201D1012000E0002068B102
:1013D000D4E919104860E06E40B1E06E006820F476
:1013E0008070E16E0860D4E91C104860012084F828
:1013F000350000BF002084F8340000BF00BF9DE529
:10140000A00402400854025870B504460CB90120EB
:1014100070BD94F83500022803D08020606501205B
:10142000F6E7DC492068884249D0DA49183120685B
:10143000884244D0D7493031206888423FD0D549CE
:101440004831206888423AD0D249603120688842C9
:1014500035D0D04978312068884230D0CD4990319C
:10146000206888422BD0CB49A8312068884226D0FA
:10147000C9492068884222D0C7491831206888426B
:101480001DD0C54930312068884218D0C249483142
:101490002068884213D0C0496031206888420ED04D
:1014A000BD4978312068884209D0BB499031206815
:1014B000884204D0B849A8312068884201D101206F
:1014C00000E00020F0B3042084F83500B149206822
:1014D00088424BD0AF4918312068884246D0AD4988
:1014E00030312068884241D0AA494831206888427A
:1014F0003CD0A84960312068884237D0A54978316E
:101500002068884232D0A3499031206888422DD08B
:10151000A049A8312068884228D09F492068884285
:1015200024D09D491831206888421FD09A49303113
:10153000206888421AD0984948312068884215D0DE
:10154000954900E020E06031206888420ED0924941
:1015500078312068884209D08F49903120688842CC
:1015600004D08D49A8312068884206D120680068DF
:1015700020F001002168086009E12068006820F07F
:1015800001002168086002E12068006820F00E0078
:10159000216808607F492068884249D07D49183118
:1015A0002068884244D07B493031206888423FD04F
:1015B00078494831206888423AD0764960312068BD
:1015C000884235D0734978312068884230D07149DB
:1015D0009031206888422BD06E49A831206888421B
:1015E00026D06D492068884222D06B491831206886
:1015F00088421DD0684930312068884218D0664939
:1016000048312068884213D063496031206888429D
:101610000ED0614978312068884209D05E49903106
:101620002068884204D05C49A8312068884206D1ED
:101630002068006820F001002168086005E020684B
:10164000006820F001002168086052492068884243
:1016500070D050491831206888426BD04D493031E4
:101660002068884266D04B4948312068884261D062
:1016700048496031206888425CD04649783120680A
:10168000884257D0434990312068884252D041491E
:10169000A831206888424DD03F492068884249D00F
:1016A0003D4918312068884244D03B493031206898
:1016B00088423FD038494831206888423AD036497C
:1016C00060312068884235D03349783120688842BB
:1016D00030D031499031206888422BD02E49A83132
:1016E0002068884226D02D492068884222D02B4984
:1016F0001431206888421DD028492831206888424A
:1017000018D026493C312068884213D023495031F3
:10171000206888420ED0214964312068884209D06F
:101720001E4978312068884204D01C498C312068D9
:10173000884201D1012000E00020D8B1206E00686D
:1017400020F48070216E0860A56D94F85C0000F0B4
:101750001F01012088406860D4E919104860E06EDC
:1017600040B1E06E006820F48070E16E0860D4E95A
:101770001C104860012084F8350000BF002084F868
:10178000340000BF206D10B12046216D8847002035
:101790003EE60000100002401004024008540258C7
:1017A0002DE9F84F044600200090FE4800684FF4F1
:1017B0001651B0FBF1FAA66DD4F858803768D8F806
:1017C0000090F9492068884249D0F74918312068CB
:1017D000884244D0F4493031206888423FD0F249F1
:1017E0004831206888423AD0EF4960312068884209
:1017F00035D0ED4978312068884230D0EA499031BF
:10180000206888422BD0E849A8312068884226D039
:10181000E6492068884222D0E4491831206888428D
:101820001DD0E24930312068884218D0DF49483164
:101830002068884213D0DD496031206888420ED08C
:10184000DA4978312068884209D0D8499031206837
:10185000884204D0D549A8312068884201D10120AE
:1018600000E0002000287DD094F85C0000F01F010B
:10187000082088403840002868D0CB49206888423A
:1018800049D0C94918312068884244D0C64930310E
:10189000206888423FD0C4494831206888423AD005
:1018A000C14960312068884235D0BF49783120680D
:1018B000884230D0BC499031206888422BD0BA4948
:1018C000A8312068884226D0B8492068884222D0B2
:1018D000B6491831206888421DD0B449303120689B
:1018E000884218D0B14948312068884213D0AF49A6
:1018F0006031206888420ED0AC4978312068884237
:1019000009D0AA4990312068884204D0A749A8315B
:101910002068884204D12068006800F0040003E0D9
:101920002068006800F0080080B12068006820F09E
:1019300004002168086094F85C0000F01F01082092
:101940008840B060606D40F00100606594F85C0014
:1019500000F01F01012088403840E8B39249206818
:10196000884200E0B7E24BD08F49183120688842A6
:1019700046D08D4930312068884241D08A4948316B
:10198000206888423CD0884960312068884237D03E
:10199000854978312068884232D083499031206867
:1019A00088422DD08049A8312068884228D07F49BC
:1019B0002068884224D07D491831206888421FD091
:1019C0007A493031206888421AD0784948312068F5
:1019D000884215D0754900E026E0603120688842D1
:1019E0000ED0724978312068884209D06F49903111
:1019F0002068884204D06D49A8312068884204D10B
:101A00002068406900F0800002E020680068002043
:101A100050B194F85C0000F01F0101208840B060D4
:101A2000606D40F00200606594F85C0000F01F01FA
:101A3000042088403840E8B35B49206888424BD096
:101A4000594918312068884246D0574930312068BA
:101A5000884241D054494831206888423CD052499C
:101A600060312068884237D04F49783120688842F9
:101A700032D04D499031206888422DD04A49A83152
:101A80002068884228D049492068884224D04749A4
:101A90001831206888421FD044493031206888427C
:101AA0001AD0424948312068884215D03F496031F8
:101AB000206800E024E088420ED03C49783120685C
:101AC000884209D0394990312068884204D037498A
:101AD000A8312068884204D12068006800F0020024
:101AE00002E020680068002050B194F85C0000F02B
:101AF0001F0104208840B060606D40F00400606504
:101B000094F85C0000F01F01102088403840E8B3D2
:101B100025492068884251D02349183120688842DD
:101B20004CD0214930312068884247D01E49483185
:101B30002068884242D01C496031206888423DD0EC
:101B4000194978312068884238D017499031206887
:101B5000884233D01449A831206888422ED01349D6
:101B6000206888422AD0114918312068884225D03F
:101B70000E4930312068884220D00C494831206815
:101B800088421BD009496031206800E04DE088425E
:101B900014D006497831206888420FD0034990312B
:101BA000206805E0540000241000024010040240A8
:101BB000884203D0FE492068884204D1206800682A
:101BC00000F0080003E02068006800F0040060B343
:101BD00094F85C0000F01F0110208840B06020687D
:101BE000006800F4802080B12068006800F40020C4
:101BF00028B9206CC8B12046216C884715E0A06C3C
:101C000098B12046A16C88470FE02068006800F476
:101C1000807028B92068006820F0080021680860FA
:101C2000206C10B12046216C884794F85C0000F0CD
:101C30001F0120208840384000287DD0DD492068E1
:101C4000884249D0DB4918312068884244D0D949BC
:101C50003031206888423FD0D649483120688842D8
:101C60003AD0D44960312068884235D0D1497831A2
:101C70002068884230D0CF499031206888422BD0EC
:101C8000CC49A8312068884226D0C949A8392068A3
:101C9000884221D0C6499039206888421CD0C44966
:101CA00078392068884217D0C14960392068884255
:101CB00012D0BF494839206888420DD0BC4930391C
:101CC0002068884208D0BA4918392068884203D071
:101CD000B7492068884204D12068006800F01000ED
:101CE00003E02068006800F0020028B394F85C006C
:101CF00000F01F0120208840B06094F835000428CF
:101D00002DD12068006820F0160021680860206846
:101D1000406920F0800021684861206C08B9A06CFF
:101D200028B12068006820F008002168086094F855
:101D30005C0000F01F0100E03FE03F208840B06001
:101D4000012084F8350000BF002084F8340000BF73
:101D5000206D10B12046216D8847BDE8F88F2068BE
:101D6000006800F4802080B12068006800F4002042
:101D700028B9606C08B32046616C88471DE0E06BB1
:101D8000D8B12046E16B884717E02068006800F46E
:101D9000807068B92068006820F010002168086031
:101DA000012084F8350000BF002084F8340000BF13
:101DB000E06B10B12046E16B8847606D00287AD057
:101DC000606D00F00100E8B3042084F83500794923
:101DD000206888424BD0774918312068884246D025
:101DE000744930312068884241D0724948312068B6
:101DF00088423CD06F4960312068884237D06D49B5
:101E000078312068884232D06A499031206888420F
:101E10002DD06849A8312068884228D06449A83963
:101E20002068884223D062499039206888421ED0B9
:101E30005F4978392068884219D05D496039206847
:101E4000884200E040E012D0594948392068884271
:101E50000DD0574930392068884208D05449183984
:101E60002068884203D052492068884206D1206801
:101E7000006820F001002168086005E02068006823
:101E800020F001002168086000BF0098401C00900D
:101E9000504500D905E02068006800F001000028E6
:101EA000F3D100BF2068006800F0010020B10320DA
:101EB00084F8350003E00DE0012084F8350000BF10
:101EC000002084F8340000BFE06C002802D02046D7
:101ED000E16C8847D9E138492068884222D03649E8
:101EE0001431206888421DD0334928312068884247
:101EF00018D031493C312068884213D02E495031E6
:101F0000206888420ED02C4964312068884209D06C
:101F1000294978312068884204D027498C312068CB
:101F2000884201D1012000E000200028D2D02068A2
:101F3000056894F85C0000F01F010420884000EA66
:101F40000900D8B305F00400C0B394F85C0000F0B9
:101F50001F0104208840C8F8040005F4004080B147
:101F600005F4803030B9A06C0028B3D02046A16CB5
:101F700088478AE1206C0028ACD02046216C884735
:101F800083E105F02000E8BB0A492068884253D06D
:101F900008491831206888424ED0064930312068FF
:101FA000884249D0034948312068884244D006E03D
:101FB000B804024010000240085402584FE0B449EF
:101FC00060312068884237D0B14978312068884232
:101FD00032D0AF499031206888422DD0AC49A83129
:101FE0002068884228D0AB492068884224D0A9497B
:101FF0001831206888421FD0A649303120688842B5
:102000001AD000E025E0A34948312068884213D067
:10201000A0496031206888420ED09E4978312068FE
:10202000884209D09B4990312068884204D0994960
:10203000A8312068884206D12068006820F0080096
:102040002168086005E02068006820F0040021682D
:102050000860206C10B32046216C884715E194F885
:102060005C0000F01F010220884000EA0900E8B38C
:1020700005F00200D0B394F85C0000F01F010220CC
:102080008840C8F8040005F4004070B105F48030C1
:1020900028B9606C10B12046616C8847F5E0E06BB0
:1020A000F0B32046E16B8847EFE005F02000C0BBAD
:1020B0007749206888424ED0754918312068884297
:1020C00049D0734930312068884244D07049483142
:1020D000206888423FD06E496031206888423AD0FB
:1020E0006B4978312068884235D000E04EE068497D
:1020F0009031206888422ED06549A83120688842F6
:1021000029D064492068884225D062491831206866
:10211000884220D05F493031206888421BD001E0DE
:102120006EE02DE05B4948312068884213D0594960
:102130006031206888420ED0564978312068884244
:1021400009D0544990312068884204D05149A831BF
:102150002068884206D12068006820F014002168B9
:10216000086005E02068006820F00A002168086027
:10217000012084F8350000BF002084F8340000BF3F
:10218000E06BE8B32046E16B88477EE094F85C00A2
:1021900000F01F010820884000EA090080B305F024
:1021A000080068B33A49206888424BD03849183152
:1021B0002068884246D0364930312068884241D074
:1021C00033494831206888423CD031496031206829
:1021D000884237D02E4978312068884232D02C4945
:1021E0009031206888422DD02949A8312068884242
:1021F00028D028492068884224D02649183100E098
:1022000043E0206888421DD022493031206888424E
:1022100018D0204948312068884213D01D496031C8
:10222000206888420ED01B4978312068884209D046
:10223000184990312068884204D01649A831206896
:10224000884206D12068006820F01C0021680860E0
:1022500005E02068006820F00E002168086094F80E
:102260005C0000F01F0101208840C8F80400012034
:10227000606584F8350000BF002084F8340000BF9A
:10228000E06C10B12046E16C884700BF65E50000B6
:1022900010000240100402402DE9F041044600F015
:1022A00083FB804614B90120BDE8F081FE49206817
:1022B000884249D0FC4918312068884244D0FA4904
:1022C0003031206888423FD0F74948312068884241
:1022D0003AD0F54960312068884235D0F2497831EA
:1022E0002068884230D0F0499031206888422BD055
:1022F000ED49A8312068884226D0EC492068884200
:1023000022D0EA491831206888421DD0E74930318F
:102310002068884218D0E54948312068884213D0A7
:10232000E2496031206888420ED0E0497831206867
:10233000884209D0DD4990312068884204D0DB49C9
:10234000A8312068884201D1012000E00020002847
:1023500073D0606A00B100BF022084F8350000BF6E
:10236000002084F8340000BFCF492068884249D05B
:10237000CD4918312068884244D0CB49303120689B
:1023800088423FD0C8494831206888423AD0C6497F
:1023900060312068884235D0C3497831206888424E
:1023A00030D0C1499031206888422BD0BE49A83135
:1023B0002068884226D0BD492068884222D0BB4987
:1023C0001831206888421DD0B849303120688842D1
:1023D00018D0B64948312068884213D0B3496031DB
:1023E000206888420ED0B14978312068884209D0EF
:1023F000AE4990312068884204D0AC49A8312068A9
:10240000884206D12068006820F001002168086039
:1024100005E02068006820F00100216808600DE0F8
:1024200000F0C2FAA0EB0800052807D9202060655B
:10243000032084F83500012036E769E02068006851
:1024400000F001000028EBD120680568984805409D
:10245000D4E9020108432169084361690843A1697D
:102460000843E1690843216A08430543606A042878
:1024700003D1D4E90B01084305436068292802D33E
:1024800060682E2817D960683F2802D36068422808
:1024900011D96068472802D3606848280BD9606862
:1024A0004F2802D36068522805D96068742804D385
:1024B0006068772801D8012000E0002008B145F4C9
:1024C0008015206805602068456925F00705606A69
:1024D0000543606A04280DD1A06A0543E06A48B14B
:1024E0002046FEF7AFFC28B140206065012084F84B
:1024F0003500D9E6206845612046FEF77FFB064699
:1025000094F85C0000F01F013F208840B0609EE01E
:1025100068492068884222D0664914312068884280
:102520001DD0644928312068884218D061493C3167
:102530002068884213D05F495031206888420ED00D
:102540005C4964312068884209D05A497831206852
:10255000884204D057498C312068884201D101203B
:1025600000E00020E0B353492068884222D051495E
:102570001431206888421DD04E4928312068884295
:1025800018D04C493C312068884213D04949503119
:10259000206888420ED0474964312068884209D0BB
:1025A000444978312068884204D042498C312068FF
:1025B000884201D1012000E0002000B100BF0220CC
:1025C00084F8350000BF002084F8340000BF206884
:1025D000056839480540A068402802D1102106E06E
:1025E0002EE0A068802801D1C10100E00021E06850
:1025F00041EAD001206941EAD001606941EAD00195
:10260000A06941EAD001E06941EAD001206A41EACB
:10261000101005432068056026492068401A1421DF
:10262000B0FBF1F08000E0652046FEF7E7FA0746D0
:1026300094F85C0000F01F0101208840786006E0FB
:1026400040206065032084F8350001202CE61649FF
:10265000206888427AD0144918312068884275D0A1
:10266000114930312068884270D00F4948312068C4
:1026700088426BD00C4960312068884266D00A4994
:1026800078312068884261D00749903120688842BB
:102690005CD00549A8312068884257D0034920689A
:1026A000884253D0014909E0100002401004024062
:1026B0003F8010FE085402580F00FEFF18312068BA
:1026C000884243D03749206888423FD03549183185
:1026D000206888423AD0334930312068884235D06A
:1026E000304948312068884230D02E496031206816
:1026F00088422BD02B4978312068884226D02A493D
:102700002068884222D028491431206888421DD090
:10271000254928312068884218D023493C31206857
:10272000884213D020495031206888420ED01E497B
:1027300064312068884209D01B497831206888427A
:1027400004D019498C312068884201D1012000E071
:10275000002000B32046FEF7C7FAA068802801D108
:10276000002060602079216E0860D4E9191048606B
:10277000606860B16068082809D82046FEF716FB3B
:102780000020E16E0860D4E91C10486003E00020DE
:10279000E0662067606700206065012084F83500EE
:1027A000002081E54004024008540258F8B5024672
:1027B0000B4600216D4DD2E001278F401E6806EACE
:1027C0000704002C72D01E7906F00306012E04D0F7
:1027D0001E7906F00306022E13D190684F000326DF
:1027E000BE40B0434F00DE68BE403043906050684A
:1027F00001268E40B0431E79C6F300168E4030434A
:1028000050601E7906F00306032E09D0D0684F00F1
:102810000326BE40B0434F009E68BE403043D060A8
:102820001E7906F00306022E13D1CF0802F120060E
:1028300056F827004E07F70E0F26BE40B0434F074D
:10284000FF0E1E69BE403043CF0802F1200646F855
:10285000270010684F000326BE40B0431E7906F0E3
:1028600003064F00BE40304310605E6806F44036F9
:10287000002E73D000BF3E4E366846F002063C4F35
:102880003E603E46366806F00206009600BF00BF76
:10289000384E8F0856F827008E07370F0F26BE4098
:1028A000B043354EB24202D1002629E056E0334E05
:1028B000B24201D1012623E0314EB24201D10226BB
:1028C0001EE0304EB24201D1032619E02E4EB24234
:1028D00001D1042614E02D4EB24201D105260FE0AD
:1028E0002B4EB24201D106260AE02A4EB24201D155
:1028F000072605E0284EB24201D1092600E00A264B
:102900008F073F0FBE4030431A4E8F0846F827000E
:102910004FF0B0463068A0435E6806F4801606B1FA
:1029200020434FF0B04630607068A0435E6806F404
:10293000001606B120434FF0B04670606868A043AF
:102940005E6806F4003606B1204368602868A0433C
:102950005E6806F4803606B120432860491C1E6874
:10296000CE40002E7FF428AFF8BD00008000005854
:10297000F4440258080400580000025800040258A9
:1029800000080258000C02580010025800140258A7
:1029900000180258001C0258002402580AB1816134
:1029A00001E00B0483617047014800687047000034
:1029B0004800002403480068034909780844014995
:1029C00008607047480000245000002410B5032020
:1029D00000F0E0F801F0D8FB10490968C1F30321C9
:1029E0000F4A515C01F01F0120FA01F40B48006806
:1029F00000F00F001146085C00F01F0024FA00F000
:102A000008490860084804600F2000F00FF808B17A
:102A1000012010BD00F054F80020FAE718440258D5
:102A2000E8B10008580000245400002470B58AB0B2
:102A30000446102C0AD200222146192000F06CF81E
:102A4000192000F055F81948046002E001200AB08E
:102A500070BD00BF1648006840F0010014490860CE
:102A60000846006800F00100009000BF00BF01A907
:102A700002A801F009FB01F075FB45000D48B5FB0C
:102A8000F0F0461E0C480D49086040F2E7310B4853
:102A9000C160466000210161816002F0AFF818B9A1
:102AA000064802F0F9F8D2E70120D0E74C000024F4
:102AB000F044025840420F0000000140700400241E
:102AC00008B500BF0948006840F0020007490860E7
:102AD0000846006800F00200009000BF00BF00221E
:102AE0000F21901E00F018F808BD0000F4440258B1
:102AF0000146084600280DDB00BF00BF00F01F03A1
:102B000001229A4043099B0003F1E023C3F800210E
:102B100000BF00BF00BF70472DE9F05F80460D4643
:102B2000164606F06BF9074639462A46334601F049
:102B30000700C0F1070ABAF1040F02D94FF0040AE6
:102B400001E0C0F1070AD14600F1040ABAF1070F0B
:102B500002D24FF0000A01E0A0F1030AD4464FF080
:102B6000010A0AFA09FAAAF1010A0AEA020A0AFAA9
:102B70000CFA4FF0010B0BFA0CFBABF1010B0BEA5B
:102B8000030B4AEA0B042146404606F03FF9BDE834
:102B9000F09F000000BF00F00702064B19684FF6D7
:102BA000FF031940044B0B4343EA0221014B196018
:102BB00000BF70470CED00E00000FA0570B5044658
:102BC00015480068C0F3800048B91348006800F059
:102BD0000700A04201D0012070BD0020FCE70E4894
:102BE000006820F0070020430B490860FFF7DCFE77
:102BF000054607E0FFF7D8FE401BB0F57A7F01D904
:102C00000120E9E7044808380068C0F34030002894
:102C1000F0D00020E0E700000C48025810B501F0A9
:102C200069FA05490968C1F30211044A515C01F0CF
:102C30001F01C84010BD000020440258E8B1000840
:102C400070B50146844D2D6805F00303824D2D6853
:102C5000C5F30530804D2D1D2D68C5F300147E4D44
:102C600014352D68C5F3CC0515FB04F501EE105A9B
:102C7000B8EE411AF0EE410A00286FD023B1012BC3
:102C80004ED0022B6BD16BE0734D283D2D68C5F300
:102C900040153DB3704D283D2D68C5F3C1066F4DFD
:102CA00025FA06F201EE102AF8EE411A01EE100A9A
:102CB000B8EE411A81EE812A9FED691AC0EE811AA1
:102CC000654D10352D68C5F3080501EE105AB8EEB4
:102CD000411A31EE811AF7EE001A31EE211A22EE76
:102CE000010A1CE001EE100AB8EE411ADFED5D1A90
:102CF00081EE812A9FED5A1AC0EE811A564D103589
:102D00002D68C5F3080501EE105AB8EE411A31EEF0
:102D1000811AF7EE001A31EE211A22EE010A5BE069
:102D200001EE100AB8EE411ADFED4F1A81EE812A4A
:102D30009FED4B1AC0EE811A474D10352D68C5F333
:102D4000080501EE105AB8EE411A31EE811AF7EE7D
:102D5000001A31EE211A22EE010A3DE077E01DE073
:102D600001EE100AB8EE411A9FED402AC2EE011A98
:102D70009FED3B1A80EE812A374D10352D68C5F343
:102D8000080501EE105AB8EE411A32EE011AB7EEFC
:102D9000002A31EE021A21EE810A1DE001EE100A2E
:102DA000B8EE411ADFED301A81EE812A9FED2C1A20
:102DB000C0EE811A284D10352D68C5F3080501EEC7
:102DC000105AB8EE411A31EE811AF7EE001A31EEC0
:102DD000211A22EE010A00BF00BF1F4D10352D68D9
:102DE000C5F3462501EE105AB8EE411AF7EE001A67
:102DF00031EE211AC0EE011ABCEEE11A81ED001A83
:102E0000154D10352D68C5F3064501EE105AB8EE84
:102E1000411AF7EE001A31EE211AC0EE011ABCEE8B
:102E2000E11A81ED011A0C4D10352D68C5F30665C8
:102E300001EE105AB8EE411AF7EE001A31EE211ADF
:102E4000C0EE011ABCEEE11A81ED021A03E0002582
:102E50000D604D608D6070BD284402580090D00315
:102E6000000000460024744C0024744A20BCBE4B71
:102E700070B50146844D2D6805F00303824D2D6821
:102E8000C5F30550804D2D1D2D68C5F300247E4DE2
:102E90001C352D68C5F3CC0515FB04F501EE105A61
:102EA000B8EE411AF0EE410A00286FD023B1012B91
:102EB0004ED0022B6BD16BE0734D283D2D68C5F3CE
:102EC00040153DB3704D283D2D68C5F3C1066F4DCB
:102ED00025FA06F201EE102AF8EE411A01EE100A68
:102EE000B8EE411A81EE812A9FED691AC0EE811A6F
:102EF000654D18352D68C5F3080501EE105AB8EE7A
:102F0000411A31EE811AF7EE001A31EE211A22EE43
:102F1000010A1CE001EE100AB8EE411ADFED5D1A5D
:102F200081EE812A9FED5A1AC0EE811A564D18354E
:102F30002D68C5F3080501EE105AB8EE411A31EEBE
:102F4000811AF7EE001A31EE211A22EE010A5BE037
:102F500001EE100AB8EE411ADFED4F1A81EE812A18
:102F60009FED4B1AC0EE811A474D18352D68C5F3F9
:102F7000080501EE105AB8EE411A31EE811AF7EE4B
:102F8000001A31EE211A22EE010A3DE077E01DE041
:102F900001EE100AB8EE411A9FED402AC2EE011A66
:102FA0009FED3B1A80EE812A374D18352D68C5F309
:102FB000080501EE105AB8EE411A32EE011AB7EECA
:102FC000002A31EE021A21EE810A1DE001EE100AFC
:102FD000B8EE411ADFED301A81EE812A9FED2C1AEE
:102FE000C0EE811A284D18352D68C5F3080501EE8D
:102FF000105AB8EE411A31EE811AF7EE001A31EE8E
:10300000211A22EE010A00BF00BF1F4D18352D689E
:10301000C5F3462501EE105AB8EE411AF7EE001A34
:1030200031EE211AC0EE011ABCEEE11A81ED001A50
:10303000154D18352D68C5F3064501EE105AB8EE4A
:10304000411AF7EE001A31EE211AC0EE011ABCEE59
:10305000E11A81ED011A0C4D18352D68C5F306658E
:1030600001EE105AB8EE411AF7EE001A31EE211AAD
:10307000C0EE011ABCEEE11A81ED021A03E0002550
:103080000D604D608D6070BD284402580090D003E3
:10309000000000460024744C0024744A20BCBE4B3F
:1030A0002DE9F04104460025A8464FF00062D4E91E
:1030B000001011400020134659404040014331D1D7
:1030C000606E48B1B0F5801F0DD0B0F5001F11D073
:1030D000B0F5401F16D114E0FE48006840F40030FF
:1030E000FC49086010E0022104F1080003F0ACFA8A
:1030F000054609E0022104F1280003F057FB0546CC
:1031000002E001E0012500BF00BF55B9F1482430BD
:10311000006820F44010616E0843EE4924310860D5
:1031200000E0A8464FF48072D4E90010114000205E
:1031300013465940404001432ED1A06D05281BD2B3
:10314000DFE800F0030A11181900E248006840F4B3
:103150000030E049086011E0002104F1080003F0AC
:1031600073FA05460AE0002104F1280003F01EFB73
:10317000054603E002E001E0012500BF00BF55B9AC
:10318000D4482430006820F00700A16D0843D149DD
:103190002431086000E0A8464FF48062D4E90010B2
:1031A0001140002013465940404001433DD1D4F81E
:1031B000A400B0F5C00F24D007DC68B1B0F5001F43
:1031C00011D0B0F5800F1FD114E0B0F5000F19D069
:1031D000B0F5200F18D116E0BE48006840F400306A
:1031E000BC49086012E0002104F1080003F02CFA49
:1031F00005460BE0002104F1280003F0D7FA05464C
:1032000004E003E002E001E0012500BF00BF5DB97A
:10321000B0482C30006820F46000D4F8A4100843B3
:10322000AC492C31086000E0A8464FF40062D4E9B4
:1032300000011040002113465840494008433DD149
:10324000D4F8A800B0F1407F24D007DC68B1B0F119
:10325000807F11D0B0F1007F1FD114E0B0F1806FFA
:1032600019D0B0F1A06F18D116E09A48006840F468
:1032700000309849086012E0002104F1080003F0D2
:10328000E3F905460BE0002104F1280003F08EFA73
:10329000054604E003E002E001E0012500BF00BFB5
:1032A0005DB98C482C30006820F0E060D4F8A8109C
:1032B000084388492C31086000E0A8464FF00073AD
:1032C000D4E900101940002059404040014328D162
:1032D000E06CA8B1102804D0202809D0302810D1E3
:1032E0000DE07C48006840F400307A4908600AE04C
:1032F000022104F1080003F0A7F9054603E002E00B
:1033000001E0012500BF00BF55B9724820300068B8
:1033100020F03000E16C08436E492031086000E085
:10332000A8464FF48053D4E90010194000205940BA
:103330004040014337D1E06DB0F5005F1AD004DCA6
:1033400050B1B0F5805F1ED10DE0B0F5405F18D0F0
:10335000B0F5804F17D115E05E48006840F40030AA
:103360005C49086011E0002104F1080003F06CF9E9
:1033700005460AE0002104F1280003F017FA05468B
:1033800003E002E001E0012500BF00BF55B951484C
:103390002430006820F4E040E16D08434D492431B9
:1033A000086000E0A8464FF40053D4E9001019402B
:1033B000002059404040014335D1206EB0F5403FD8
:1033C0001ED007DC68B1B0F5803F0BD0B0F5003FF0
:1033D00019D10EE0B0F5802F13D0B0F5A02F12D187
:1033E00010E012E0012104F1080003F02DF9054678
:1033F0000BE0012104F1280003F0D8F9054604E0B0
:1034000003E002E001E0012500BF00BF55B93148EB
:103410002430006820F4E020216E08432D49243137
:10342000086000E0A8464FF48042D4E90001104053
:103430000021134658404940084337D1D4F8AC0026
:10344000B0F1405F1ED007DC68B1B0F1805F0BD0F7
:10345000B0F1005F19D10EE0B0F1804F13D0B0F1A0
:10346000A04F12D110E012E0012104F1080003F096
:10347000EBF805460BE0012104F1280003F096F972
:10348000054604E003E002E001E0012500BF00BFC3
:103490005DB910482C30006820F0E040D4F8AC1042
:1034A00008430C492C31086000E0A8464FF4004363
:1034B000D4E90001184000215840494008432AD16E
:1034C000E06EB8B1B0F1805F06D0B0F1005F12D10C
:1034D00009E000002C440258F948006840F400302C
:1034E000F749086009E0012104F1080003F0ACF895
:1034F000054602E001E0012500BF00BF55B9F048D4
:103500002430006820F04050E16E0843EC4924313B
:10351000086000E0A8464FF08073D4E9001019401D
:10352000002059404040014328D1A06CA8B1012897
:1035300004D0022809D0032810D10DE0E04800682B
:1035400040F40030DE4908600AE0022104F108007E
:1035500003F07AF8054603E002E001E0012500BF30
:1035600000BF55B9D6482030006820F00300A16C98
:103570000843D3492031086000E0A8464FF4800397
:10358000D4E90010194000205940404001437DD14A
:10359000CC48006840F48070CA490860FFF704FA1C
:1035A000064606E0FFF700FA801B642801D90325D0
:1035B00005E0C448006800F480700028F2D000BF25
:1035C00085BBBF484430006800F44070B4F8B010C8
:1035D00001F44071884213D0B9484430006820F4A7
:1035E0004077B7484430006840F48030B4494431F3
:1035F00008600846006820F48030086008460760CC
:10360000D4F8B000B0F5807F15D1FFF7CDF90646AC
:1036100009E0FFF7C9F9801B41F28831884202D9DD
:10362000032507E038E0A64844300068C0F34000B6
:103630000028EED000BF55BB00BFB4F8B00000F4C6
:103640004070B0F5407F0ED19D481C38006820F4D2
:103650007C519D4AD4F8B000104041EA10109849BE
:103660001C39086007E096481C38006820F47C503C
:1036700093491C390860924844300068B4F8B0108F
:10368000C1F30B0108438E49443101E005E001E03C
:10369000086002E0A84600E0A8460122D4E9000143
:1036A00010400021134658404940084330D1A06FD4
:1036B00018281AD005DC48B1082808D0102817D1DE
:1036C0000CE0202812D0282812D110E012E00121AD
:1036D00004F1080002F0B8FF05460BE0012104F1F7
:1036E000280003F063F8054604E003E002E001E08F
:1036F000012500BF00BF55B971482830006820F08F
:103700003800A16F08436E492831086000E0A846E0
:103710000223D4E9001019400020594040400143E1
:1037200029D1606F062816D2DFE800F003040B12DF
:10373000131412E0012104F1080002F085FF054690
:103740000BE0012104F1280003F030F8054604E005
:1037500003E002E001E0012500BF00BF55B9584871
:103760002830006820F00700616F08435449283171
:10377000086000E0A8460422D4E9001011400020AF
:1037800013465940404001432BD1D4F890000628FD
:1037900016D2DFE800F003040B12131412E001212B
:1037A00004F1080002F050FF05460BE0012104F18E
:1037B000280002F0FBFF054604E003E002E001E020
:1037C000012500BF00BF5DB93D482C30006820F0E6
:1037D0000700D4F89010084339492C31086000E004
:1037E000A8462023D4E90001184000215840494050
:1037F000084337D1D4F88C00B0F1405F1ED007DC0D
:1038000068B1B0F1805F0BD0B0F1005F19D10EE06C
:10381000B0F1804F13D0B0F1A04F12D110E012E000
:10382000002104F1080002F00FFF05460BE0022121
:1038300004F1280002F0BAFF054604E003E002E0CC
:1038400001E0012500BF00BF5DB91D4828300068B8
:1038500020F0E040D4F88C10084319492831086062
:1038600000E0A8464023D4E9001019400020594048
:10387000404001433CD1D4F89800B0F5406F25D0CA
:1038800007DC68B1B0F5806F0BD0B0F5006F20D1C8
:103890000EE0B0F5805F1AD0B0F5A05F19D117E047
:1038A00019E0002104F1080002F0CEFE054612E006
:1038B000022104F1280002F079FF05460BE0000028
:1038C0002C44025800480258FFFCFF0F03E002E0BE
:1038D00001E0012500BF00BF4DB9FE48006820F49B
:1038E000E050D4F898100843FA49086000E0A84670
:1038F0008023D4E900101940002059404040014382
:1039000035D1D4F89C00B0F5C04F1ED007DC68B1AB
:10391000B0F5005F0BD0B0F5804F19D10EE0B0F5D7
:10392000004F13D0B0F5204F12D110E012E000216B
:1039300004F1080002F088FE05460BE0022104F1C4
:10394000280002F033FF054604E003E002E001E056
:10395000012500BF00BF4DB9DE48006820F460407B
:10396000D4F89C100843DB49086000E0A84608230F
:10397000D4E900011840002158404940084317D1BC
:10398000D4F88000B0F5805F07D1022104F128004F
:1039900002F00CFF08B14FF00108CE48001F00688C
:1039A00020F44050D4F880100843CA49091F086029
:1039B0001023D4E900011840002158404940084331
:1039C00015D1D4F89400B0F5807F07D1022104F11D
:1039D000280002F0EBFE08B14FF00108BD48006876
:1039E00020F44070D4F894100843BA4908604FF4AA
:1039F0000023D4E900011840002158404940084301
:103A000027D1D4F8A00030B1B0F5803F0AD0B0F58E
:103A1000003F0FD10DE0002104F1080002F014FE78
:103A2000054609E0022104F1280002F0BFFE054628
:103A300002E001E0012500BF00BF4DB9A5480068C4
:103A400020F44030D4F8A0100843A249086000E0F8
:103A5000A8464FF48023D4E90001184000215840C3
:103A6000494008432DD1D4F88400B0F5801F06D01A
:103A7000B0F5001F0CD0B0F5401F11D10FE09548F4
:103A80002C38006840F4003092492C39086009E075
:103A9000012104F1280002F089FE054602E001E060
:103AA000012500BF00BF5DB98A48001F006820F4EF
:103AB0004010D4F8841008438649091F086000E0CC
:103AC000A8464FF48032D4E900011040002113468B
:103AD00058404940084325D1206D18B1B0F5803FCA
:103AE00010D108E07B482C38006840F40030794958
:103AF0002C39086008E0022104F1080002F0A4FD5E
:103B0000054601E0012500BF00BF55B971480C38DA
:103B1000006820F48030216D08436E490C3908603C
:103B200000E0A8464FF00053D4E9001019400020EF
:103B300059404040014307D1022104F1280002F01E
:103B400035FE08B14FF001084FF40032D4E900010E
:103B500010400021134658404940084327D1E06FE8
:103B6000A0B1B0F5807F06D0B0F5007F0CD0B0F5E5
:103B7000407F0CD109E057482C38006840F40030F1
:103B800054492C39086004E003E002E001E001251B
:103B900000BF00BF55B94F48001F006820F44070B7
:103BA000E16F08434B49091F086000E0A8464FF445
:103BB0008012D4E9001011400020134659404040C3
:103BC000014309D143480838006820F00040216FC4
:103BD00008434049083908604FF40013D4E9000154
:103BE0001840002158404940084309D13948083855
:103BF000006820F08070A16E0843364908390860DB
:103C00004FF08043D4E90010194000205940404053
:103C1000014311D100BF2F484838006820F400400C
:103C20002C494839086008460068D4F8B4100843A5
:103C300028494839086000BF4FF00042D4E900012C
:103C400010400021134658404940084309D12148FB
:103C50000C38006820F04050616D08431D490C3954
:103C600008604FF40002D4E9001011400020134610
:103C70005940404001430AD11648001F006820F413
:103C80004000D4F8881008431249091F0860012237
:103C900000216068104049405040014306D104F1C2
:103CA000080002F0D1FC054605B1A8460222002119
:103CB0006068104049405040014307D1012104F1A0
:103CC000080002F0C1FC054605B1A8460423002007
:103CD000616801E0584402581940042240405140B4
:103CE000084307D1022104F1080002F0ADFC0546AB
:103CF00005B1A84608230020616819400822404009
:103D00005140084307D1002104F1280002F04EFD84
:103D1000054605B1A846102300206168194010220D
:103D200040405140084307D1012104F1280002F02E
:103D30003DFD054605B1A8462022002160681040DF
:103D400049405040014307D1022104F1280002F00C
:103D50002DFD054605B1A846B8F1000F02D100209F
:103D6000BDE8F0810120FBE72DE9F04104460D4656
:103D700014B90120BDE8F081BD48006800F00F00D3
:103D8000A8420ED2BA48006820F00F002843B84974
:103D900008600846006800F00F00A84201D001202A
:103DA000E8E7207800F0040004280ED1B14920692A
:103DB000096801F07001884207D9AE48006820F018
:103DC000700021690843AB490860207800F00800C2
:103DD000082811D1A749091D6069096801F070011F
:103DE000884209D9A348001D006820F0700061696D
:103DF0000843A049091D0860207800F01000102831
:103E000011D19C49091DA069096801F4E06188424B
:103E100009D99848001D006820F4E060A1690843B2
:103E20009449091D0860207800F02000202811D155
:103E300090490831E069096801F07001884209D9A8
:103E40008C480830006820F07000E1690843894917
:103E500008310860207800F0020002280ED1854960
:103E6000E068096801F00F01884207D981480068BD
:103E700020F00F00E16808437E490860207800F0D8
:103E80000100002850D07B48006820F47060A168D1
:103E90000843784908606068022807D175481838D7
:103EA0000068C0F34040F8B9012063E76068032868
:103EB00007D1704818380068C0F34060A0B90120ED
:103EC00058E76068012807D16A4818380068C0F3CD
:103ED000002048B901204DE7664818380068C0F353
:103EE000800008B9012045E762480838006820F0E2
:103EF0000700616808435F4908390860FEF754FD10
:103F0000064608E0FEF750FD801B41F288318842EA
:103F100001D903202EE757480838006800F0380020
:103F20006168B0EBC10FEDD1207800F002000228EB
:103F30000ED15049E068096801F00F01884207D2AC
:103F40004C48006820F00F00E168084349490860C8
:103F50004748006800F00F00A8420ED944480068A6
:103F600020F00F002843424908600846006800F02E
:103F70000F00A84201D00120FCE6207800F00400E8
:103F800004280ED13B492069096801F0700188427C
:103F900007D23848006820F070002169084335498D
:103FA0000860207800F00800082811D13149091D67
:103FB0006069096801F07001884209D22D48001D2E
:103FC000006820F07000616908432A49091D0860F3
:103FD000207800F01000102811D12649091DA06991
:103FE000096801F4E061884209D22248001D006896
:103FF00020F4E060A16908431E49091D086020788B
:1040000000F02000202811D11A490831E069096820
:1040100001F07001884209D216480830006820F08B
:104020007000E169084313490831086000F0ACF8FA
:1040300010490968C1F303210F4A515C01F01F01C7
:1040400020FA01F70B48006800F00F001146085CE9
:1040500000F01F0027FA00F00849086008480760D0
:1040600008480068FEF7E2FC8046404682E6000011
:104070000020005218440258E8B1000858000024FB
:10408000540000244C0000243F220260174A1268AA
:1040900002F007024260154A0832126802F47062A8
:1040A0008260124A0832126802F00F02C2600F4AA0
:1040B0000832126802F0700202610C4A0C32126877
:1040C00002F070024261094A0C32126802F4E062A6
:1040D0008261064A1032126802F07002C261044A1C
:1040E000126802F00F020A60704700001044025884
:1040F0000020005210B500F047F80D490968C1F3DF
:1041000003210C4A515C01F01F0120FA01F4084818
:10411000006800F00F001146085C00F01F0024FA50
:1041200000F005490860054804600846006810BDB5
:1041300018440258E8B10008580000245400002434
:1041400000B5FFF7D7FF05490968C1F30211044A1A
:10415000515C01F01F01C84000BD00001C44025822
:10416000E8B1000800B5FFF7C5FF05490968C1F3CC
:104170000221044A515C01F01F01C84000BD00004B
:104180001C440258E8B10008F0B5824E366806F0CB
:10419000380636B1082E15D0102E15D0182E7DD128
:1041A00014E07C4E103E3668C6F3401646B1794E98
:1041B000103E3668C6F3C107774E26FA07F000E0D6
:1041C0007548E5E07548E3E07548E1E0714E183662
:1041D000366806F003046F4E18363668C6F30511CC
:1041E0006C4E1C36366806F001056A4E2436366879
:1041F000C6F3CC0616FB05F601EE106AB8EE410ACE
:10420000002971D024B1012C50D0022C6DD16DE069
:10421000604E103E3668C6F340163EB35D4E103E0B
:104220003668C6F3C1075C4E26FA07F301EE103A72
:10423000F8EE411A01EE101AB8EE411A81EE812A09
:104240009FED581AC0EE011A524E20363668C6F35A
:10425000080601EE106AB8EE411A31EE811AF7EE47
:10426000001A31EE211A62EE010A1EE001EE101A68
:10427000B8EE411ADFED4C1A81EE812A9FED491A02
:10428000C0EE011A434E20363668C6F3080601EE2A
:10429000106AB8EE411A31EE811A00E076E0F7EECE
:1042A000001A31EE211A62EE010A5BE001EE101AEB
:1042B000B8EE411A9FED3D2AC2EE011A9FED391A60
:1042C00080EE012A334E20363668C6F3080601EE2A
:1042D000106AB8EE411A32EE011AB7EE002A31EE3A
:1042E000021A61EE810A3DE04EE01DE001EE101A77
:1042F000B8EE411ADFED2E1A81EE812A9FED291AC0
:10430000C0EE011A234E20363668C6F3080601EEC9
:10431000106AB8EE411A31EE811AF7EE001A31EE4A
:10432000211A62EE010A1DE001EE101AB8EE411AE0
:104330009FED1E2AC2EE011A9FED1A1A80EE012A85
:10434000144E20363668C6F3080601EE106AB8EE41
:10435000411A32EE011AB7EE002A31EE021A61EE6E
:10436000810A00BF00BF0B4E20363668C6F34626D2
:10437000721C01EE102AB8EE411AC0EE811ABCEE92
:10438000E11A11EE100A00E0002001E0034800BF2E
:1043900000BFF0BD104402580090D00300093D005A
:1043A00040787D01000000460024744C0024744ACB
:1043B00020BCBE4B2DE9F047044614B90120BDE8EE
:1043C000F087207800F00100002870D0F9480068DC
:1043D00000F03808F7481830D0F80090B8F1100F06
:1043E00006D0B8F1180F0FD109F0030002280BD145
:1043F000F04810380068C0F3404000286AD0606878
:10440000002867D10120DAE700BF6068B0F5803F7F
:1044100008D1E8481038006840F48030E549103988
:1044200008602EE0606868B9E2481038006820F43F
:104430008030E049103908600846006820F4802088
:1044400008601EE06068B0F5A02F0DD1D948103883
:10445000006840F48020D749103908600846006899
:1044600040F4803008600CE0D2481038006820F436
:104470008030D049103908600846006820F4802058
:10448000086000BF606898B1FEF78EFA054606E046
:10449000FEF78AFA401B642801D903208FE7C5483C
:1044A00010380068C0F340400028F1D012E012E05C
:1044B000FEF77AFA054606E0FEF776FA401B642816
:1044C00001D903207BE7BB4810380068C0F34040A7
:1044D0000028F1D100BF207800F00200022879D135
:1044E000B448006800F03808B2481830D0F800909E
:1044F000B8F1000F05D0B8F1180F35D109F003005D
:1045000088BBAC4810380068C0F3800018B1E06880
:1045100008B9012053E7A7481038006820F01900B7
:10452000E1680843A34910390860FEF73DFA0546E3
:1045300006E0FEF739FA401B022801D903203EE7C6
:104540009C4810380068C0F380000028F1D09948DA
:104550000C38006820F0FE40217C40EA016095495B
:104560000C39086045E0FFE7E06838B3914810383F
:10457000006820F01900E16808438E49103908608E
:10458000FEF712FA054606E0FEF70EFA401B022877
:1045900001D9032013E7874810380068C0F3800072
:1045A0000028F1D083480C38006820F0FE40217CC0
:1045B00040EA01607F490C3908601AE07D481038F4
:1045C000006820F001007B4910390860FEF7ECF923
:1045D000054607E00EE0FEF7E7F9401B022801D987
:1045E0000320ECE6734810380068C0F38000002810
:1045F000F1D100BF207800F0100010286FD16D4875
:10460000006800F038086B481830D0F80090B8F116
:10461000080F06D0B8F1180F1CD109F003000128CB
:1046200018D1644810380068C0F3002020B1E06958
:10463000802801D00120C2E600BF5E48001F00684C
:1046400020F07C5094F8201040EA01605949091F7D
:10465000086043E0E06938B356481038006840F01D
:104660008000544910390860FEF79EF9054606E0BF
:10467000FEF79AF9401B022801D903209FE64D4816
:1046800010380068C0F300200028F1D000BF49486E
:10469000001F006820F07C5094F8201040EA016070
:1046A0004449091F086019E042481038006820F0AA
:1046B0008000404910390860FEF776F9054606E0AB
:1046C000FEF772F9401B022801D9032077E639482A
:1046D00010380068C0F300200028F1D100BF207816
:1046E00000F00800082836D16069D0B13148643044
:1046F000006840F001002F4964310860FEF754F96A
:10470000054606E0FEF750F9401B022801D90320B8
:1047100055E6284864300068C0F340000028F1D016
:1047200019E024486430006820F001002149643118
:104730000860FEF739F9054606E0FEF735F9401B3B
:10474000022801D903203AE61A4864300068C0F311
:1047500040000028F1D1207800F02000202838D136
:10476000A069D0B113481038006840F48050114956
:1047700010390860FEF718F9054606E0FEF714F94F
:10478000401B022801D9032019E60A4810380068A6
:10479000C0F340300028F1D01BE006481038006814
:1047A00020F48050034910390860FEF7FDF80546F3
:1047B00009E0000010440258FEF7F6F8401B0228FA
:1047C00001D90320FBE5D0480068C0F34030002841
:1047D000F2D1207800F0040004287DD1CB48006895
:1047E00040F48070C9490860FEF7DEF8054606E02F
:1047F000FEF7DAF8401B642801D90320DFE5C3483F
:10480000006800F480700028F2D000BFA068012882
:1048100008D1BD487030006840F00100BA497031DD
:1048200008602DE0A06868B9B7487030006820F0D3
:104830000100B549703108600846006820F00400A6
:1048400008601DE0A06805280DD1AF4870300068F1
:1048500040F00400AC49703108600846006840F040
:10486000010008600CE0A8487030006820F00100EA
:10487000A549703108600846006820F0040008600F
:1048800000BFA068A0B1FEF78FF8054608E0FEF76C
:104890008BF8401B41F28831884201D903208EE514
:1048A000994870300068C0F340000028EFD013E052
:1048B000FEF77AF8054608E0FEF776F8401B41F26D
:1048C0008831884201D9032079E58F48703000682B
:1048D000C0F340000028EFD1606A00287DD08A48EC
:1048E0001030006800F03800182877D0606A02287D
:1048F00075D18548006820F0807083490860FEF714
:1049000053F8054606E0FEF74FF8401B022801D990
:10491000032054E57C480068C0F340600028F2D1D1
:1049200000BFD4E90A1041EA00107749283109682C
:1049300040F2F33291430843734928310860208ED6
:10494000401EC0F30800616B491E4FF47E4202EA2C
:1049500041210843218F491ED20102EA0141084347
:104960003C21095D491E120202EA016108436649C1
:104970003031086000BF081F006820F00100091FE7
:1049800008606148343000684FF6F8718843A16CC4
:1049900040EAC1005C49343108605B482C30006853
:1049A00020F00C00216C084357492C310860084660
:1049B000006820F00200616C084353492C31086004
:1049C0000846006840F4803008600846006840F4FB
:1049D000003008600846006802E092E038E01FE01E
:1049E00040F4802008600846006840F0010008603C
:1049F0004548006840F0807043490860FDF7D4FFE7
:104A0000054606E0FDF7D0FF401B022801D9032030
:104A1000D5E43D480068C0F340600028F2D070E063
:104A20003948006820F0807037490860FDF7BCFF06
:104A3000054606E0FDF7B8FF401B022801D9032018
:104A4000BDE431480068C0F340600028F2D158E06E
:104A50002D48283007682C4830300668606A0128E5
:104A600021D007F00301A06A81421CD1C7F30511D0
:104A7000E06A884217D1C6F30801206B401E8142CC
:104A800011D1606B401EC6F3462188420BD1A06B4A
:104A9000401EC6F30641884205D1E06B401EC6F3B6
:104AA0000661884201D0012089E41748343000684B
:104AB000C0F3CC07A06CB84223D013482C30006858
:104AC00020F0010010492C310860FDF76DFF05460C
:104AD00000BFFDF769FF401BFBD00B483430006876
:104AE0004FF6F8718843A16C40EAC10006493431A1
:104AF000086005482C30006840F0010002492C3164
:104B0000086000205BE4000000440258004802589E
:104B1000704770477047000030B502460B4600BF33
:104B200092F83C00012801D1022030BD012082F81A
:104B30003C0000BF022082F83D0010684168106808
:104B40008468254D1068A84203D0244D1068A842FF
:104B500003D121F470015868014321F070011868F5
:104B60000143106841601C4D1068A84223D01068B2
:104B7000B0F1804F1FD01A4D1068A8421BD0194DBC
:104B80001068A84217D0184D1068A84213D0134DD2
:104B90001068A8420FD0154D1068A8420BD0144DD4
:104BA0001068A84207D0134D1068A84203D0124DD8
:104BB0001068A84205D124F0800498680443106866
:104BC0008460012082F83D0000BF002082F83C0094
:104BD00000BF00BFA9E70000000001400004014041
:104BE0000004004000080040000C00400018004095
:104BF0000040014000E0004000E4004010B50446E1
:104C00000CB9012010BD94F83D0028B9002084F8AB
:104C10003C00204600F02AF8022084F83D00211DC7
:104C2000206801F0A5FF012084F8480000BF84F847
:104C30003E0001213F2001554020015541200155F2
:104C4000422001554320015500BF00BF012084F8D8
:104C5000440045200155462001554720015500BF1D
:104C6000012084F83D000020CCE7000008B5016871
:104C7000B1F1804F0DD100BF0649096841F0010133
:104C8000044A11601146096801F00101009100BF5A
:104C900000BF08BDE8440258014691F83D000128D4
:104CA00001D001207047022081F83D000868C068EB
:104CB00040F001000B68D860204B0868984223D070
:104CC0000868B0F1804F1FD01D4B086898421BD078
:104CD0001C4B0868984217D01B4B0868984213D0A9
:104CE0001A4B086898420FD0194B086898420BD0AD
:104CF000184B0868984207D0174B0868984203D0B1
:104D0000164B0868984210D108688068144B00EA76
:104D10000302062A0FD0B2F5803F0CD00868006865
:104D200040F001000B68186005E00868006840F07A
:104D300001000B6818600020B4E70000000001408B
:104D40000004004000080040000C00400004014046
:104D5000001800400040014000E0004000E4004036
:104D6000070001002DE9F04104460D46002700BF71
:104D700094F83C00012802D10220BDE8F081012016
:104D800084F83C0000BF022084F83D00206886685B
:104D90004048064026F47F462068866028687028D0
:104DA00026D00CDC00F00F01002966D10011072885
:104DB00063D2DFE800F0555657584B374100B0F149
:104DC000101F52D009DCB0F5805F10D0B0F5005F45
:104DD0001BD0B0F5801F50D146E0A0F580102038E0
:104DE000002843D0102842D0202846D140E046E099
:104DF000D5E902136A68206801F03BFF20688668E5
:104E000046F077062068866039E0D5E902136A68C3
:104E1000206801F02EFF2068806840F480402168FF
:104E200088602CE0EA686968206802F0EDF850219B
:104E3000206801F029FF22E0EA686968206802F032
:104E4000F6F86021206801F01FFF18E0EA68696841
:104E5000206802F0D9F84021206801F015FF0EE02B
:104E600000BF00BF00BF00BF00BF00BF00BF00BF4A
:104E70002968206801F008FF01E0012700BF00BF9A
:104E8000012084F83D0000BF002084F83C0000BFF2
:104E9000384672E788FFCEFF704710B50446206899
:104EA0000069C0F34000D8B12068C068C0F340007A
:104EB000B0B16FF0020021680861012020772068FE
:104EC000806900F0030018B12046FFF7E5FF05E018
:104ED000204600F0EBF8204600F0D9F900202077BA
:104EE00020680069C0F38000D8B12068C068C0F3B2
:104EF0008000B0B16FF004002168086102202077C3
:104F00002068806900F4407018B12046FFF7C4FFA4
:104F100005E0204600F0CAF8204600F0B8F900206D
:104F2000207720680069C0F3C000D8B12068C0684D
:104F3000C0F3C000B0B16FF0080021680861042020
:104F400020772068C06900F0030018B12046FFF701
:104F5000A3FF05E0204600F0A9F8204600F097F9ED
:104F60000020207720680069C0F30010D8B12068C5
:104F7000C068C0F30010B0B16FF010002168086184
:104F8000082020772068C06900F4407018B12046DE
:104F9000FFF782FF05E0204600F088F8204600F089
:104FA00076F9002020772068006900F0010058B1F0
:104FB0002068C06800F0010030B16FF00100216886
:104FC0000861204600F022FA20680069C0F3C01092
:104FD00058B12068C068C0F3C01030B16FF08000D5
:104FE000216808612046FFF794FD20680069C0F33E
:104FF000002058B12068C068C0F3C01030B16FF411
:105000008070216808612046FFF782FD20680069F2
:10501000C0F3801058B12068C068C0F3801030B170
:105020006FF0400021680861204600F0FBF920681D
:105030000069C0F3401058B12068C068C0F3401048
:1050400030B16FF02000216808612046FFF762FD53
:1050500010BD000010B586B00446142101A8FBF76E
:1050600039FB2068B0F1804F1AD100BF0D480068AD
:1050700040F001000B4908600846006800F001009C
:10508000009000BF00BF202001900220029000206D
:10509000039004900120059001A90348FDF786FBC9
:1050A00006B010BDE04402580000025870472DE9D8
:1050B000F04104460D461646002700BF94F83C0018
:1050C000012802D10220BDE8F081012084F83C00D3
:1050D00000BF0C2E51D005DC4EB1042E1ED0082E80
:1050E0007AD133E0102E60D0142EF9D175E0294624
:1050F000206801F0D5FD2068806940F00800216833
:1051000088612068806920F0040021688861206837
:105110008069296908432168886178E02946206808
:1051200001F014FE2068806940F400602168886105
:105130002068806920F48060216888612068806927
:10514000296940EA01202168886160E029462068D9
:1051500001F056FE2068C06940F008002168C8616F
:105160002068C06920F004002168C8612068C06917
:10517000296908432168C86149E02946206801F08F
:1051800099FE2068C06940F400602168C861206809
:10519000C06920F480602168C8612068C0692969FD
:1051A00040EA01202168C86131E02946206801F009
:1051B000BBFE2068406D40F008002168486520680B
:1051C000406D20F00400216848652068406D296921
:1051D0000843216848651AE017E02946206801F075
:1051E000DBFE2068406D40F400602168486520685F
:1051F000406D20F48060216848652068406D296911
:1052000040EA01202168486501E0012700BF00BF96
:1052100000BF002084F83C0000BF384653E710B5BB
:1052200004460CB9012010BD94F83D0028B90020B7
:1052300084F83C00204600F029F8022084F83D0064
:10524000211D206801F094FC012084F8480000BF73
:1052500084F83E0001213F200155402001554120A6
:105260000155422001554320015500BF00BF0120D8
:1052700084F844004520015546200155472001553A
:1052800000BF012084F83D000020CCE77047704744
:1052900070B504460D4615B994F83E0015E0042D8E
:1052A00002D13F20005D10E0082D02D14020005DBA
:1052B0000BE00C2D02D14120005D06E0102D02D143
:1052C0004220005D01E04320005D012801D0012063
:1052D00070BD1DB9022084F83E001AE0042D03D1F0
:1052E00002213F20015514E0082D03D10221402066
:1052F00001550EE00C2D03D102214120015508E09B
:10530000102D03D102214220015502E00221432049
:10531000015501222946206801F09AFC2F49206896
:1053200088420FD02E49206888420BD02D49206832
:10533000884207D02C492068884203D02B49206836
:10534000884201D1012000E0002028B12068406C93
:1053500040F400402168486420492068884223D0F6
:105360002068B0F1804F1FD02149206888421BD0AF
:1053700020492068884217D01F492068884213D0EE
:105380001749206888420FD01C49206888420BD0FA
:1053900014492068884207D019492068884203D000
:1053A00018492068884210D120688068164900EAB0
:1053B0000106062E0FD0B6F5803F0CD0206800689D
:1053C00040F001002168086005E02068006840F0B6
:1053D00001002168086000207AE700000000014019
:1053E00000040140004001400044014000480140E9
:1053F0000004004000080040000C0040001800407D
:1054000000E0004000E400400700010010B5044641
:1054100003492068884201D1FDF7CCFA10BD000095
:10542000000001407047014600BF91F88400012848
:1054300001D102207047012081F8840000BF2420A0
:10544000C1F88800086802680868006820F0010058
:105450000B68186022F0005200204866086802605D
:105460002020C1F8880000BF002081F8840000BF20
:1054700000BFDFE77047704770B504460D4600BFB8
:1054800094F88400012801D1022070BD012084F825
:10549000840000BF2420C4F88800206806682068C3
:1054A000006820F00100216808602068806820F012
:1054B0006060284321688860204601F0DDFD206897
:1054C00006602020C4F8880000BF002084F8840013
:1054D00000BF00BFD9E770B504460D4600BF94F881
:1054E0008400012801D1022070BD012084F88400CD
:1054F00000BF2420C4F8880020680668206800687F
:1055000020F00100216808602068806820F0604079
:10551000284321688860204601F0AEFD20680660BF
:105520002020C4F8880000BF002084F8840000BF59
:1055300000BFD9E77047704710B50446204600F019
:1055400035F800F0010018B10120216808621CE064
:10555000204600F02BF800F0020018B1042021686A
:10556000086212E0204600F021F800F0040018B1B3
:1055700002202168086208E0204600F017F800F0D9
:10558000080010B108202168086205492068884297
:1055900004D101220349044800F02EFC10BD000094
:1055A000001001400C580024580200240146D1F894
:1055B000900070472DE9F04704462068C5692068CF
:1055C00006682068876840F60F0005EA0009B9F10F
:1055D000000F0FD105F0200060B106F0200010B9D7
:1055E00007F0805030B1606F10B12046616F88477E
:1055F000BDE8F087B9F1000F7ED0FE48384018B9F9
:10560000FD4830400028F7D005F0010058B106F4FD
:10561000807040B1012021680862D4F8900040F009
:105620000100C4F8900005F0020058B107F0010035
:1056300040B1022021680862D4F8900040F00400D4
:10564000C4F8900005F0040058B107F0010040B123
:10565000042021680862D4F8900040F00200C4F8E9
:10566000900005F0080070B106F0200010B9E14884
:10567000384040B1082021680862D4F8900040F01A
:105680000800C4F8900005F4006060B106F0806086
:1056900048B14FF4006021680862D4F8900040F0EF
:1056A0002000C4F89000D4F89000002852D005F0F3
:1056B000200050B106F0200010B907F0805020B152
:1056C000606F10B12046616F8847D4F890A02068C1
:1056D000806800F04000402802D00AF0280070B333
:1056E000204601F0F3FD2068806800F0400040286B
:1056F00026D100BF00BF00E02DE02168083151E84D
:10570000001F21F040002168083141E80002002A12
:10571000F1D100BFD4F8800068B1B848D4F8801047
:105720000865D4F88000FBF76FFE98B1D4F88000CC
:10573000016D88470EE02046FFF7FEFE0AE003E019
:105740002046FFF7F9FE05E02046FFF7F5FE0020B2
:10575000C4F890004CE7E06E01287DD105F0100000
:10576000002879D006F010000028FAD01020216817
:1057700008622068806800F0400040286DD1D4F8AD
:10578000800000689E4988426BD0D4F88000006891
:105790009B491831884264D0D4F880000068984949
:1057A000303188425DD0D4F8800000689449483197
:1057B000884256D0D4F88000006891496031884210
:1057C0004FD0D4F8800000688D497831884248D0A5
:1057D000D4F8800000688A499031884241D0D4F8DA
:1057E000800000688649A83188423AD0D4F8800009
:1057F00000688449884234D0D4F880000068814928
:10580000183188422DD0D4F8800000687D493031AD
:10581000884226D0D4F8800000687A49483188420E
:105820001FD0D4F88000006876496031884218D0D3
:10583000D4F88000006873497831884211D0D4F8D8
:10584000800000686F49903188420AD0D4F8800007
:1058500000686C49A83102E0AEE069E001E08842EE
:1058600004D1D4F880000068406803E0D4F88000D8
:10587000006840681FFA80F8B8F1000F57D0B4F8FC
:105880005C00404553DDA4F85E80D4F88000C06918
:10589000B0F5807F40D000BF00BF216851E8001FF5
:1058A00021F48070226842E800010029F5D100BF90
:1058B00000BF00BF2168083151E8001F21F001003E
:1058C0002168083141E80002002AF3D100BF00BF7F
:1058D00000BF2168083151E8001F21F04000216815
:1058E000083141E80002002AF3D100BF2020C4F8AB
:1058F0008C000020E06600BF00BF216851E8001F57
:1059000021F01000226842E800010029F5D100BF13
:10591000D4F88000FBF70AFB02202067B4F85C0093
:10592000B4F85E20801A81B22046FFF7A3FD5FE63F
:1059300034F85C0F6188401A1FFA80F860885C3C7C
:10594000C8B3B8F1000F36D000BF00BF216851E8DE
:10595000001F21F49070226842E800010029F5D16F
:1059600000BF00BF00BF2168083151E8001F214A75
:10597000D24301EA02002168083141E80002002A0E
:10598000F1D100BF2020C4F88C000020E0666067E1
:1059900000BF00BF216851E8001F21F010002268FD
:1059A00042E800010029F5D100BF022020674146EE
:1059B0002046FFF75FFD1BE605F4801050B107F4A9
:1059C000800038B14FF48010216808622046FFF74C
:1059D000B2FD0DE605F08000B0B106F0800010B910
:1059E00007F4000080B1A06F10B12046A16F884776
:1059F000FEE500000100001020010004B372000861
:105A0000100002401004024005F0400030B106F0E2
:105A1000400018B1204601F08FFCE9E505F40000D4
:105A200030B106F0804018B12046FFF783FDDFE576
:105A300005F0807030B106F0004018B12046FFF745
:105A40001AFDD5E500BFD3E510B504460B49206823
:105A5000884206D110200A4909680862094802F004
:105A60004EFD09492068884206D11020074909687F
:105A70000862074802F043FD10BD0000001001401D
:105A8000580200240C58002400440040EC0200247A
:105A90002858002410B504460CB9012010BDA06997
:105AA00000B100E000BFD4F8880028B9002084F8D5
:105AB0008400204600F02AF82420C4F888002068DA
:105AC000006820F0010021680860204601F04AFFCC
:105AD000012800D1E2E7A06A10B1204601F0F8FAEF
:105AE0002068406820F49040216848602068806801
:105AF00020F02A00216888602068006840F00100DA
:105B000021680860204601F05FFBC7E710B5B6B01A
:105B10000446142130A8FAF7DDFDB82102A8FAF7EF
:105B2000D9FDAB49206888423ED102210020CDE951
:105B300002101F9002A8FDF7B3FA08B1FBF7DFF9D6
:105B400000BFA448006840F40020A249086008464D
:105B5000006800F40020019000BF00BF00BF9D4816
:105B60000838006840F001009A4908390860084682
:105B7000006800F00100019000BF00BF03203090DA
:105B8000022031900020329033900820349030A9C8
:105B90009148FCF70BFE002205213420FCF7BCFFE6
:105BA0003420FCF7A5FF10E18C49206888423FD1E2
:105BB00002210020CDE902101F9002A8FDF770FA23
:105BC00008B1FBF79CF900BF8248006840F48010E0
:105BD000804908600846006800F48010019000BF0A
:105BE00000BF00BF7B480838006840F002007949D8
:105BF000083908600846006800F00200019000BF04
:105C000000BF4FF44050309002203190002032907D
:105C100033900E20349030A97148FCF7C7FD002264
:105C200005213520FCF778FF3520FCF761FFCCE03B
:105C30006C492068884263D101210020CDE902101F
:105C4000209002A8FDF72CFA08B1FBF758F900BF25
:105C500060480830006840F010005E490831086074
:105C60000846006800F01000019000BF00BF00BFB0
:105C700058480838006840F0010056490839086063
:105C80000846006800F00100019000BF00BF4FF41B
:105C9000C060309002203190002032903390072075
:105CA000349030A94C48FCF781FD4F484F490860BB
:105CB0002920486000214D488160C1604FF4806117
:105CC00001610021416181614FF48071C1614FF434
:105CD0004031016200214162FCF7DEFA08B1FBF7B6
:105CE0000EF900BF4148C4F88000846300BF002261
:105CF00005212520FCF710FF2520FCF7F9FE64E0C4
:105D00003B492068884260D102210020CDE9021081
:105D10001F9002A8FDF7C4F908B1FBF7F0F800BF27
:105D20002C48006840F400302A49086008460068A2
:105D300000F40030019000BF00BF00BF25480838C4
:105D4000006840F0010023490839086008460068EF
:105D500000F00100019000BF00BF0C203090022035
:105D600031900020329033900720349030A91A48A7
:105D7000FCF71CFD1C4818381E4908602B204860A1
:105D800000211C488160C1604FF4806101610021E5
:105D9000416181614FF48071C1614FF44031016212
:105DA00000214162FCF778FA08B1FBF7A8F800BFC0
:105DB0001048C4F88000846300BF0022052126201B
:105DC000FCF7AAFE2620FCF793FE36B010BD0000BB
:105DD000004C0040E84402580000025800500040C7
:105DE00000040258001001402800024080030024F3
:105DF00000440040F803002470B504460D461646E2
:105E0000D4F88C00202821D105B10EB9012070BD35
:105E10000020E0660E492068884211D02068406862
:105E200000F4000060B100BF00BF216851E8001F0E
:105E300041F08060226842E800010029F5D100BFEE
:105E400032462946204602F0A1F8E0E70220DEE7CC
:105E5000000C005810B5044606492068884208D155
:105E60000548017802F053FB012203490348FFF77C
:105E7000C3FF10BD001001400C580024580200243C
:105E8000704700BFFEE7000070B5049C0568AD6870
:105E900045F040050668B56005682D6845F01005B9
:105EA00006683560944E0D68B54249D0924E18365A
:105EB0000D68B54244D0904E30360D68B5423FD0A3
:105EC0008D4E48360D68B5423AD08B4E60360D681F
:105ED000B54235D0884E78360D68B54230D0864E02
:105EE00090360D68B5422BD0834EA8360D68B5426A
:105EF00026D0824E0D68B54222D0804E18360D68ED
:105F0000B5421DD07D4E30360D68B54218D07B4E5F
:105F100048360D68B54213D0784E60360D68B542EC
:105F20000ED0764E78360D68B54209D0734E903655
:105F30000D68B54204D0714EA8360D68B54206D141
:105F40000D682D6825F001050E68356005E00D68C7
:105F50002D6825F001050E6835605AE0664E0D6823
:105F6000B54249D0644E18360D68B54244D0624EF1
:105F700030360D68B5423FD05F4E48360D68B542A9
:105F80003AD05D4E60360D68B54235D05A4E7836FF
:105F90000D68B54230D0584E90360D68B5422BD0C2
:105FA000554EA8360D68B54226D0544E0D68B54200
:105FB00022D0524E18360D68B5421DD04F4E3036A5
:105FC0000D68B54218D04D4E48360D68B54213D015
:105FD0004A4E60360D68B5420ED0484E78360D6890
:105FE000B54209D0454E90360D68B54204D0434EB7
:105FF000A8360D68B54206D10D682D6825F001055B
:106000000E68356005E00D682D6825F001050E6805
:1060100035600D682D6805F00105002D9ED10568DD
:1060200024350E68B5600D68EA600D682B610D6857
:106030006C600D682D6845F480250E6835602E4E25
:106040000D68B54249D02C4E18360D68B54244D083
:10605000294E30360D68B5423FD0274E48360D6880
:10606000B5423AD0244E60360D68B54235D0224E46
:1060700078360D68B54230D01F4E90360D68B54267
:106080002BD01D4EA8360D68B54226D01B4E0D688C
:10609000B54222D0194E18360D68B5421DD0174EA4
:1060A00030360D68B54218D0144E48360D68B542EA
:1060B00013D0124E60360D68B5420ED00F4E7836B2
:1060C0000D68B54209D00D4E90360D68B54204D02A
:1060D0000A4EA8360D68B54206D10D682D6845F008
:1060E00001050E68356005E00D682D6845F0010575
:1060F0000E68356070BD00001000024010040240C0
:1061000008B500BF0E48006840F001000C49086067
:106110000846006800F00100009000BF00BF0022A8
:1061200005210B20FCF7F8FC0B20FCF7E1FC00221A
:1061300005210C20FCF7F0FC0C20FCF7D9FC08BD75
:10614000D844025810B500220821084604F032F95C
:106150003C49086000220821084604F02BF93A491E
:10616000086000220821084604F024F93749086035
:1061700000220821042004F01DF93549086000229E
:106180000821022004F016F9324908600022082193
:10619000022004F00FF930490860304A00213048ED
:1061A00002F060FF2F4908602F4A00212F4802F0BB
:1061B00059FF2F4908602F4A00212F4802F052FF53
:1061C0002E4908602E4A00212E4802F04BFF2E492E
:1061D00008602E4A00212E4802F044FF2D49086035
:1061E0002D4A00212D4802F03DFF2D4908602D4A1F
:1061F00000212D4802F036FF2C4908602C4A00216E
:106200002C4802F02FFF2C4908602C4A00212C4812
:1062100002F028FF2B4908602B4A00212B4802F08E
:1062200021FF2B4908602B4A00212B4802F01AFF5E
:106230002A4908602A4A00212A4802F013FF2A4905
:10624000086010BD30000024340000243800002411
:106250003C000024400000244400002408B0000852
:10626000AB690008000000242CB000081169000888
:106270000400002450B000088D0B00080800002422
:1062800074B000088D8100080C00002498B000084C
:10629000050F000810000024BCB00008AD0B00087A
:1062A00014000024E0B00008F56500081800002480
:1062B00004B10008790B00081C00002428B1000874
:1062C000830B0008200000244CB100082569000859
:1062D0002400002470B100081B6900082800002475
:1062E00094B10008F30E00082C00002400B587B01C
:1062F000142102A8FAF7EEF900BF2448006840F024
:106300008000224908600846006800F08000019083
:1063100000BF00BF00BF0846006840F001000860F1
:106320000846006800F00100019000BF00BF00BFF8
:106330000846006840F0020008600846006800F067
:106340000200019000BF00BF00BF0846006840F097
:10635000080008600846006800F00800019000BFCF
:1063600000BF00224FF480410948FCF717FB4FF4AF
:10637000804002900120039000200490059002A923
:106380000348FCF713FA07B000BD0000E0440258D0
:10639000000C025800B58FB000200B900C900D90AF
:1063A0000E90089009900A901C2101A8FAF792F922
:1063B0004FF08040214908604FF489704860002107
:1063C0001E48816044F61F61C16000210161816146
:1063D000FEF714FC08B1FAF792FD4FF480500B90D1
:1063E0000BA91648FEF7BEFC08B1FAF788FD134862
:1063F000FEF715FF08B1FAF782FD002008900A9019
:1064000008A90E48FEF788FB08B1FAF778FD60206E
:1064100001900020029003900590002201A90748F6
:10642000FEF745FE08B1FAF76AFD00210348FEF7C2
:106430002FFF0248FEF70EFE0FB000BDE40000245F
:1064400010B51848184908604FF4E1304860002141
:1064500015488160C16001610C21416100218161A9
:10646000C1610162416200200F4988620846FFF75E
:1064700011FB08B1FAF743FD00210B48FFF72BF899
:1064800008B1FAF73CFD00210748FEF7F5FF08B117
:10649000FAF735FD0448FEF7C6FF08B1FAF72FFDFD
:1064A00010BD0000004C00403001002410B5184819
:1064B000184908604FF4E1304860002115488160B8
:1064C000C16001610C21416100218161C1610162F2
:1064D000416200200F4988620846FFF7DBFA08B1E5
:1064E000FAF70DFD00210B48FEF7F5FF08B1FAF7AA
:1064F00006FD00210748FEF7BFFF08B1FAF7FFFCD1
:106500000448FEF790FF08B1FAF7F9FC10BD00004F
:1065100000500040C401002410B518481849086014
:106520004FF4E1304860002115488160C16001618D
:106530000C21416100218161C16101624162002041
:106540000F4988620846FFF7A5FA08B1FAF7D7FCA9
:1065500000210B48FEF7BFFF08B1FAF7D0FC00217D
:106560000748FEF789FF08B1FAF7C9FC0448FEF7AF
:106570005AFF08B1FAF7C3FC10BD0000001001403B
:106580005802002410B5174817490860174848609A
:10659000002115488160C16001610C214161002129
:1065A0008161C1610162416200200F498862084631
:1065B000FFF770FA08B1FAF7A2FC00210A48FEF7CB
:1065C0008AFF08B1FAF79BFC00210748FEF754FF49
:1065D00008B1FAF794FC0448FEF725FF08B1FAF772
:1065E0008EFC10BD00440040EC020024A086010097
:1065F00000BFFEE70F4802F021FB00BF4FF0FF3263
:106600000D490E48006804F011F90028F6D00A4838
:10661000483890F848100A4801F07CFE09210848E3
:1066200001F078FE04F09CFA04462146014802F08D
:106630009DFBE3E724570024B057002430000024DA
:106640002C55002400BFFEE72DE9F04104460E461C
:1066500000275548006800F00300032802D10120FC
:10666000BDE8F08150482838006820F080604E492D
:1066700028390860FCF798F9054606E0FCF794F91C
:10668000401B022801D90320EAE747482838006860
:10669000C0F3C0600028F1D100BF4348006820F477
:1066A0007C30216840EA01303F490860A088401EE4
:1066B000C0F30800A168491E4FF47E4202EA41215E
:1066C0000843A189491ED20102EA01410843217C05
:1066D000491E120202EA0161084333491031086081
:1066E00000BF3148001D006820F0C0006169084308
:1066F0002D49091D08600846006820F02000A169A6
:1067000008432949091D08600846006820F0100068
:1067100008602548143000684FF6F8718843E16935
:1067200040EAC1002049143108601F48001D00687C
:1067300040F010001C49091D08602EB90846006889
:1067400040F40020086012E0012E08D11648001D18
:10675000006840F480101449091D086007E01248E1
:10676000001D006840F400100F49091D08600E4824
:106770002838006840F080600B4928390860FCF731
:1067800013F9054606E0FCF70FF9401B022801D972
:10679000032065E7044828380068C0F3C06000287B
:1067A000F1D038465CE70000284402582DE9F0415A
:1067B00004460E4600275548006800F003000328F1
:1067C00002D10120BDE8F08150482838006820F04F
:1067D00080504E4928390860FCF7E6F8054606E087
:1067E000FCF7E2F8401B022801D90320EAE74748FA
:1067F00028380068C0F340700028F1D100BF43483A
:10680000006820F07C70218840EA01503F49086010
:10681000A088401EC0F30800A168491E4FF47E42C4
:1068200002EA41210843A189491ED20102EA01413D
:106830000843217C491E120202EA016108433349E0
:106840001831086000BF3148001D006820F4406026
:10685000616908432D49091D08600846006820F455
:106860000070A16908432949091D086008460068AD
:1068700020F48070086025481C3000684FF6F871DD
:106880008843E16940EAC10020491C3108601F4883
:10689000001D006840F480701C49091D08602EB975
:1068A0000846006840F48000086012E0012E08D11C
:1068B0001648001D006840F400001449091D0860D6
:1068C00007E01248001D006840F080700F49091D64
:1068D00008600E482838006840F080500B4928397D
:1068E0000860FCF761F8054606E0FCF75DF8401B20
:1068F000022801D9032065E7044828380068C0F35E
:1069000040700028F1D038465CE700002844025867
:1069100000BF012002F050FBFBE700BF012003F0A5
:1069200053FBFBE700BF4FF0FF32184918480068DF
:1069300003F07CFF0028F6D014480078032806D026
:1069400004280BD0052810D006281CD114E00F48CD
:10695000104A4168104802F047F915E00B480F4A09
:1069600041680D4802F040F90EE008480C4A4168C1
:10697000094802F039F907E004480A4A4168064824
:1069800002F032F900E000BFCDE70000DC00002497
:106990003C0000240C5800242457002428580024CC
:1069A0004458002460580024704700BF012002F0C2
:1069B00003FBFBE710B54FF0E020006904F0C0F8DE
:1069C000012801D003F0DCFC10BD000000B59DB033
:1069D0004C210AA8F9F77EFE202102A8F9F77AFED9
:1069E0000220FCF7EBF800BF00200190234800686C
:1069F00020F44040214908600846006800F4404007
:106A0000019000BF00BF00BF1C48006800F40050A8
:106A1000B0F5005FF8D101200A9000040B9002202D
:106A200013900221149115912C2116910121179197
:106A30000221189119910C211A9100211B911C918E
:106A40000AA8FDF7B7FC08B1FAF759FA3F200290FF
:106A50000320039000200490082005904020069019
:106A600007900001089040200990032102A8FDF73B
:106A70007BF908B1FAF743FA1DB000BD1848025877
:106A80002F48006840F470002D4908602D480068C8
:106A900000F00F00072806D22A48006820F00F00F7
:106AA000C01D284908602848006840F001002649B8
:106AB00008600020244910310860234800682349F9
:106AC0000840214908601F48006800F00F000728AF
:106AD00006D91C48006820F00F00C01D1949086045
:106AE0000020194918310860091D0860091D086057
:106AF00017481549283108601648091D08601648CE
:106B0000091D08600020091D08601348091D086060
:106B10000020091D08601048091D08600020091D9B
:106B200008600948006820F48020074908600020B8
:106B300005496031086043F2D20008490860704797
:106B400088ED00E000200052004402587FEDF6EA94
:106B5000000202020000FF01800201010040005219
:106B600010B50248FEF799F910BD0000700400242A
:106B700010B502682C4B98420ED0B0F1804F0BD06C
:106B80002A4B984208D02A4B984205D0294B98426C
:106B900002D0294B984203D122F070024B681A436D
:106BA000214B98421DD0B0F1804F1AD01F4B984214
:106BB00017D01F4B984214D01E4B984211D01E4B39
:106BC00098420ED01D4B98420BD01D4B984208D0D6
:106BD0001C4B984205D01C4B984202D01B4B98424C
:106BE00003D122F44072CB681A4322F080034C692F
:106BF00043EA040202608B68C3620B6883620A4B3B
:106C000098420BD00C4B984208D00C4B984205D0C0
:106C10000B4B984202D00B4B984201D10B69036396
:106C20000123436110BD000000000140000400404A
:106C300000080040000C00400004014000400140FA
:106C4000004401400048014000E0004000E40040F2
:106C500030B501F01F05012404FA05F3046A9C43D2
:106C60000462046A01F01F0502FA05F52C43046270
:106C700030BD30B50C46816821F47F4142EA0325DE
:106C800025432943816030BD0A468168034B194082
:106C900042F0070319438160704700008FFFCFFF68
:106CA00030B5056A25F001050562026A436884690A
:106CB000204D2C4024F003040D682C4322F00202E6
:106CC0008D682A431C4DA84200D10FE01B4DA842FD
:106CD00000D10BE01A4DA84200D107E0194DA8429F
:106CE00000D103E0184DA84206D100BF22F00802EF
:106CF000CD682A4322F004020F4DA8420BD00F4D5D
:106D0000A84208D00E4DA84205D00E4DA84202D090
:106D10000D4DA84207D123F4807323F400734D690D
:106D20002B438D692B43436084614D684563026248
:106D300030BD00008FFFFEFF000001400004014055
:106D400000400140004401400048014030B5056A60
:106D500025F010050562026A43688469224D2C40C3
:106D600024F440740D6844EA052422F020028D6862
:106D700042EA05121D4DA84200D10FE01C4DA84269
:106D800000D10BE01B4DA84200D100BF1A4DA84214
:106D900000D100BF194DA84207D106E022F08002C1
:106DA000CD6842EA051222F04002104DA8420BD0F5
:106DB0000F4DA84208D00F4DA84205D00E4DA84255
:106DC00002D00E4DA84209D123F4806323F400635E
:106DD0004D6943EA85038D6943EA85034360846115
:106DE0004D688563026230BDFF8FFFFE00000140E9
:106DF00000040140004001400044014000480140BF
:106E000030B5056A25F480750562026A4368C46975
:106E1000224D2C4024F003040D682C4322F4007210
:106E20008D6842EA05221E4DA84200D10FE01D4D9B
:106E3000A84200D10BE01C4DA84200D100BF1B4D61
:106E4000A84200D100BF1A4DA84207D106E022F4A3
:106E50000062CD6842EA052222F48062104DA84209
:106E60000BD0104DA84208D00F4DA84205D00F4DB1
:106E7000A84202D00E4DA84209D123F4805323F436
:106E800000534D6943EA05138D6943EA05134360D6
:106E9000C4614D68C563026230BD00008FFFFEFF14
:106EA0000000014000040140004001400044014056
:106EB0000048014030B5056A25F480550562036A33
:106EC0004468C269124D2A4022F440720D6842EAB9
:106ED000052223F400538D6843EA05330D4DA84283
:106EE0000BD00D4DA84208D00C4DA84205D00C4D3A
:106EF000A84202D00B4DA84204D124F480444D692D
:106F000044EA85144460C2614D680564036230BD83
:106F1000FF8FFFFE000001400004014000400140DF
:106F2000004401400048014030B5056A25F4803531
:106F30000562026A4368446D114D2C400D682C4374
:106F400022F400320D8942EA05420E4DA8420BD0D0
:106F50000D4DA84208D00D4DA84205D00C4DA842B9
:106F600002D00C4DA84204D123F480334D6943EA8A
:106F70000523436044654D688565026230BD0000AD
:106F80008FFFFEFF0000014000040140004001406F
:106F9000004401400048014030B5056A25F48015E1
:106FA0000562026A4368446D114D2C400D6844EA45
:106FB000052422F400120D8942EA05520D4DA84223
:106FC0000BD00D4DA84208D00C4DA84205D00C4D59
:106FD000A84202D00B4DA84204D123F480234D696E
:106FE00043EA8523436044654D68C565026230BD50
:106FF000FF8FFFFE000001400004014000400140FF
:10700000004401400048014030B50B461446026A76
:10701000056A25F001050562816921F0F00141EA68
:10702000041122F00A021A438161026230BD30B5B8
:107030000B461446056A25F0100505628169026A4F
:1070400021F4704141EA043122F0A00242EA031225
:107050008161026230BD000010B50248FEF7AAFA55
:1070600010BD00003001002410B50248FEF7A2FA5E
:1070700010BD0000C401002470B5456E2DB9012576
:10708000A0F86A50A0F868501CE01023102405688E
:10709000AD68C5F342610568AD686A0F0A4DAD5C25
:1070A00015FB04F5094EB65C95FBF6F5A0F86A50A1
:1070B000054D6D5C15FB03F5044E765C95FBF6F50E
:1070C000A0F8685070BD0000D8B10008E0B1000819
:1070D00090F8281001F0010139B10168496821F4E4
:1070E0000031C26A11430268516090F8281001F023
:1070F0000201022907D10168496821F48031026B3D
:1071000011430268516090F8281001F0040104292D
:1071100007D10168496821F48021426B114302685C
:10712000516090F8281001F00801082907D1016882
:10713000496821F40041826B11430268516090F864
:10714000281001F01001102907D10168896821F485
:107150008051C26B11430268916090F8281001F0D1
:107160002001202907D10168896821F40051026CAF
:1071700011430268916090F8281001F04001402905
:1071800013D10168496821F48011426C11430268EF
:107190005160416CB1F5801F07D10168496821F445
:1071A000C001826C11430268516090F8281001F010
:1071B0008001802907D10168496821F40021C26C4F
:1071C000114302685160704738B504460020C4F886
:1071D0009000FBF7E9FB05462068006800F0080016
:1071E000082821D16FF07E402B4600224FF4001179
:1071F0000090204600F078FFB0B100BF00BF2168CA
:1072000051E8001F21F08000226842E800010029B7
:10721000F5D100BF2020C4F8880000BF002084F80A
:10722000840000BF032038BD2068006800F004001F
:10723000042830D16FF07E402B4600224FF48001AD
:107240000090204600F050FF28B300BF00BF216827
:1072500051E8001F21F49070226842E800010029E3
:10726000F5D100BF00BF00BF2168083151E8001F01
:1072700021F001002168083141E80002002AF3D121
:1072800000BF2020C4F88C0000BF002084F88400D8
:1072900000BF0320C7E72020C4F88800C4F88C0092
:1072A0000020E066206700BF84F8840000BF00BFB4
:1072B000B9E770B50546AC6B0020A4F85E00A4F8F1
:1072C00056002046FEF738F970BD000000BF00BF31
:1072D000026852E8002F22F49071036843E800121C
:1072E000002AF5D100BF00BF00BF0268083252E893
:1072F000002F104B02EA03010268083242E8001333
:10730000002BF2D100BFC16E01290CD100BF00BF1C
:10731000026852E8002F22F01001036843E80012CF
:10732000002AF5D100BF2021C0F88C100021C166D1
:1073300041677047FEFFFFEF10B5044600BF00BF76
:10734000216851E8001F21F04000226842E8000156
:107350000029F5D100BF2020C4F888000020A067D4
:107360002046FEF78DFD10BD2DE9F0410446B4F82E
:107370006070D4F88C0022286ED12068406A86B2F2
:10738000A56D06EA07002880A06D801CA065B4F8F2
:107390005E00401EA4F85E00B4F85E00002861D1D3
:1073A00000BF00BF216851E8001F21F490702268DF
:1073B00042E800010029F5D100BF00BF00BF2168ED
:1073C000083151E8001F21F001002168083141E82F
:1073D0000002002AF3D100BF2020C4F88C00002056
:1073E0006067206720492068884211D02068406883
:1073F00000F4000060B100BF00BF216851E8001F29
:1074000021F08060226842E800010029F5D100BF28
:10741000E06E01281CD10020E06600BF00BF21689B
:1074200051E8001F21F01000226842E80001002905
:10743000F5D100BF2068C069C0F3001010B1102062
:1074400021680862B4F85C102046FEF713F809E0E2
:107450002046FEF7FFFC05E02068806940F0080048
:1074600021688861BDE8F081000C00582DE9F84FD3
:107470000446B4F860B02068C569206800680090D0
:107480002068D0F808A0D4F88C0022287ED1B4F867
:107490006890ADE02068406A1FFA80F8A76D08EA9E
:1074A0000B003880A06D801CA065B4F85E00401E03
:1074B000A4F85E002068C56905F00700B0B305F0C8
:1074C000010060B1009800F4807040B10120216893
:1074D0000862D4F8900040F00100C4F8900005F074
:1074E000020058B10AF0010040B102202168086290
:1074F000D4F8900040F00400C4F8900005F00400B7
:1075000058B10AF0010040B1042021680862D4F8A3
:10751000900040F00200C4F89000D4F8900028B128
:107520002046FEF709F80020C4F89000B4F85E0089
:1075300000285DD100BF00BF216851E8001F21F481
:107540008070226842E800010029F5D100BF00BF29
:1075500000BF2168083151E8001F404A01EA0200DB
:107560002168083141E80002002AF2D100BF202042
:10757000C4F88C0000206067206739492068884281
:1075800013D02068406800F4000000E05DE060B1C6
:1075900000BF00BF216851E8001F21F08060226811
:1075A00042E800010029F5D100BFE06E01281CD19E
:1075B0000020E06600BF00BF216851E8001F21F0F5
:1075C0001000226842E800010029F5D100BF2068C0
:1075D000C069C0F3001010B1102021680862B4F82F
:1075E0005C102046FDF746FF02E02046FEF732FC25
:1075F000B9F1000F04D005F0200000287FF44AAF55
:10760000B4F85E6006B3B4F86800B04223DD00BF92
:1076100000BF2168083151E8001F21F08050216827
:10762000083141E80002002AF3D100BF0D4860672D
:1076300000BF00BF216851E8001F41F02000226810
:1076400042E800010029F5D105E02068806940F09A
:10765000080021688861BDE8F88F0000FEFFFFEF99
:10766000000C00586973000870B50446B4F86060F7
:10767000D4F88C0022286FD12068406A85B2F0B21D
:107680002840A16D0870A06D401CA065B4F85E0094
:10769000401EA4F85E00B4F85E00002862D100BF6E
:1076A00000BF216851E8001F21F49070226842E871
:1076B00000010029F5D100BF00BF00BF21680831DB
:1076C00051E8001F21F001002168083141E8000263
:1076D000002AF3D100BF2020C4F88C00002060678E
:1076E000206721492068884211D02068406800F452
:1076F000000060B100BF00BF216851E8001F21F009
:107700008060226842E800010029F5D100BFE06EE8
:1077100001281CD10020E06600BF00BF216851E8AD
:10772000001F21F01000226842E800010029F5D175
:1077300000BF2068C069C0F3001010B1102021689C
:107740000862B4F85C102046FDF794FE0AE020467B
:10775000FEF780FB06E0FFE72068806940F0080044
:107760002168886170BD0000000C00582DE9F05FB1
:107770000446B4F860A02068C5692068D0F800B05D
:107780002068D0F80890D4F88C0022287ED1B4F874
:107790006880ACE02068406A87B20AF0FF00384099
:1077A000A16D0870A06D401CA065B4F85E00401E7D
:1077B000A4F85E002068C56905F00700A8B305F0CD
:1077C000010058B10BF4807040B1012021680862BB
:1077D000D4F8900040F00100C4F8900005F00200D9
:1077E00058B109F0010040B1022021680862D4F8C4
:1077F000900040F00400C4F8900005F0040058B177
:1078000009F0010040B1042021680862D4F890001A
:1078100040F00200C4F89000D4F8900028B120464F
:10782000FDF78AFE0020C4F89000B4F85E0000283E
:107830005DD100BF00BF216851E8001F21F48070B6
:10784000226842E800010029F5D100BF00BF00BF57
:107850002168083151E8001F3F4A01EA020021680F
:10786000083141E80002002AF2D100BF2020C4F80C
:107870008C0000206067206738492068884213D058
:107880002068406800F4000070B100E05CE000BFD8
:1078900000BF216851E8001F21F08060226842E8A3
:1078A00000010029F5D100BFE06E01281CD10020A5
:1078B000E06600BF00BF216851E8001F21F0100002
:1078C000226842E800010029F5D100BF2068C069A4
:1078D000C0F3001010B1102021680862B4F85C10E9
:1078E0002046FDF7C7FD02E02046FEF7B3FAB8F1E7
:1078F000000F04D005F0200000287FF44BAFB4F84F
:107900005E6006B3B4F86800B04223DD00BF00BF7C
:107910002168083151E8001F21F0805021680831AA
:1079200041E80002002AF3D100BF0D48606700BFA4
:1079300000BF216851E8001F41F02000226842E8A2
:1079400000010029F5D105E02068806940F00800B9
:1079500021688861BDE8F09FFEFFFFEF000C005832
:10796000697600082DE9F04F89B00546002008909F
:10797000F8492868884200D100E000BF2969A8685A
:10798000084369690843E96940EA01082868006812
:10799000F149084040EA0800296808602868406802
:1079A00020F44050E968084329684860D5F81880F9
:1079B000E8492868884202D0286A40EA080828680E
:1079C0008068E649084040EA08002968886028681D
:1079D000C06A20F00F00696A08432968C86200BFC6
:1079E000DF492868884220D1DE48006800F038006E
:1079F000182811D005DC48B1082809D0102811D169
:107A000008E020280AD028280CD109E001240BE046
:107A1000042409E0082407E0102405E0202403E002
:107A2000402401E0802400BF42E1CF492868884219
:107A300019D1CC48006800F00700062810D2DFE812
:107A400000F0030507090B0D00240BE0042409E0F6
:107A5000082407E0102405E0202403E0402401E08E
:107A6000802400BF24E1C1492868884219D1BD485B
:107A7000006800F00700062810D2DFE800F00305D8
:107A800007090B0D00240BE0042409E0082407E09B
:107A9000102405E0202403E0402401E0802400BFFE
:107AA00006E1B3492868884219D1AE48006800F061
:107AB0000700062810D2DFE800F0030507090B0DC8
:107AC00000240BE0042409E0082407E0102405E06A
:107AD000202403E0402401E0802400BFE8E0A54921
:107AE0002868884219D19F48006800F007000628DE
:107AF00010D2DFE800F0030507090B0D00240BE0AE
:107B0000042409E0082407E0102405E0202403E011
:107B1000402401E0802400BFCAE0974928688842D9
:107B200020D19048006800F03800182811D005DCFA
:107B300048B1082809D0102811D108E020280AD01F
:107B400028280CD109E001240BE0042409E00824D2
:107B500007E0102405E0202403E0402401E0802415
:107B600000BFA5E085492868884219D17D48006892
:107B700000F00700062810D2DFE800F0030507092F
:107B80000B0D00240BE0042409E0082407E0102476
:107B900005E0202403E0402401E0802400BF87E0CA
:107BA00077492868884219D16E48006800F00700BC
:107BB000062810D2DFE800F0030507090B0D0024AA
:107BC0000BE0042409E0082407E0102405E0202449
:107BD00003E0402401E0802400BF69E0694928688F
:107BE000884220D15F48006800F03800182811D082
:107BF00005DC48B1082809D0102811D108E0202858
:107C00000AD028280CD109E001240BE0042409E063
:107C1000082407E0102405E0202403E0402401E0CC
:107C2000802400BF44E058492868884220D14D484C
:107C3000006800F03800182811D005DC48B1082889
:107C400009D0102811D108E020280AD028280CD10A
:107C500009E001240BE0042409E0082407E01024D3
:107C600005E0202403E0402401E0802400BF1FE061
:107C70003849286888421AD13A48001D006800F047
:107C80000700062810D2DFE800F0030507090B0DF6
:107C900002240BE0042409E0082407E0102405E096
:107CA000202403E0402401E0802400BF00E0802481
:107CB00000BF2849286888424BD1102C1AD006DC16
:107CC000022C09D0042C0BD0082C29D10DE0202C3B
:107CD00021D0402C24D120E0FAF7A0FF064623E073
:107CE00005A8FAF7ADFF069E1EE002A8FBF7C0F854
:107CF000039E19E01B4854380068C0F3401040B19F
:107D0000184854380068C0F3C101204820FA01F631
:107D100000E01E4E08E01E4E06E04FF4004603E071
:107D200000260120089000BF00BF002E10D0194986
:107D3000686A31F81000B6FBF0F9686800EB4000A3
:107D4000484503D868680003484525D201200890BB
:107D500007E153E0000C0058F369FFCFFFF4FF1177
:107D600000100140544402580044004000480040C4
:107D7000004C0040005000400014014000780040DA
:107D8000007C004000180140001C01400090D0031E
:107D900000093D00C0B100087849686A31F810C098
:107DA0006246002330461946F8F797FB4FF4807C73
:107DB00000220346A3FB0C0B01FB0CB103FB0213D7
:107DC0006968490884461CEB010143EB0200CDE9D8
:107DD0000010D5F804C06246002308460199F8F760
:107DE0007CFB0746B7F5407F05D3B7F5801F02D26D
:107DF0002868C760B5E001200890B2E0E869B0F5F6
:107E0000004F5BD1082C1AD005DC5CB1012C0DD0E1
:107E1000042C2DD10EE0102C16D0202C23D0402C79
:107E200026D122E0FCF78CF9064625E0FCF79AF90A
:107E3000064621E005A8FAF703FF069E1CE002A80B
:107E4000FBF716F8039E17E04D480068C0F340109A
:107E500038B14B480068C0F3C1014A4820FA01F626
:107E600000E0484E08E0484E06E04FF4004603E0CC
:107E700000260120089000BF00BF7EB33F49686A1A
:107E800031F81000B6FBF0F04000696800EB5100DB
:107E9000B0FBF1F7102F0ED3B7F5803F0BD24FF6A2
:107EA000F07007EA000AC7F342004AEA000A2868AD
:107EB000C0F80CA055E00120089052E0082C1BD01F
:107EC00005DC64B1012C0ED0042C2ED10FE0102C57
:107ED00017D0202C24D0402C27D123E041E0FCF700
:107EE0002FF9064625E0FCF73DF9064621E005A8F6
:107EF000FAF7A6FE069E1CE002A8FAF7B9FF039E59
:107F000017E01F480068C0F3401038B11C480068F3
:107F1000C0F3C1011B4820FA01F600E0194E08E049
:107F2000194E06E04FF4004603E0002601200890B9
:107F300000BF00BFAEB11149686A31F81000B6FB4E
:107F4000F0F0696800EB5100B0FBF1F7102F06D399
:107F5000B7F5803F03D2B8B22968C86001E00120BC
:107F600008900120A5F86A00A5F86800002068675D
:107F7000A867089809B0BDE8F08F0000C0B10008FC
:107F8000004402580090D00300093D0030B503467C
:107F90009965A3F85C20A3F85E200020586700BF15
:107FA0009868B0F5805F0AD1186920B940F2FF10D7
:107FB000A3F8600020E0FF20A3F860001CE09868B0
:107FC00048B9186918B9FF20A3F8600014E07F20B1
:107FD000A3F8600010E09868B0F1805F09D11869DB
:107FE00018B97F20A3F8600006E03F20A3F86000E6
:107FF00002E00020A3F8600000BF0020C3F890005A
:108000002220C3F88C0000BF00BF1C68083454E86D
:10801000004F44F001001C68083444E80005002DBE
:10802000F3D100BF586EB0F1005F2CD1B3F86800F7
:10803000904228DC9868B0F5805F04D1186910B9C7
:108040002548586701E025485867186960B100BFA6
:1080500000BF1C6854E8004F44F480701D6845E878
:108060000004002CF5D100BF00BF00BF1C6808341D
:1080700054E8004F44F080501C68083444E8000580
:10808000002DF3D126E09868B0F5805F04D118691F
:1080900010B91348586701E012485867186960B171
:1080A00000BF00BF1C6854E8004F44F490701D6886
:1080B00045E80004002CF5D10CE000BF00BF1C68AF
:1080C00054E8004F44F020001D6845E80004002CEF
:1080D000F5D100BF002030BD6D7400086D77000839
:1080E00069730008697600082DE9F04104460D46E1
:1080F00017469846069E3CE0701CC8B3FAF754FC3D
:10810000A0EB0800B04200D816B90320BDE8F0810A
:108110002068006800F0040050B32068C069C0F314
:10812000C00078B10820216808622046FFF7CEF829
:108130000820C4F8900000BF002084F8840000BF2D
:108140000120E3E72068C069C0F3C02080B14FF48C
:108150000060216808622046FFF7B8F82020C4F8C4
:10816000900000BF002084F8840000BF0320CDE70A
:10817000FFE72068C0692840A84201D1012000E043
:108180000020B842B8D00020C0E7000000BF0023A4
:108190001A4604490448006802F0F6F9022000F08B
:1081A0000BFFF4E7C05700243000002410B5094845
:1081B000FDF700FA07480068C06900F0100040B100
:1081C00004480068006800F0100010B10148FDF795
:1081D0003BFC10BD5802002410B50948FDF7EAF930
:1081E00007480068C06900F0100040B1044800680A
:1081F000006800F0100010B10148FDF725FC10BD2B
:10820000EC02002400BFFEE710B5044622460249F6
:10821000024800F0F3F910BD00100140D8570024C7
:1082200010B5044622460249024800F0E7F910BDA5
:1082300000440040D857002410B5044622460249A5
:10824000024800F0DBF910BD004C0040D857002474
:1082500010B5044622460249024800F0CFF910BD8D
:1082600000500040D8570024002003E0034A02F8E1
:108270003000401C0E28F9DB7047000068570024CE
:1082800008B526200090154880684068431C1348B4
:1082900080680068421C12491248FDF7F5FD242051
:1082A00000900E4840694068431C0C4840690068D3
:1082B000421C0D490D48FDF7E7FD0D490D4800F042
:1082C00035F90D490D4800F031F90D490D4800F020
:1082D0002DF90D490D4800F029F908BDD8570024A3
:1082E0008003002458020024F8030024EC02002438
:1082F000098200080C580024218200082858002414
:108300003982000844580024518200086058002433
:108310007047000070B505460C4604B970BD0120D9
:1083200004EBC4010C4A02EB81014870002004EB0D
:10833000C40102EB81018870012004EBC40102EB4F
:108340008101087102F00CFC04EBC401024A02EB4B
:108350008101886000BFE1E72C55002470B5054617
:108360000024C7E004EBC40005EB800080780128FE
:1083700054D104EBC40005EB8000C068F0B302F0F8
:10838000EFFB04EBC40105EB81018968401A04EBA3
:10839000C40105EB8101886104EBC40005EB80009A
:1083A000806904EBC40105EB8101C968884234D9B6
:1083B00004EBC40005EB8000C1692046884700201B
:1083C00004EBC40105EB8101087104EBC40005EB6B
:1083D0008000806904EBC40105EB8101C968401A83
:1083E00004EBC40105EB81014969884215D904EB0E
:1083F000C40005EB8000C078012800E00EE077D1D2
:10840000002004EBC40105EB8101887004EBC4007B
:1084100005EB8000016A2046884769E004EBC40050
:1084200005EB80004078012862D104EBC40005EB25
:1084300080000069F0B302F093FB04EBC40105EB8C
:1084400081018968401A04EBC40105EB8101886150
:1084500004EBC40005EB8000806904EBC40105EB6C
:1084600081010969884235D904EBC40005EB80001D
:10847000C16920468847002004EBC40105EB810157
:10848000087104EBC40005EB8000806904EBC401B3
:1084900005EB81010969401A04EBC40105EB810178
:1084A0004969884224D904EBC40005EB8000C078F8
:1084B000012800E00DE01BD1002004EBC40105EB16
:1084C0008101487004EBC40005EB8000016A20467E
:1084D00088470DE004EBC40005EB8000C07801285C
:1084E00006D104EBC40005EB8000016A20468847F2
:1084F000601CC4B20E2CFFF635AF70BD704710B5CE
:108500000446E06810B10120E168884710BD70B5ED
:1085100004460D462A4604F11001204600F0EBFB0C
:10852000E06810B10020E168884770BDC160704705
:1085300010B5816042600024C46010BDF8B50646E5
:108540000C46154600200090254884420CD1B068A6
:1085500050F825102348C16100236A4600F1180134
:108560002148006802F0E4F8204884420CD1706988
:1085700050F825101B48416200236A4600F1200193
:108580001948006802F0D4F8194884420CD1306AC6
:1085900050F825101348C16200236A4600F12801F3
:1085A0001148006802F0C4F8124884420CD1F06A05
:1085B00050F825100B48416300236A4600F1300152
:1085C0000948006802F0B4F8009838B14FF08050C4
:1085D00009490860BFF34F8FBFF36F8FF8BD0000EC
:1085E0000C580024685700243C000024285800241C
:1085F000445800246058002404ED00E070B504469F
:108600000D4616461348854205D133462246124987
:10861000204600F02FF81148854206D1334604F178
:108620000C020F49204600F025F80E48854206D17D
:10863000334604F118020C49204600F01BF80B48A1
:10864000854206D1334604F124020949204600F050
:1086500011F870BD001001400C5800240044004087
:1086600028580024004C004044580024005000408A
:10867000605800242DE9F04107460C4615461E4679
:10868000012E7DD160680068006800F40020002899
:1086900077D160680068FE49884258D060680068F9
:1086A000FB491831884252D060680068F84930317F
:1086B00088424CD060680068F5494831884246D00D
:1086C00060680068F2496031884240D060680068A4
:1086D000EF49783188423AD060680068EC499031BF
:1086E000884234D060680068E949A83188422ED0B9
:1086F00060680068E749884229D060680068E549F9
:108700001831884223D060680068E24930318842DD
:108710001DD060680068DF494831884217D0606822
:108720000068DC496031884211D060680068D9492E
:10873000783188420BD060680068D6499031884211
:1087400005D060680068D349A831884208D16068C4
:108750000068006820F0010061680968086007E0AF
:1087600060680068006820F00100616809680860BE
:10877000E878616809684968401A2871E87801E07A
:108780008BE0A0E061680968486060680068006884
:1087900040F4002061680968086060680068BC49AE
:1087A000884258D060680068B9491831884252D070
:1087B00060680068B649303188424CD06068006813
:1087C000B3494831884246D060680068B04960319A
:1087D000884240D060680068AD49783188423AD01C
:1087E00060680068AA499031884234D060680068A7
:1087F000A749A83188422ED060680068A549884200
:1088000029D060680068A3491831884223D0606885
:108810000068A049303188421DD0606800689D49D9
:108820004831884217D0606800689A4960318842B0
:1088300011D0606800689749783188420BD0606831
:10884000006894499031884205D060680068914979
:10885000A831884208D160680068006840F00100D3
:1088600061680968086007E060680068006840F0B7
:1088700001006168096808602879A97888420CD1EC
:108880002879A96809680870287838B9687828B9FB
:10889000002221463846FFF751FE2FE12878A968CB
:1088A0000968497888420CD1A86800682979405C39
:1088B0006978884205D1002221463846FFF73EFEFE
:1088C0001CE1BDE8F081606800687149884258D0B9
:1088D000606800686E491831884252D0606800684C
:1088E0006B49303188424CD0606800686849483133
:1088F000884246D06068006865496031884240D04F
:10890000606800686249783188423AD060680068DF
:108910005F499031884234D0606800685C49A83172
:1089200088422ED0606800685A49884229D0606821
:10893000006858491831884223D06068006855495A
:10894000303188421DD06068006852494831884201
:1089500017D0606800684F496031884211D0606864
:1089600000684C49783188420BD0606800684949FA
:108970009031884205D0606800684649A831884235
:1089800008D160680068006820F00100616809682B
:10899000086007E060680068006820F00100616816
:1089A00009680860E878616809684968401A2871B0
:1089B000E87861680968486060680068006820F4C9
:1089C0000020616809680860606800683049884272
:1089D00058D0606800682E491831884252D06068CB
:1089E00000682B49303188424CD0606800682849C3
:1089F0004831884246D06068006825496031884225
:108A000040D0606800682249783188423AD0606876
:108A100000681F499031884234D0606800681C4962
:108A2000A83188422ED0606800681A49884229D04F
:108A30006068006817491831884223D06068006870
:108A40001449303188421DD06068006811494831AE
:108A5000884217D0606800680E496031884211D0A2
:108A6000606800680B49783188420BD06068006804
:108A700008499031884205D0606800680549A831EE
:108A800088420DD160680068006840F0010003E092
:108A9000100002401004024061680968086007E0A5
:108AA00060680068006840F001006168096808605B
:108AB0002879A978884221D12879A968496808705D
:108AC000287838B9687828B9012221463846FFF756
:108AD00035FD13E02878A9684968497888420CD1A7
:108AE000A86840682979405C6978884205D10122EC
:108AF00021463846FFF722FD00E0E2E600BFE0E64F
:108B0000704770477047000010B50446204600BF0C
:108B1000044600BFB03000BFA0F1B00404235022CF
:108B20001649503000F086F9A0F5807400F5A07069
:108B300000BFA0F51074503000BFA0F52474503071
:108B400000BFA0F53874803000F1400100BFA1F5EE
:108B5000687404235022094904F5986000F06AF90A
:108B6000A0F5986404235022044900F5A07000F099
:108B700061F9A0F5C064204610BD0000038B000819
:108B800010B5044604235022164904F5C060F7F7D7
:108B9000DDFD04235022134904F59860F7F7D6FD54
:108BA00004F5587004F5687100BFA1F56874A1F16F
:108BB000C00000BFA0F53874503800BFA0F5247481
:108BC000503800BFA0F51074042350220549A0F5C9
:108BD000A070F7F7BBFD04F1B00000BFA0F1B00436
:108BE000204610BD058B000837B5054614460948D8
:108BF000844206D100231A4601A90748006801F003
:108C0000C3FC0648844203D12846019900F008F8C5
:108C10003EBD000028580024400000240C580024C9
:108C200010B50246002003E00B5C034C2354401CAB
:108C30000B28F9DB10BD00005C57002410B504467A
:108C4000FFF71EFBFFF710FB10BD2DE9F0410446B6
:108C5000884615461E46069F84F800806570A670FB
:108C6000E770082000F0B2F8A060384600F0AEF8D7
:108C7000A1680860384600F0A9F8A168486020465D
:108C8000BDE8F08110B504460521204600F04FF8FC
:108C900010BD70B5044601F063FF05462946204625
:108CA00000F064F870BD014600BF084600F12001E5
:108CB000FF220A7051224A7000BFA1F1200000F18A
:108CC0002501FF220A7001224A7000BFA1F1250090
:108CD00000F13201FF220A7002224A7000BFA1F1A6
:108CE000320000F15501FF220A7003224A7000BFD2
:108CF000A1F15500704770B50446134609B10868E4
:108D000010B94FF0FF3070BD8888401C0D8990FB72
:108D1000F5F605FB1602C888904205D08D880868D4
:108D200043558A800020EEE74FF0FF30EBE710B5A7
:108D30000246107870B159B1107891FBF0F0C0B2D2
:108D40005368B3FBF0F400FB143008B9012010BDE8
:108D50000020FCE739B15068B0FBF1F301FB1300D0
:108D600008B90120F3E70020F1E70000C26802B96A
:108D7000C1608268026181604268521C426003697E
:108D80008268D21A00EE102AF8EE400AB7EE001AF6
:108D900081EE200ADFED0C0A20EE200A80ED050AA4
:108DA000D0E90223D21A00EE102AF8EE400A90ED24
:108DB000010AB8EE401A81EE200ADFED030A20EE28
:108DC000200A80ED060A704700007A4410B500F0D2
:108DD00001F810BD10B5040007D1012405E0F7F734
:108DE0009BFD006800B9044880472046F7F746FB22
:108DF0000028F4D010BD0000630900080248006894
:108E0000C0F30220704700000CED00E010B5002810
:108E100004DB0A07130E054A135406E00A07140E72
:108E2000034A00F00F031B1FD45410BD00E400E000
:108E300018ED00E02DE9F0411C4617460E00804673
:108E400007D0054602E02846B0473D442046641E50
:108E5000F9D24046BDE8F081EFF30580704700008D
:108E600038B5194C26200A230022114600902046CE
:108E7000FFF7EBFE04462420122300221146009047
:108E800004F10C00FFF7E1FEA0F10C042420002304
:108E90001A461946009004F11800FFF7D6FEA0F11B
:108EA0001804242000231A461946009004F12400D7
:108EB000FFF7CBFEA0F1240400BF2546034A044976
:108EC0002846F7F781FB38BDD8570024000000087A
:108ED000018B000800B526230B4A0C490C48FFF70C
:108EE00027FB24230B4A0C490C48FFF721FB2423C2
:108EF00000220B490B48FFF71BFB242300220A49E1
:108F00000A48FFF715FB00BD800300245802002427
:108F10000C580024F8030024EC02002428580024F4
:108F20003001002444580024C40100246058002467
:108F300010B50448FFF7E8FD0446034A0349F7F774
:108F400043FB10BD904D002400000008818B0008F9
:108F50000649084600BF01461C30FF22027051221C
:108F6000427000BFA0F11C0170470000245700248C
:108F700010B50248FFF797FE10BD0000D054002442
:108F8000F9F724FDFDF722FDFDF7B0F9FDF7B8F87C
:108F9000FDF7C2FAFDF7F6FAFDF752FAFDF786FA89
:108FA000FDF7F8F9FDF700FD00F016F8FDF7CAF837
:108FB00000F028F800BFFEE770B50546FFF74CFF4C
:108FC00010B16FF0050404E0002415B1284600F04C
:108FD000FBFF204670BD000010B5FFF73DFF10B14C
:108FE0006FF0050409E00648006820B90120044933
:108FF0000860002401E04FF0FF34204610BD00005F
:10900000AC00002470B5FFF727FF10B16FF0050426
:109010001FE011480068012819D100BF801F0021FE
:10902000002804DB0A07130E0C4A135406E00A0753
:10903000150E0B4A00F00F031B1FD55400BF00BFD5
:1090400002200549086001F03BF8002401E04FF0E0
:10905000FF34204670BD0000AC00002400E400E0B6
:1090600018ED00E02DE9FF478046894614460020B0
:109070000390FFF7F1FE00284ED1B8F1000F4BD05E
:10908000802618258246471E44B3206808B1D4F8CC
:1090900000A0A06900B1A5692DB1382D03D82079B1
:1090A00000F0010018B1002004B0BDE8F08760694D
:1090B00008B160698608A06840B1E0685C2805D303
:1090C000206918B1606908B1012708E0A06830B9CB
:1090D000E06820B9206910B9002700E00027012FBF
:1090E0000CD12169A0684B463246CDE9005102906F
:1090F0005146404601F0C6FC03900DE067B903A855
:10910000B2B24B465146CDE90050404601F088FCD2
:10911000012801D0002003900398C5E72DE9F04114
:1091200005460E461648076816480068001D00F000
:10913000C3FD681C38B936B112480168091D1248D0
:1091400000F010FE1AE07C190E4800684460BC4232
:1091500007D20C480168091D0C48006800F0E8FDC2
:109160000CE008480168091D0948006800F0E0FDAE
:1091700008480068844201D206480460BDE8F081D6
:10918000700000245C000024AC090024640000246A
:10919000600000248C00002410B5044600F0EEFDB1
:1091A00024480068401C234908602348006840B9EF
:1091B000214804600846006801280DD100F0FCF940
:1091C0000AE01E48006838B91B480068C06AE16AB6
:1091D000884201D81848046019480068401C1849A2
:1091E00008600846006860641649E06A09688842B9
:1091F00002D91449E06A0860E16A01EB8101124A70
:1092000002EB8100211D00F0ADFD00F0E1FD0B48F7
:10921000006868B108480068C06AE16A884207D2FD
:109220004FF0805009490860BFF34F8FBFF36F8F35
:1092300010BD00006C0000245C00002478000024B5
:109240008800002474000024FC04002404ED00E0E5
:1092500008B500F093FD12480068E8B9114800F025
:1092600057FD114800F054FD0E48104908600E48A3
:109270000F49086000200F4B0F4A102100900A2070
:1092800001F0C5F8064908600846006820B10BA146
:109290000348006800F05CFE00F09AFD08BD000085
:1092A000A0000024C0090024D40900249800002450
:1092B0009C000024E8090024380A0024546D7251EF
:1092C0000000000010B516E000F058FD0C48C06822
:1092D000C468201D00F0F0FC0A480068401E0949DF
:1092E000086009480068401E0749086000F070FDEA
:1092F000204600F05FF8044800680028E4D110BD63
:10930000980900246C0000246800002470B504460D
:109310000D46206C70B1216CE0680144E160D4E935
:109320000210884201D32168E1602846226CE1687E
:10933000F7F761F970BD2DE9F04104460F46154677
:109340004FF00008A66B206C48B9206800282CD18B
:10935000A06801F0ADFC80460020A06025E07DB94A
:109360003946226C6068F7F746F9216C606808445A
:109370006060D4E90101884217D32068606014E07E
:109380003946226CE068F7F736F9216CE068411A3B
:10939000E1602168E068884203D2216CA068411A2C
:1093A000E160022D01D106B1761E701CA06340461B
:1093B000BDE8F08110B5044694F8590030B9206B2F
:1093C00000F024FD204600F021FD1AE094F8590039
:1093D000012803D1204600F019FD12E094F859004D
:1093E000022801D1012000E0002050B900BF502028
:1093F00080F31188BFF34F8FBFF36F8F00BF00BFA3
:10940000FEE710BD0146084A126812680AB9012237
:1094100000E000220A600A6822B9034A1268D26892
:10942000106800E0002070479800002430B54FF429
:109430007053174800F007042CB1C01D20F007003E
:10944000134C041B1B1B0246124C22600024114DBE
:109450006C60D018083820F007000F4C2060002402
:109460000D4D2D686C600C4D2D682C601146441A12
:109470004C60094C24680C60084D4C682C60084D09
:109480004C682C604FF00044064D2C6030BD00004D
:1094900090110024B0000024B8000024C000002473
:1094A000BC000024CC00002400BFFFF70BFF0648DF
:1094B00000680128F9D94FF0805004490860BFF3D3
:1094C0004F8FBFF36F8FF0E7FC04002404ED00E042
:1094D0002DE9F04106460D4617469846069C0DB903
:1094E000246000E02760E66325640121204600F047
:1094F000FFFF84F84C80BDE8F0812DE9F05F8246E3
:109500000E4690469B460A9F0C9C4FEA8801A52276
:10951000206BF7F7B5F8A8F10100216B01EB80098A
:1095200029F0070909F0070008B9012000E0002030
:1095300050B900BF502080F31188BFF34F8FBFF3A5
:109540006F8F00BF00BFFEE786B1002507E0715DA9
:1095500004F134004155705D00B902E06D1C102D1E
:10956000F5D300BF00214320015502E0002084F81C
:109570003400382F00D33727E762E76400202065E6
:10958000201D00F0D2FB04F1180000F0CEFB246196
:10959000C7F13800A06164620020606584F858005B
:1095A0005A465146484600F071FB20600B9808B1BE
:1095B0000B980460BDE8F09F10B5002407E004EBB1
:1095C00084010F4A02EB810000F0A2FB641C382CDE
:1095D000F5D30C4800F09CFB0B4800F099FB0B48BE
:1095E00000F096FB0A4800F093FB0A4800F090FB5D
:1095F00004480949086004480849086010BD000093
:10960000FC0400245C09002470090024840900245F
:1096100098090024AC0900246000002464000024A0
:1096200010B50146164800E0006803688B42FBD382
:109630000246436813448B4204D143684C68234478
:10964000436001460A464B6813440468A34211D1A3
:109650000C4C03682468A34208D04B680468646813
:1096600023444B6003681B680B6005E0054B1B68D7
:109670000B6001E003680B60884200D0016010BD00
:10968000B0000024B80000242DE9F04104460D4646
:1096900016461F464FF0000865602461B5420CD89D
:1096A000F01BA169884202D34FF0010811E0211D8F
:1096B0000948006800F03CFB0BE0BE4204D2BD420A
:1096C00002D34FF0010804E0211D0448006800F0B7
:1096D0002FFB4046BDE8F0819C0000249800002448
:1096E00070B5054600F04AFBA86B08B9012400E0FC
:1096F000002400F06DFB204670BD70B5054600F0FB
:109700003DFBA86BE96B884201D1012400E00024F5
:1097100000F05EFB204670BDF8B505460F461A48BE
:109720000068C068C468201D00F0C6FA94F82800DC
:1097300000F00400E8B1A06941192B463A462046E2
:10974000FFF7A2FFD8B1002003462A460146009049
:10975000204601F009FC064656B900BF502080F3B0
:109760001188BFF34F8FBFF36F8F00BF00BFFEE7BD
:1097700005E094F8280020F0010084F82800204635
:10978000216A8847F8BD000098000024F0B587B032
:10979000A0E00398002811DA04AE56B900BF5020AB
:1097A00080F31188BFF34F8FBFF36F8F00BF00BFEF
:1097B000FEE7D6E90020B168904700BF0398002873
:1097C000E6DB059C606908B9012000E0002010B9C3
:1097D000201D00F071FA02A800F0DEF8054603989B
:1097E0000A2875D2DFE800F0090507394163060849
:1097F0003A4200BF00BF00BF00BF94F8280040F00D
:10980000010084F828000498A269811803462A46BA
:109810002046FFF739FFF8B12046216A884794F8BF
:10982000280000F00400B8B1002000900498A1695D
:10983000421800231946204601F096FB074657B907
:1098400000BF502080F31188BFF34F8FBFF36F8F9D
:1098500000BF00BFFEE700BF3BE000BF94F8280058
:1098600020F0010084F8280033E000BF94F82800BD
:1098700040F0010084F828000498A061A06908B1B4
:10988000012000E0002050B900BF502080F3118873
:10989000BFF34F8FBFF36F8F00BF00BFFEE7A0691C
:1098A00041192B462A462046FFF7EEFE11E094F8B8
:1098B000280000F0020018B9204600F0A7FA05E0E1
:1098C00094F8280020F0010084F8280001E0FFE768
:1098D00000BF00BF002203A90448006800F0A6FFF3
:1098E00000287FF456AF07B0F0BD0000A0000024B0
:1098F000F8B505460C4600F03FFC684600F04CF811
:109900000646009820BB44B9B54206D801F06EFA6D
:1099100031462846FFF700FF1CE03CB10E480068C6
:10992000006808B9012000E000200446A91B224677
:109930000A48006800F022FB01F058FA50B94FF0D5
:10994000805007490860BFF34F8FBFF36F8F01E06E
:1099500001F04CFAF8BD00009C000024A000002497
:1099600004ED00E00A490968096809B9012100E02D
:10997000002121B14FF0FF31064A116006E0044991
:109980000968C968C868034A4168116070470000E7
:10999000600000248C00002470B5044601F0E0F85B
:1099A000054607480068854204D200F00BF8012004
:1099B000206001E00020206001480560284670BD5D
:1099C000A80000242DE9F84334E025480068C06869
:1099D000056823480068C068C468201D00F06CF961
:1099E0002046216A884794F8280000F0040008B354
:1099F000A0694619AE4207D966602461211D184846
:109A0000006800F095F915E0002003462A4601465B
:109A10000090204601F0A8FA074657B900BF502031
:109A200080F31188BFF34F8FBFF36F8F00BF00BF6C
:109A3000FEE700BF0A480068006808B9012000E09E
:109A400000200028C1D00648D0F8008005480068F2
:109A5000034908600348C0F80080BDE8F8830000AF
:109A6000980000249C0000240E480068401C08B99F
:109A7000012000E0002050B900BF502080F3118881
:109A8000BFF34F8FBFF36F8F00BF00BFFEE700BF74
:109A9000502080F31188BFF34F8FBFF36F8F00BF4B
:109AA00000BFFEE7D000002408B500BF6846FFF7FE
:109AB000A9FC044620460099FFF71AFFFFF766FE4F
:109AC000F4E770B5044600F059F994F9455010E0F8
:109AD000606A08B9012000E0002038B904F12400D0
:109AE00001F038F918B100F0A9FA00E003E0681EAF
:109AF00045B2002DECDC00BFFF2084F8450000F0EB
:109B000067F900F03BF994F9445010E0206908B976
:109B1000012000E0002048B904F1100001F01AF91A
:109B200008B100F08BFA681E45B200E001E0002D9C
:109B3000ECDC00BFFF2084F8440000F049F970BD60
:109B40002DE9F04104464FF0000800F015FB4948AC
:109B5000006808B9FFF76AFC474800682040002801
:109B600070D1D4B1083404F00700B0B104F007009C
:109B7000C0F10800044404F0070008B9012000E027
:109B8000002050B900BF502080F31188BFF34F8FE1
:109B9000BFF36F8F00BF00BFFEE7002C52D03748E5
:109BA000006884424ED8364E3046056801E02E46A5
:109BB0002D686868A04202D228680028F7D12D4895
:109BC000006885423ED0306800F10808286830609F
:109BD0006868001B102819D92F1907F0070008B969
:109BE000012000E0002050B900BF502080F3118810
:109BF000BFF34F8FBFF36F8F00BF00BFFEE76868F2
:109C0000001B78606C603846FFF70AFD1B496868E6
:109C10000968081A1949086008460068194909685E
:109C2000884203D2154800681649086012496868DE
:109C30000968084368600020286013480068401CD9
:109C40001149086001F0D2F808F0070008B90120B6
:109C500000E0002050B900BF502080F31188BFF30E
:109C60004F8FBFF36F8F00BF00BFFEE74046BDE8D8
:109C7000F0810000B8000024CC000024BC000024C7
:109C8000B0000024C0000024C4000024001F4FF0D6
:109C900080730360001F21F001030360001F054B68
:109CA000036014380260001F6FF002030360203865
:109CB00070470000699A000801460A69D1E901303D
:109CC0009860D1E9010358605068884201D18868E2
:109CD0005060002008611068401E106010687047D6
:109CE000034B0360034B0B6080231360704700003D
:109CF000D80A0024340B0024034B0360034B0B6091
:109D00004FF4807313607047340D0024900D0024CD
:109D100000F1080141604FF0FF31816000F108015E
:109D2000C16001610021016070470021016170473D
:109D300010B502460B685C1C0CB9106907E002F113
:109D4000080000E04068446824689C42FAD94468EE
:109D50004C604C68A160886041600A611468641CB2
:109D6000146010BD42684A6093688B6093685960C4
:109D70009160086103685B1C0360704700BF50205E
:109D800080F31188BFF34F8FBFF36F8F00BF0E4872
:109D90000068401C0C49086008460068012812D180
:109DA0000A480068C0B208B9012000E0002050B99C
:109DB00000BF502080F31188BFF34F8FBFF36F8F28
:109DC00000BF00BFFEE77047D000002404ED00E0B4
:109DD0000D48006850B900BF502080F31188BFF3D0
:109DE0004F8FBFF36F8F00BF00BFFEE706480068CC
:109DF000401E054908600846006820B9002080F32D
:109E0000118800BF00BF7047D000002470B506461F
:109E10003546002E44D0083D2C462249606809682A
:109E2000084008B1012000E0002050B900BF5020D8
:109E300080F31188BFF34F8FBFF36F8F00BF00BF58
:109E4000FEE7206808B9012000E0002050B900BFFB
:109E5000502080F31188BFF34F8FBFF36F8F00BF87
:109E600000BFFEE70F49606809680840C0B120687C
:109E7000B0B90C49606809688843606000F07CF9FB
:109E80000949606809680844074908602046FFF7E7
:109E9000C7FB06480068401C0449086000F0A6FFA4
:109EA00070BD0000CC000024BC000024C8000024C9
:109EB00000204FF0E02108618861064800684FF4F7
:109EC0007A71B0FBF1F0401E4FF0E02148610720AD
:109ED000086170475400002470B5F6F7ABFA0446E9
:109EE000102C16D304F1E02090F8F05315480078B8
:109EF000854201DB012000E0002050B900BF502066
:109F000080F31188BFF34F8FBFF36F8F00BF00BF87
:109F1000FEE70D48006800F4E0600C4909688842DB
:109F200001D8012000E0002050B900BF502080F38C
:109F30001188BFF34F8FBFF36F8F00BF00BFFEE7E5
:109F400070BD0000D40000240CED00E0D800002417
:109F5000024600200BE0084B53F8303033B9064B73
:109F600043F8301003EBC0035A6002E0401C08289D
:109F7000F1D300BF70470000BC0400242DE9F0417C
:109F800005460E4617462C46FFF7F8FE94F94400A6
:109F9000401C10B9002084F8440094F94500401C8E
:109FA00010B9002084F84500FFF712FFA06B28B914
:109FB0003A46314604F1240000F062F82046FFF7EB
:109FC00080FDBDE8F081000070B504460025D4B1E5
:109FD0001248006808B9012000E0002050B900BF15
:109FE000502080F31188BFF34F8FBFF36F8F00BFF6
:109FF00000BFFEE700F0C0F800212046FFF78EF812
:10A0000000F0F4FE05463DB94FF080500449086069
:10A01000BFF34F8FBFF36F8F70BD0000940000241B
:10A0200004ED00E0034909680160034909684160E3
:10A0300070470000840000247000002401200149C2
:10A04000086070478000002470B504460D4654B97E
:10A0500000BF502080F31188BFF34F8FBFF36F8F85
:10A0600000BF00BFFEE70548016818312046FFF732
:10A070005FFE01212846FFF751F870BD5C00002407
:10A0800070B505460E46144655B900BF502080F302
:10A090001188BFF34F8FBFF36F8F00BF00BFFEE784
:10A0A0000648016818312846FFF75CFE0CB14FF0F6
:10A0B000FF3621463046FFF731F870BD5C000024C2
:10A0C00010B586B000200590049003AA04A905A845
:10A0D000FFF706FE0022DDE904101346CDE900215A
:10A0E00002901EA11F48039A00F0CCFC1E49086094
:10A0F0000846006808B1012400E00024012C02D1C8
:10A1000000F0F6FE0446012C15D100BF502080F36C
:10A110001188BFF34F8FBFF36F8F00BF4FF0FF3039
:10A1200012490860012012490860002011490860A6
:10A1300000F072F810E0601C08B1012000E000207F
:10A1400050B900BF502080F31188BFF34F8FBFF389
:10A150006F8F00BF00BFFEE706B010BD49444C45FD
:10A1600000000000A9940008900000248C00002446
:10A17000780000247000002402480068401C014957
:10A1800008607047940000241E48006818B1012040
:10A190001D49086034E000201B4908601B48016825
:10A1A0000CE051B900BF502080F31188BFF34F8FEE
:10A1B000BFF36F8F00BF00BFFEE7491E01EB8100B8
:10A1C000134A52F8200008B9012000E000200028BE
:10A1D000E7D101EB81020E4B03EB8200426852682B
:10A1E000426000F108024368934202D1426852681B
:10A1F00042604268D268074B1A600448016000BFA1
:10A2000070470000940000248000002474000024A3
:10A21000FC0400245C0000241CB55248006852492C
:10A22000884201D0012000E0002050B900BF50203A
:10A2300080F31188BFF34F8FBFF36F8F00BF00BF54
:10A24000FEE7484800684849491E884201D001207D
:10A2500000E0002050B900BF502080F31188BFF308
:10A260004F8FBFF36F8F00BF00BFFEE73F49084627
:10A2700000780190FF200A46107008460078009090
:10A280009DF8000000F0F0009DF80020904201D100
:10A29000012000E0002050B900BF502080F3118859
:10A2A000BFF34F8FBFF36F8F00BF00BFFEE79DF876
:10A2B000000000F050002E4A107007202D4A106058
:10A2C00009E02C480068401E2A4A10609DF80000F2
:10A2D0004006000E00909DF8000000F080008028ED
:10A2E000EFD024480068C0F10700042801D1012004
:10A2F00000E0002050B900BF502080F31188BFF368
:10A300004F8FBFF36F8F00BF00BFFEE71948006893
:10A310000002184A10601046008800F4E0601060E7
:10A32000124A019810700F482030006840F4700005
:10A330000C49203108600846006840F07040086011
:10A34000FFF7B6FD00200C490860F6F73BF80B4814
:10A35000006840F0404009490860F6F71FF8002007
:10A360001CBD000000ED00E071C20F4100E400E000
:10A37000D4000024D8000024D000002434EF00E0F2
:10A3800010B500BF502080F31188BFF34F8FBFF38B
:10A390006F8F00BF00F0EAFB18B14FF08050044906
:10A3A000086000BF002080F3118800BF10BD0000CE
:10A3B00004ED00E02DE9F84305460E4617460DB1C1
:10A3C000012000E0002050B900BF502080F3118828
:10A3D000BFF34F8FBFF36F8F00BF00BFFEE705FBDA
:10A3E00006F808F15000FFF7ABFB044664B1A14644
:10A3F00009F15009002084F846003B464A463146A0
:10A4000028460094FFF764F82046BDE8F8832DE95C
:10A41000F84380460E4617461D46DDF82090B8F1F9
:10A42000000F01D0012000E0002050B900BF5020F3
:10A4300080F31188BFF34F8FBFF36F8F00BF00BF52
:10A44000FEE70DB1012000E0002050B900BF502010
:10A4500080F31188BFF34F8FBFF36F8F00BF00BF32
:10A46000FEE707B10EB1012000E0002050B900BFA7
:10A47000502080F31188BFF34F8FBFF36F8F00BF61
:10A4800000BFFEE707B90EB9012000E0002050B977
:10A4900000BF502080F31188BFF34F8FBFF36F8F41
:10A4A00000BF00BFFEE7502000900098502801D167
:10A4B000012000E0002050B900BF502080F3118837
:10A4C000BFF34F8FBFF36F8F00BF00BFFEE700BF2A
:10A4D0002C464CB1012084F846004B463A463146A2
:10A4E00040460094FEF7F4FF2046BDE8F8830000E4
:10A4F00070B505460E462C4654B900BF502080F377
:10A500001188BFF34F8FBFF36F8F00BF00BFFEE70F
:10A51000FFF734FCD4E90F12206801FB0200A060B1
:10A520000020A06320686060E06B401E226C216800
:10A5300000FB0211E160FF2084F8440084F845002C
:10A540009EB9206908B9012000E00020A8B904F1F3
:10A55000100000F0FFFB80B14FF080500949086007
:10A56000BFF34F8FBFF36F8F07E004F11000FFF7C9
:10A57000CFFB04F12400FFF7CBFBFFF729FC012000
:10A5800070BD000004ED00E02DE9FF4383B00646F6
:10A5900088461D464FF00009344654B900BF50208C
:10A5A00080F31188BFF34F8FBFF36F8F00BF00BFE1
:10A5B000FEE7B8F1000F01D1206C08B9012000E0DE
:10A5C000002050B900BF502080F31188BFF34F8F97
:10A5D000BFF36F8F00BF00BFFEE7022D02D1E06B1B
:10A5E000012801D1012000E0002050B900BF502017
:10A5F00080F31188BFF34F8FBFF36F8F00BF00BF91
:10A60000FEE700F09DFA08B9059808B9012000E0BE
:10A61000002050B900BF502080F31188BFF34F8F46
:10A62000BFF36F8F00BF00BFFEE700BFFFF7A6FBC1
:10A63000A06BE16B884201D3022D28D12A46414606
:10A640002046FEF778FE0746606A08B9012000E060
:10A65000002068B904F1240000F07CFB88B14FF0C1
:10A66000805032490860BFF34F8FBFF36F8F08E00F
:10A670003FB14FF080502D490860BFF34F8FBFF3BB
:10A680006F8FFFF7A5FB012007B0BDE8F0830598A9
:10A6900018B9FFF79DFB0020F6E7B9F1000F04D1D0
:10A6A00001A8FFF7BFFC4FF00109FFF791FBFFF78F
:10A6B00063FDFFF763FB94F94400401C10B90020D0
:10A6C00084F8440094F94500401C10B9002084F837
:10A6D0004500FFF77DFB05A901A800F05BF9F0B983
:10A6E0002046FFF70AF8A0B104F110000599FFF722
:10A6F000ABFC2046FFF7E5F900F078FB002895D188
:10A700004FF0805009490860BFF34F8FBFF36F8F40
:10A710008CE72046FFF7D5F900F068FB86E7204676
:10A72000FFF7CFF900F062FB0020ADE704ED00E099
:10A730002DE9F84F07468A4690461E463C4654B9D6
:10A7400000BF502080F31188BFF34F8FBFF36F8F8E
:10A7500000BF00BFFEE7BAF1000F01D1206C08B9BD
:10A76000012000E0002050B900BF502080F3118884
:10A77000BFF34F8FBFF36F8F00BF00BFFEE7022E06
:10A7800002D1E06B012801D1012000E0002050B986
:10A7900000BF502080F31188BFF34F8FBFF36F8F3E
:10A7A00000BF00BFFEE7FFF797FB00BF5021EFF3AC
:10A7B000118081F31188BFF34F8FBFF36F8F00BFFC
:10A7C0000546A06BE16B884201D3022E25D194F996
:10A7D00045B0A06B0090324651462046FEF7ABFDD7
:10A7E0000BF1010088B9606A08B9012000E000207F
:10A7F00050B904F1240000F0ADFA28B1B8F1000F0F
:10A8000002D00120C8F8000004E00BF1010040B2C2
:10A8100084F845004FF0010901E04FF0000900BF46
:10A8200085F3118800BF4846BDE8F88F2DE9F74150
:10A8300083B005460E464FF000082C4654B900BFC1
:10A84000502080F31188BFF34F8FBFF36F8F00BF8D
:10A8500000BFFEE70EB9206C08B9012000E000201F
:10A8600050B900BF502080F31188BFF34F8FBFF362
:10A870006F8F00BF00BFFEE700F062F908B90598CE
:10A8800008B9012000E0002050B900BF502080F33B
:10A890001188BFF34F8FBFF36F8F00BF00BFFEE77C
:10A8A00000BFFFF76BFAA76BF7B131462046FEF702
:10A8B0002DFD781EA063206908B9012000E000206A
:10A8C00060B904F1100000F045FA38B14FF0805043
:10A8D0002F490860BFF34F8FBFF36F8FFFF778FAF0
:10A8E000012006B0BDE8F081059818B9FFF770FAAD
:10A8F0000020F6E7B8F1000F04D101A8FFF792FBA2
:10A900004FF00108FFF764FAFFF736FCFFF736FA5D
:10A9100094F94400401C10B9002084F8440094F9D4
:10A920004500401C10B9002084F84500FFF750FA9C
:10A9300005A901A800F02EF8F0B92046FEF7D0FED8
:10A94000A0B104F124000599FFF77EFB2046FFF734
:10A95000B8F800F04BFA0028A3D14FF080500C4912
:10A960000860BFF34F8FBFF36F8F9AE72046FFF762
:10A97000A8F800F03BFA94E72046FFF7A2F800F0B1
:10A9800035FA2046FEF7ACFE00288AD00020A8E762
:10A9900004ED00E070B505460C4655B900BF5020E7
:10A9A00080F31188BFF34F8FBFF36F8F00BF00BFDD
:10A9B000FEE754B900BF502080F31188BFF34F8FDA
:10A9C000BFF36F8F00BF00BFFEE7FFF7D7F9124854
:10A9D00002686868131A2068401C08B9002617E04E
:10A9E0000E4928680968884204D06868904201D8F6
:10A9F00001260DE02068984207D92068C01A20601F
:10AA00002846FFF70FFB002602E000202060012609
:10AA1000FFF7DEF9304670BD70000024840000248A
:10AA20002DE9FF4F85B0804689461746DDE912AB18
:10AA3000B800FFF785F8064656B15C20FFF780F8AE
:10AA400004460CB1266304E03046FFF7DFF900E06E
:10AA500000248CB1002084F85900CDE900ABCDE989
:10AA600002403A4649464046089BFEF746FD2046CE
:10AA7000FEF792FB012501E04FF0FF35284609B0B3
:10AA8000BDE8F08F2DE9F04F85B007468846914626
:10AA90009A46DDE90EB6109C0EB1012000E00020C0
:10AAA00050B900BF502080F31188BFF34F8FBFF320
:10AAB0006F8F00BF00BFFEE70CB1012000E0002057
:10AAC00050B900BF502080F31188BFF34F8FBFF300
:10AAD0006F8F00BF00BFFEE75C20039003985C28E7
:10AAE00001D1012000E0002050B900BF502080F3C8
:10AAF0001188BFF34F8FBFF36F8F00BF00BFFEE71A
:10AB000000BFB4B1AEB125462C462E63022085F8B5
:10AB10005900002004A953464A46CDE900B1CDE9C9
:10AB2000025041463846FEF7E8FC2846FEF734FB63
:10AB300001E000200490049805B0BDE8F08F00000B
:10AB40000549096809B9012005E00449096809B9FE
:10AB5000022000E0002070477800002494000024C8
:10AB60000149086870470000700000242DE9F04199
:10AB70004FF000084348006800287BD14248006835
:10AB8000451C4148056015BB40480068006808B98D
:10AB9000012000E0002050B900BF502080F3118850
:10ABA000BFF34F8FBFF36F8F00BF00BFFEE7374883
:10ABB00007683748006835490860354807603548F8
:10ABC0000068401C33490860FEF7CCFE00BF3248E5
:10ABD000006885423BD300BF2C480068006808B974
:10ABE000012000E0002020B14FF0FF302A4908602A
:10ABF0002CE026480068C068C4686668B54202D286
:10AC00002548066022E0201DFFF756F8A06A18B11B
:10AC100004F11800FFF750F82049E06A09688842FB
:10AC200002D91E49E06A0860E16A01EB81011C4A11
:10AC300002EB8100211DFFF795F81A49E06A0968C7
:10AC4000C96A8842C8D34FF00108C5E700BF15485C
:10AC50000068C06A00EB8000114951F8200001280B
:10AC600001D94FF001081048006808B14FF0010801
:10AC700005E0FFE70D480068401C0C4908604046AD
:10AC8000BDE8F081940000247000002460000024DE
:10AC900064000024840000248C000024740000243C
:10ACA000FC0400245C000024800000247C000024BC
:10ACB00070B505462C460026002D43D0224800687A
:10ACC000844201D1012000E0002050B900BF502093
:10ACD00080F31188BFF34F8FBFF36F8F00BF00BFAA
:10ACE000FEE7206D50B900BF502080F31188BFF3FC
:10ACF0004F8FBFF36F8F00BF00BFFEE7206D401E78
:10AD00002065E16CE06A88421CD0206DD0B9201D1E
:10AD1000FEF7D2FFE06CE062E06AC0F13800A061AB
:10AD20000A49E06A0968884202D90849E06A08606D
:10AD3000E16A01EB8101064A02EB8100211DFFF768
:10AD400011F80126304670BD5C0000247400002418
:10AD5000FC04002470B50646F068C46854B900BF0E
:10AD6000502080F31188BFF34F8FBFF36F8F00BF68
:10AD700000BFFEE704F11800FEF79EFF15480068CB
:10AD8000A0B9201DFEF798FF1349E06A09688842C0
:10AD900002D91149E06A0860E16A01EB81010F4ABA
:10ADA00002EB8100211DFEF7DDFF04E004F1180134
:10ADB0000B48FEF7D7FF0B49E06A0968C96A884269
:10ADC00004D9012501200849086000E00025284633
:10ADD00070BD00009400002474000024FC040024D2
:10ADE000840900245C0000248000002470B5002445
:10ADF00000263648006850B900BF502080F3118803
:10AE0000BFF34F8FBFF36F8F00BF00BFFEE7FEF7AA
:10AE1000B5FF2E480068401E2C49086008460068AF
:10AE200000284ED12A48006800284AD023E029484B
:10AE3000C068C46804F11800FEF73EFF201DFEF74D
:10AE40003BFF2549E06A0968884202D92249E06A45
:10AE50000860E16A01EB8101204A02EB8100211DBB
:10AE6000FEF780FF1E49E06A0968C96A884202D37A
:10AE700001201C4908601748006808B9012000E05B
:10AE800000200028D3D00CB1FEF76CFD16480568F1
:10AE900065B100BFFFF76AFE10B1012011490860DB
:10AEA0006D1E002DF6D100200F4908600D48006886
:10AEB00038B1012630070D490860BFF34F8FBFF34B
:10AEC0006F8FFEF785FF304670BD000094000024B0
:10AED0006C0000248409002474000024FC04002475
:10AEE0005C000024800000247C00002404ED00E0CD
:10AEF00010B586B00024FEF7ABF916480068D0B153
:10AF000000200590049003AA04A905A8FEF7F4FE0A
:10AF10000222DDE904100023CDE9002102900EA1F8
:10AF20000F48039AFFF7AEFD0E4908600846006817
:10AF300000B1012400BF54B900BF502080F3118834
:10AF4000BFF34F8FBFF36F8F00BF00BFFEE72046F8
:10AF500006B010BDA0000024546D7220537663002B
:10AF6000A99A0008A40000242DE9FF4704460D46D5
:10AF700016461F46DDF830804FF0000954B900BF77
:10AF8000502080F31188BFF34F8FBFF36F8F00BF46
:10AF900000BFFEE71448006810B3009501960294C4
:10AFA000062D15DAFFF7CCFD022808D10023424612
:10AFB00069460D480068FFF7E7FA814610E0002374
:10AFC0001A46694608480068FFF7DEFA814607E03E
:10AFD00000233A46694604480068FFF7A9FB81460A
:10AFE000484604B0BDE8F087A00000244FF0407050
:10AFF000E1EE100A704700000038EB45008027445E
:10B0000000B8EA4500A05745F8B10008000000006C
:10B01000000000000000000000000000000200002E
:10B0200018000000000000000000000030B200081E
:10B030000000000000000000000000000000000010
:10B04000000200000A0000000000000000000000F4
:10B0500040B20008000000000000000000000000F6
:10B0600000000000000800000D00000000000000CB
:10B070000000000050B200080000000000000000C6
:10B080000000000000000000000800000B000000AD
:10B09000000000000000000014B2000800000000E2
:10B0A000000000000000000000000000000400009C
:10B0B0000E000000000000000000000004B20008C4
:10B0C0000000000000000000000000000000000080
:10B0D000000800000C00000000000000000000005C
:10B0E00020B2000800000000000000000000000086
:10B0F00000000000000800000D000000000000003B
:10B10000000000005CB20008000000000000000029
:10B110000000000000000000000200000F0000001E
:10B1200000000000000000006CB2000800000000F9
:10B13000000000000000000000000000000200000D
:10B140000F00000000000000000000009CB200089A
:10B1500000000000000000000000000000000000EF
:10B16000000200000F0000000000000000000000CE
:10B170008CB2000800000000000000000000000089
:10B1800000000000000200000F00000000000000AE
:10B19000000000007CB20008000000000000000079
:10B1A0000000000000000000000200000F0000008E
:10B1B0000000000000000000000610160006101637
:10B1C000010002000400060008000A000C00100044
:10B1D0002000400080000001010101030701000080
:10B1E0000804020408010101000000000102030438
:10B1F000010203040607080964656661756C7454EE
:10B2000061736B00436F72726573706F6E645F740D
:10B2100061736B0047756172645F7461736B0000EA
:10B220004D6573736167655F7461736B0000000047
:10B2300052544F5373797374656D5F7461736B000F
:10B24000436861737369735F7461736B000000001E
:10B250005549447261775F7461736B0043414E31AD
:10B260005F52785F7461736B0000000043414E329F
:10B270005F52785F7461736B000000004452313696
:10B280005F52785F7461736B000000005265666501
:10B290007265655F52785F7461736B0053657269A4
:10B2A000616C5F52785F7461736B0000E0B20008FC
:10B2B00000000024E400000008030008C4B30008F4
:10B2C000E4000024FC5D00002403000865DCFFFFAF
:10B2D000A1DCFFFF7DDCFFFF89DBFFFFF9DBFFFF68
:10B2E000000000000000000000000000000000005E
:10B2F000000000000000000000000000000000004E
:10B30000000000000000000000000000000000003D
:10B31000000000000000000000000000000000002D
:10B32000000000000000000000000000100000000D
:10B33000010000000090D0030090D0030000000046
:10B3400000000000000000000000000000000000FD
:10B3500000000000000000000000000000000000ED
:10B3600000000000000000000000000000000000DD
:10B3700000000000000000000000000000000000CD
:10B3800000000000000000000000000000000000BD
:10B3900000000000000000000000000000000000AD
:10B3A000000000000000000000000000000000009D
:10B3B000AAAAAAAA000000000000000000000000E5
:04B3C0000000000089
:04000005080002CD20
:00000001FF
